Week_Ending,T2M,T2M_MAX,T2M_MIN,PRECTOTCORR,RH2M,Year,state_alpha,unit_desc,Value
2005-04-17,14.665714285714284,22.38714285714286,7.052857142857143,0.4657142857142857,53.33142857142857,2005,TX,PCT PLANTED,64
2005-04-24,15.882857142857144,23.805714285714288,9.14857142857143,1.6557142857142857,48.66285714285714,2005,TX,PCT PLANTED,72
2005-05-01,14.35,23.09142857142857,5.821428571428571,0.1742857142857143,48.19,2005,TX,PCT EMERGED,65
2005-05-01,14.35,23.09142857142857,5.821428571428571,0.1742857142857143,48.19,2005,TX,PCT PLANTED,79
2005-05-08,13.622857142857145,19.875714285714285,8.102857142857143,0.94,67.49428571428571,2005,TX,PCT EMERGED,68
2005-05-08,13.622857142857145,19.875714285714285,8.102857142857143,0.94,67.49428571428571,2005,TX,PCT PLANTED,84
2005-05-15,19.948571428571427,27.552857142857142,12.957142857142856,4.268571428571429,55.52571428571429,2005,TX,PCT EMERGED,75
2005-05-15,19.948571428571427,27.552857142857142,12.957142857142856,4.268571428571429,55.52571428571429,2005,TX,PCT PLANTED,92
2005-05-22,23.86,32.38142857142857,15.244285714285716,0.0057142857142857,48.11285714285714,2005,TX,PCT EMERGED,80
2005-05-22,23.86,32.38142857142857,15.244285714285716,0.0057142857142857,48.11285714285714,2005,TX,PCT PLANTED,95
2005-05-29,21.93,28.17571428571429,15.89,2.637142857142857,61.03,2005,TX,PCT EMERGED,90
2005-06-05,22.20142857142857,29.424285714285716,14.80714285714286,5.281428571428571,60.59142857142857,2005,TX,PCT EMERGED,96
2005-06-26,26.525714285714287,34.182857142857145,18.527142857142856,0.0185714285714285,40.91857142857143,2005,TX,PCT SILKING,62
2005-07-03,28.58857142857143,36.47714285714286,20.58142857142857,1.534285714285714,42.74142857142857,2005,TX,PCT SILKING,66
2005-07-10,25.91714285714286,32.39714285714286,19.825714285714287,5.88,61.58285714285714,2005,TX,PCT DOUGH,60
2005-07-10,25.91714285714286,32.39714285714286,19.825714285714287,5.88,61.58285714285714,2005,TX,PCT SILKING,72
2005-07-17,27.09,33.81,20.16,0.3685714285714286,51.04857142857144,2005,TX,PCT DOUGH,62
2005-07-17,27.09,33.81,20.16,0.3685714285714286,51.04857142857144,2005,TX,PCT SILKING,80
2005-07-24,28.542857142857144,35.33142857142857,21.77285714285714,0.0028571428571428,47.68857142857143,2005,TX,PCT DOUGH,66
2005-07-24,28.542857142857144,35.33142857142857,21.77285714285714,0.0028571428571428,47.68857142857143,2005,TX,PCT SILKING,88
2005-07-31,25.20142857142857,32.81142857142857,17.997142857142855,1.5657142857142856,51.22857142857144,2005,TX,PCT DENTED,63
2005-07-31,25.20142857142857,32.81142857142857,17.997142857142855,1.5657142857142856,51.22857142857144,2005,TX,PCT DOUGH,74
2005-07-31,25.20142857142857,32.81142857142857,17.997142857142855,1.5657142857142856,51.22857142857144,2005,TX,PCT SILKING,94
2005-08-07,25.6,31.87714285714286,19.228571428571428,2.8814285714285712,54.81428571428571,2005,TX,PCT DENTED,66
2005-08-07,25.6,31.87714285714286,19.228571428571428,2.8814285714285712,54.81428571428571,2005,TX,PCT DOUGH,85
2005-08-07,25.6,31.87714285714286,19.228571428571428,2.8814285714285712,54.81428571428571,2005,TX,PCT SILKING,99
2005-08-14,24.487142857142857,30.554285714285715,18.735714285714288,6.2942857142857145,66.52571428571429,2005,TX,PCT DENTED,70
2005-08-14,24.487142857142857,30.554285714285715,18.735714285714288,6.2942857142857145,66.52571428571429,2005,TX,PCT DOUGH,91
2005-08-21,24.58857142857143,30.118571428571425,19.45142857142857,2.934285714285714,68.69285714285715,2005,TX,PCT DENTED,80
2005-08-21,24.58857142857143,30.118571428571425,19.45142857142857,2.934285714285714,68.69285714285715,2005,TX,PCT DOUGH,99
2005-08-21,24.58857142857143,30.118571428571425,19.45142857142857,2.934285714285714,68.69285714285715,2005,TX,PCT MATURE,66
2005-08-28,26.037142857142857,32.42,20.231428571428573,2.422857142857143,60.67142857142857,2005,TX,PCT DENTED,89
2005-08-28,26.037142857142857,32.42,20.231428571428573,2.422857142857143,60.67142857142857,2005,TX,PCT DOUGH,99
2005-08-28,26.037142857142857,32.42,20.231428571428573,2.422857142857143,60.67142857142857,2005,TX,PCT MATURE,68
2005-09-04,24.31714285714286,31.594285714285714,17.29714285714286,0.0742857142857142,52.09857142857143,2005,TX,PCT DENTED,92
2005-09-04,24.31714285714286,31.594285714285714,17.29714285714286,0.0742857142857142,52.09857142857143,2005,TX,PCT DOUGH,99
2005-09-04,24.31714285714286,31.594285714285714,17.29714285714286,0.0742857142857142,52.09857142857143,2005,TX,PCT MATURE,72
2005-09-11,24.40571428571429,30.84,18.374285714285715,1.2214285714285715,53.96428571428572,2005,TX,PCT DENTED,95
2005-09-11,24.40571428571429,30.84,18.374285714285715,1.2214285714285715,53.96428571428572,2005,TX,PCT MATURE,77
2005-09-11,24.40571428571429,30.84,18.374285714285715,1.2214285714285715,53.96428571428572,2005,TX,PCT HARVESTED,65
2005-09-18,24.43857142857143,32.371428571428574,17.59714285714286,1.8185714285714287,57.16571428571428,2005,TX,PCT DENTED,97
2005-09-18,24.43857142857143,32.371428571428574,17.59714285714286,1.8185714285714287,57.16571428571428,2005,TX,PCT MATURE,83
2005-09-18,24.43857142857143,32.371428571428574,17.59714285714286,1.8185714285714287,57.16571428571428,2005,TX,PCT HARVESTED,69
2005-09-25,25.722857142857144,34.511428571428574,18.208571428571428,0.0,44.07,2005,TX,PCT MATURE,90
2005-09-25,25.722857142857144,34.511428571428574,18.208571428571428,0.0,44.07,2005,TX,PCT HARVESTED,73
2005-10-02,21.474285714285717,29.731428571428573,14.108571428571429,0.1857142857142857,47.99142857142857,2005,TX,PCT MATURE,94
2005-10-02,21.474285714285717,29.731428571428573,14.108571428571429,0.1857142857142857,47.99142857142857,2005,TX,PCT HARVESTED,81
2005-10-09,16.952857142857145,23.75714285714286,10.757142857142856,5.338571428571428,65.54571428571428,2005,TX,PCT MATURE,96
2005-10-09,16.952857142857145,23.75714285714286,10.757142857142856,5.338571428571428,65.54571428571428,2005,TX,PCT HARVESTED,86
2005-10-16,15.351428571428572,22.434285714285718,9.082857142857142,1.0371428571428571,68.48857142857143,2005,TX,PCT HARVESTED,91
2005-10-23,16.184285714285714,24.435714285714287,9.254285714285714,0.1328571428571428,52.94142857142857,2005,TX,PCT HARVESTED,93
2005-10-30,13.165714285714284,21.03,6.788571428571428,0.6357142857142858,64.18428571428572,2005,TX,PCT HARVESTED,95
2005-11-06,14.398571428571428,23.935714285714287,7.109999999999999,0.0014285714285714,43.16,2005,TX,PCT HARVESTED,97
2005-11-13,13.258571428571427,22.08142857142857,6.344285714285715,0.0,46.83,2005,TX,PCT HARVESTED,98
2006-04-09,15.65,23.664285714285715,7.228571428571429,0.0,38.26285714285715,2006,TX,PCT PLANTED,64
2006-04-16,21.73,30.915714285714284,12.975714285714286,0.0028571428571428,34.62428571428571,2006,TX,PCT PLANTED,68
2006-04-23,18.865714285714287,27.962857142857143,10.72,2.487142857142857,40.81,2006,TX,PCT PLANTED,72
2006-04-30,16.815714285714286,25.398571428571422,8.201428571428572,0.2842857142857143,44.52285714285714,2006,TX,PCT EMERGED,62
2006-04-30,16.815714285714286,25.398571428571422,8.201428571428572,0.2842857142857143,44.52285714285714,2006,TX,PCT PLANTED,80
2006-05-07,19.6,27.33857142857143,12.662857142857144,2.89,60.441428571428574,2006,TX,PCT EMERGED,64
2006-05-07,19.6,27.33857142857143,12.662857142857144,2.89,60.441428571428574,2006,TX,PCT PLANTED,91
2006-05-14,20.83142857142857,29.705714285714286,11.95,0.0728571428571428,38.12285714285714,2006,TX,PCT EMERGED,77
2006-05-14,20.83142857142857,29.705714285714286,11.95,0.0728571428571428,38.12285714285714,2006,TX,PCT PLANTED,96
2006-05-21,24.10428571428572,33.27428571428572,14.598571428571429,0.1871428571428571,32.79571428571428,2006,TX,PCT EMERGED,88
2006-05-21,24.10428571428572,33.27428571428572,14.598571428571429,0.1871428571428571,32.79571428571428,2006,TX,PCT PLANTED,98
2006-05-28,27.445714285714285,36.06142857142857,19.08857142857143,1.522857142857143,35.86714285714286,2006,TX,PCT EMERGED,93
2006-05-28,27.445714285714285,36.06142857142857,19.08857142857143,1.522857142857143,35.86714285714286,2006,TX,PCT PLANTED,99
2006-06-04,24.90428571428572,32.480000000000004,16.92142857142857,3.0742857142857143,47.24857142857143,2006,TX,PCT EMERGED,98
2006-06-11,28.678571428571427,37.31857142857143,19.91142857142857,0.0571428571428571,29.898571428571437,2006,TX,PCT EMERGED,99
2006-06-25,26.77,33.92142857142857,19.305714285714284,3.0700000000000003,48.66142857142857,2006,TX,PCT SILKING,63
2006-07-02,25.027142857142856,31.56857142857143,17.52857142857143,0.12,43.08285714285714,2006,TX,PCT SILKING,69
2006-07-09,26.801428571428573,33.13,19.891428571428573,1.104285714285714,48.00571428571429,2006,TX,PCT SILKING,72
2006-07-16,30.22142857142857,37.26714285714286,22.854285714285712,1.3557142857142856,39.75142857142857,2006,TX,PCT DOUGH,56
2006-07-16,30.22142857142857,37.26714285714286,22.854285714285712,1.3557142857142856,39.75142857142857,2006,TX,PCT SILKING,89
2006-07-23,30.762857142857143,37.90285714285714,23.208571428571428,0.0057142857142857,32.33857142857143,2006,TX,PCT DOUGH,69
2006-07-23,30.762857142857143,37.90285714285714,23.208571428571428,0.0057142857142857,32.33857142857143,2006,TX,PCT SILKING,93
2006-07-30,29.204285714285717,36.11714285714286,22.65142857142857,1.7257142857142858,41.97714285714286,2006,TX,PCT DENTED,65
2006-07-30,29.204285714285717,36.11714285714286,22.65142857142857,1.7257142857142858,41.97714285714286,2006,TX,PCT DOUGH,85
2006-07-30,29.204285714285717,36.11714285714286,22.65142857142857,1.7257142857142858,41.97714285714286,2006,TX,PCT SILKING,98
2006-08-06,27.08285714285714,33.191428571428574,21.110000000000003,1.5142857142857142,52.42142857142857,2006,TX,PCT DENTED,71
2006-08-06,27.08285714285714,33.191428571428574,21.110000000000003,1.5142857142857142,52.42142857142857,2006,TX,PCT DOUGH,92
2006-08-06,27.08285714285714,33.191428571428574,21.110000000000003,1.5142857142857142,52.42142857142857,2006,TX,PCT SILKING,99
2006-08-13,28.337142857142855,34.71714285714285,22.231428571428573,1.0242857142857142,47.19,2006,TX,PCT DENTED,85
2006-08-13,28.337142857142855,34.71714285714285,22.231428571428573,1.0242857142857142,47.19,2006,TX,PCT DOUGH,97
2006-08-20,25.37857142857143,30.31,20.72,5.357142857142857,65.57142857142857,2006,TX,PCT DENTED,89
2006-08-20,25.37857142857143,30.31,20.72,5.357142857142857,65.57142857142857,2006,TX,PCT DOUGH,98
2006-08-20,25.37857142857143,30.31,20.72,5.357142857142857,65.57142857142857,2006,TX,PCT MATURE,67
2006-08-27,25.647142857142857,31.06714285714286,20.705714285714286,4.235714285714286,64.67999999999999,2006,TX,PCT DENTED,91
2006-08-27,25.647142857142857,31.06714285714286,20.705714285714286,4.235714285714286,64.67999999999999,2006,TX,PCT DOUGH,99
2006-08-27,25.647142857142857,31.06714285714286,20.705714285714286,4.235714285714286,64.67999999999999,2006,TX,PCT MATURE,70
2006-09-03,21.374285714285715,26.24857142857143,16.28142857142857,9.86,70.65285714285714,2006,TX,PCT DENTED,98
2006-09-03,21.374285714285715,26.24857142857143,16.28142857142857,9.86,70.65285714285714,2006,TX,PCT DOUGH,100
2006-09-03,21.374285714285715,26.24857142857143,16.28142857142857,9.86,70.65285714285714,2006,TX,PCT MATURE,72
2006-09-10,19.345714285714287,24.592857142857145,14.624285714285715,4.411428571428571,73.40428571428572,2006,TX,PCT DENTED,99
2006-09-10,19.345714285714287,24.592857142857145,14.624285714285715,4.411428571428571,73.40428571428572,2006,TX,PCT MATURE,85
2006-09-10,19.345714285714287,24.592857142857145,14.624285714285715,4.411428571428571,73.40428571428572,2006,TX,PCT HARVESTED,69
2006-09-17,21.024285714285718,26.768571428571427,15.260000000000002,2.402857142857143,68.79428571428572,2006,TX,PCT DENTED,99
2006-09-17,21.024285714285718,26.768571428571427,15.260000000000002,2.402857142857143,68.79428571428572,2006,TX,PCT MATURE,86
2006-09-17,21.024285714285718,26.768571428571427,15.260000000000002,2.402857142857143,68.79428571428572,2006,TX,PCT HARVESTED,70
2006-09-24,18.208571428571428,25.974285714285717,10.957142857142856,0.1842857142857143,44.96,2006,TX,PCT MATURE,96
2006-09-24,18.208571428571428,25.974285714285717,10.957142857142856,0.1842857142857143,44.96,2006,TX,PCT HARVESTED,71
2006-10-01,19.947142857142858,29.024285714285718,12.085714285714284,0.0028571428571428,44.78000000000001,2006,TX,PCT MATURE,99
2006-10-01,19.947142857142858,29.024285714285718,12.085714285714284,0.0028571428571428,44.78000000000001,2006,TX,PCT HARVESTED,73
2006-10-08,21.90142857142857,28.882857142857144,15.665714285714284,1.542857142857143,58.18142857142857,2006,TX,PCT MATURE,100
2006-10-08,21.90142857142857,28.882857142857144,15.665714285714284,1.542857142857143,58.18142857142857,2006,TX,PCT HARVESTED,88
2006-10-15,13.945714285714288,20.072857142857146,8.678571428571429,7.071428571428571,73.90285714285713,2006,TX,PCT HARVESTED,94
2006-10-22,11.825714285714286,19.09857142857143,5.268571428571429,0.6614285714285714,59.752857142857145,2006,TX,PCT HARVESTED,97
2006-10-29,12.765714285714283,21.154285714285717,6.091428571428572,0.0385714285714285,52.45285714285715,2006,TX,PCT HARVESTED,98
2006-11-05,9.491428571428573,16.757142857142856,3.59,0.0557142857142857,59.74571428571429,2006,TX,PCT HARVESTED,99
2006-11-12,12.53857142857143,22.08285714285714,5.328571428571428,0.0014285714285714,50.75571428571429,2006,TX,PCT HARVESTED,100
2006-11-19,8.638571428571428,17.21142857142857,1.55,0.0,48.26285714285715,2006,TX,PCT HARVESTED,100
2006-11-26,10.842857142857143,19.532857142857143,4.357142857142857,0.0,52.82857142857142,2006,TX,PCT HARVESTED,100
2007-04-08,7.3028571428571425,13.685714285714283,1.2085714285714284,0.52,60.98428571428571,2007,TX,PCT PLANTED,59
2007-04-15,10.81857142857143,20.14428571428571,2.125714285714286,1.3257142857142856,56.67428571428571,2007,TX,PCT PLANTED,67
2007-04-22,15.327142857142857,23.49285714285714,7.434285714285714,1.9071428571428568,59.32571428571429,2007,TX,PCT EMERGED,65
2007-04-22,15.327142857142857,23.49285714285714,7.434285714285714,1.9071428571428568,59.32571428571429,2007,TX,PCT PLANTED,68
2007-04-29,16.251428571428573,24.142857142857142,8.651428571428571,0.8571428571428571,54.49142857142857,2007,TX,PCT EMERGED,66
2007-04-29,16.251428571428573,24.142857142857142,8.651428571428571,0.8571428571428571,54.49142857142857,2007,TX,PCT PLANTED,70
2007-05-06,19.167142857142856,26.93142857142857,11.764285714285714,1.522857142857143,58.13428571428572,2007,TX,PCT EMERGED,68
2007-05-06,19.167142857142856,26.93142857142857,11.764285714285714,1.522857142857143,58.13428571428572,2007,TX,PCT PLANTED,82
2007-05-13,16.907142857142855,23.07857142857143,10.76142857142857,8.061428571428571,69.97,2007,TX,PCT EMERGED,72
2007-05-13,16.907142857142855,23.07857142857143,10.76142857142857,8.061428571428571,69.97,2007,TX,PCT PLANTED,92
2007-05-20,16.81714285714286,22.027142857142856,11.79857142857143,3.052857142857143,70.95,2007,TX,PCT EMERGED,79
2007-05-20,16.81714285714286,22.027142857142856,11.79857142857143,3.052857142857143,70.95,2007,TX,PCT PLANTED,97
2007-05-27,19.56142857142857,25.042857142857144,14.154285714285717,1.5942857142857143,69.25142857142858,2007,TX,PCT EMERGED,90
2007-05-27,19.56142857142857,25.042857142857144,14.154285714285717,1.5942857142857143,69.25142857142858,2007,TX,PCT PLANTED,98
2007-06-03,20.72142857142857,26.79,14.882857142857144,6.691428571428572,71.76,2007,TX,PCT EMERGED,98
2007-06-10,21.814285714285717,28.86285714285714,14.468571428571428,3.5885714285714285,58.45428571428572,2007,TX,PCT EMERGED,99
2007-06-24,25.15,31.714285714285715,18.457142857142856,2.6685714285714286,64.53999999999999,2007,TX,PCT SILKING,59
2007-07-01,23.481428571428573,29.83,17.46,1.8442857142857143,67.89285714285714,2007,TX,PCT SILKING,61
2007-07-08,24.687142857142856,30.882857142857144,18.48,1.3342857142857143,64.1842857142857,2007,TX,PCT SILKING,63
2007-07-15,25.59,31.85428571428572,19.415714285714284,4.1085714285714285,62.59,2007,TX,PCT DOUGH,53
2007-07-15,25.59,31.85428571428572,19.415714285714284,4.1085714285714285,62.59,2007,TX,PCT SILKING,75
2007-07-22,25.03142857142857,30.95142857142857,18.74142857142857,0.1385714285714285,61.10857142857143,2007,TX,PCT DOUGH,60
2007-07-22,25.03142857142857,30.95142857142857,18.74142857142857,0.1385714285714285,61.10857142857143,2007,TX,PCT SILKING,91
2007-07-29,24.552857142857142,30.715714285714284,18.422857142857143,0.8828571428571428,61.97714285714285,2007,TX,PCT DENTED,57
2007-07-29,24.552857142857142,30.715714285714284,18.422857142857143,0.8828571428571428,61.97714285714285,2007,TX,PCT DOUGH,66
2007-07-29,24.552857142857142,30.715714285714284,18.422857142857143,0.8828571428571428,61.97714285714285,2007,TX,PCT SILKING,97
2007-08-05,24.68285714285714,30.138571428571428,19.454285714285717,2.9585714285714286,71.18142857142857,2007,TX,PCT DENTED,59
2007-08-05,24.68285714285714,30.138571428571428,19.454285714285717,2.9585714285714286,71.18142857142857,2007,TX,PCT DOUGH,70
2007-08-05,24.68285714285714,30.138571428571428,19.454285714285717,2.9585714285714286,71.18142857142857,2007,TX,PCT SILKING,98
2007-08-12,27.924285714285716,35.32714285714285,20.79,0.0328571428571428,53.675714285714285,2007,TX,PCT DENTED,65
2007-08-12,27.924285714285716,35.32714285714285,20.79,0.0328571428571428,53.675714285714285,2007,TX,PCT DOUGH,79
2007-08-19,26.10571428571429,33.041428571428575,19.881428571428568,2.5085714285714285,56.815714285714286,2007,TX,PCT DENTED,79
2007-08-19,26.10571428571429,33.041428571428575,19.881428571428568,2.5085714285714285,56.815714285714286,2007,TX,PCT DOUGH,86
2007-08-19,26.10571428571429,33.041428571428575,19.881428571428568,2.5085714285714285,56.815714285714286,2007,TX,PCT MATURE,59
2007-08-26,25.974285714285717,32.431428571428576,20.548571428571428,1.6771428571428575,65.52571428571429,2007,TX,PCT DENTED,87
2007-08-26,25.974285714285717,32.431428571428576,20.548571428571428,1.6771428571428575,65.52571428571429,2007,TX,PCT DOUGH,97
2007-08-26,25.974285714285717,32.431428571428576,20.548571428571428,1.6771428571428575,65.52571428571429,2007,TX,PCT MATURE,61
2007-09-02,24.321428571428573,30.787142857142857,18.452857142857145,0.7785714285714286,61.82142857142857,2007,TX,PCT DENTED,99
2007-09-02,24.321428571428573,30.787142857142857,18.452857142857145,0.7785714285714286,61.82142857142857,2007,TX,PCT DOUGH,100
2007-09-02,24.321428571428573,30.787142857142857,18.452857142857145,0.7785714285714286,61.82142857142857,2007,TX,PCT MATURE,75
2007-09-09,23.882857142857144,30.381428571428568,18.31,6.307142857142857,70.53857142857143,2007,TX,PCT DENTED,100
2007-09-09,23.882857142857144,30.381428571428568,18.31,6.307142857142857,70.53857142857143,2007,TX,PCT MATURE,80
2007-09-09,23.882857142857144,30.381428571428568,18.31,6.307142857142857,70.53857142857143,2007,TX,PCT HARVESTED,65
2007-09-16,21.184285714285718,28.192857142857143,14.634285714285712,0.3257142857142857,66.21428571428571,2007,TX,PCT DENTED,100
2007-09-16,21.184285714285718,28.192857142857143,14.634285714285712,0.3257142857142857,66.21428571428571,2007,TX,PCT MATURE,85
2007-09-16,21.184285714285718,28.192857142857143,14.634285714285712,0.3257142857142857,66.21428571428571,2007,TX,PCT HARVESTED,70
2007-09-23,23.90142857142857,30.295714285714286,18.107142857142858,0.6714285714285715,64.32285714285715,2007,TX,PCT MATURE,95
2007-09-23,23.90142857142857,30.295714285714286,18.107142857142858,0.6714285714285715,64.32285714285715,2007,TX,PCT HARVESTED,80
2007-09-30,22.164285714285715,28.90714285714285,15.81,1.8285714285714283,62.93571428571429,2007,TX,PCT MATURE,100
2007-09-30,22.164285714285715,28.90714285714285,15.81,1.8285714285714283,62.93571428571429,2007,TX,PCT HARVESTED,90
2007-10-07,23.16142857142857,30.74714285714285,16.19,0.2699999999999999,55.42857142857143,2007,TX,PCT MATURE,100
2007-10-07,23.16142857142857,30.74714285714285,16.19,0.2699999999999999,55.42857142857143,2007,TX,PCT HARVESTED,91
2007-10-14,19.754285714285714,28.212857142857143,12.782857142857145,0.3685714285714285,52.87428571428571,2007,TX,PCT HARVESTED,92
2007-10-21,16.444285714285716,24.90142857142857,8.741428571428571,0.0642857142857142,41.892857142857146,2007,TX,PCT HARVESTED,93
2007-10-28,12.01142857142857,21.178571428571427,4.917142857142857,0.0071428571428571,45.705714285714286,2007,TX,PCT HARVESTED,97
2007-11-04,12.418571428571427,21.454285714285717,5.1000000000000005,0.0,47.67714285714286,2007,TX,PCT HARVESTED,99
2007-11-11,12.375714285714285,21.417142857142856,4.688571428571429,0.0,46.61857142857143,2007,TX,PCT HARVESTED,100
2007-11-18,12.444285714285714,20.86428571428572,5.712857142857144,0.0,46.81571428571429,2007,TX,PCT HARVESTED,100
2008-04-13,12.188571428571429,20.41857142857143,4.44,1.8414285714285712,45.15428571428571,2008,TX,PCT PLANTED,59
2008-04-20,16.472857142857144,26.98428571428571,6.244285714285715,0.0057142857142857,30.321428571428573,2008,TX,PCT PLANTED,62
2008-04-27,17.352857142857143,25.84714285714286,9.098571428571429,1.1042857142857143,36.862857142857145,2008,TX,PCT PLANTED,66
2008-05-04,17.745714285714286,27.734285714285715,7.188571428571429,0.0,22.214285714285715,2008,TX,PCT EMERGED,60
2008-05-04,17.745714285714286,27.734285714285715,7.188571428571429,0.0,22.214285714285715,2008,TX,PCT PLANTED,72
2008-05-11,18.11142857142857,25.27857142857143,10.98857142857143,9.574285714285711,57.675714285714285,2008,TX,PCT EMERGED,68
2008-05-11,18.11142857142857,25.27857142857143,10.98857142857143,9.574285714285711,57.675714285714285,2008,TX,PCT PLANTED,85
2008-05-18,17.79285714285714,25.268571428571427,10.105714285714283,2.485714285714286,48.56571428571429,2008,TX,PCT EMERGED,80
2008-05-18,17.79285714285714,25.268571428571427,10.105714285714283,2.485714285714286,48.56571428571429,2008,TX,PCT PLANTED,94
2008-05-25,25.042857142857144,33.74,15.8,0.0357142857142857,35.06142857142857,2008,TX,PCT EMERGED,90
2008-05-25,25.042857142857144,33.74,15.8,0.0357142857142857,35.06142857142857,2008,TX,PCT PLANTED,97
2008-06-01,26.49714285714285,34.958571428571425,18.01,1.1985714285714284,43.2,2008,TX,PCT EMERGED,96
2008-06-01,26.49714285714285,34.958571428571425,18.01,1.1985714285714284,43.2,2008,TX,PCT PLANTED,99
2008-06-08,28.57,37.0,19.63142857142857,0.2371428571428571,29.93428571428572,2008,TX,PCT EMERGED,99
2008-06-15,28.462857142857143,37.00142857142857,19.78142857142857,0.3885714285714286,37.92142857142857,2008,TX,PCT EMERGED,100
2008-06-22,26.517142857142854,33.971428571428575,19.077142857142857,3.9785714285714286,49.01142857142857,2008,TX,PCT SILKING,56
2008-06-29,26.65,33.75,19.58428571428572,4.62,49.46857142857142,2008,TX,PCT SILKING,59
2008-07-06,25.5,31.80142857142857,18.38,1.0385714285714285,52.77,2008,TX,PCT SILKING,60
2008-07-13,25.24285714285714,30.707142857142856,19.77,2.6699999999999995,57.60000000000001,2008,TX,PCT SILKING,70
2008-07-20,24.927142857142854,30.49571428571429,19.84857142857143,2.891428571428571,61.66285714285714,2008,TX,PCT SILKING,78
2008-07-27,27.684285714285718,34.27428571428572,20.68285714285714,0.0471428571428571,46.855714285714285,2008,TX,PCT DOUGH,64
2008-07-27,27.684285714285718,34.27428571428572,20.68285714285714,0.0471428571428571,46.855714285714285,2008,TX,PCT SILKING,91
2008-08-03,28.535714285714285,36.15428571428571,21.094285714285714,0.8157142857142857,45.027142857142856,2008,TX,PCT DOUGH,69
2008-08-03,28.535714285714285,36.15428571428571,21.094285714285714,0.8157142857142857,45.027142857142856,2008,TX,PCT SILKING,95
2008-08-10,28.15571428571429,35.28285714285715,20.978571428571428,1.41,45.49857142857143,2008,TX,PCT DENTED,62
2008-08-10,28.15571428571429,35.28285714285715,20.978571428571428,1.41,45.49857142857143,2008,TX,PCT DOUGH,74
2008-08-10,28.15571428571429,35.28285714285715,20.978571428571428,1.41,45.49857142857143,2008,TX,PCT SILKING,97
2008-08-17,23.367142857142856,28.735714285714288,19.00142857142857,9.074285714285717,66.45857142857143,2008,TX,PCT DENTED,68
2008-08-17,23.367142857142856,28.735714285714288,19.00142857142857,9.074285714285717,66.45857142857143,2008,TX,PCT DOUGH,88
2008-08-17,23.367142857142856,28.735714285714288,19.00142857142857,9.074285714285717,66.45857142857143,2008,TX,PCT SILKING,98
2008-08-24,23.032857142857143,29.638571428571428,16.882857142857144,0.3985714285714286,66.02142857142857,2008,TX,PCT DENTED,82
2008-08-24,23.032857142857143,29.638571428571428,16.882857142857144,0.3985714285714286,66.02142857142857,2008,TX,PCT DOUGH,96
2008-08-31,23.822857142857146,28.77285714285714,18.872857142857143,1.4185714285714286,64.89571428571428,2008,TX,PCT DENTED,89
2008-08-31,23.822857142857146,28.77285714285714,18.872857142857143,1.4185714285714286,64.89571428571428,2008,TX,PCT DOUGH,97
2008-08-31,23.822857142857146,28.77285714285714,18.872857142857143,1.4185714285714286,64.89571428571428,2008,TX,PCT MATURE,65
2008-09-07,23.125714285714285,30.41,16.307142857142857,0.4671428571428571,55.63714285714286,2008,TX,PCT DENTED,90
2008-09-07,23.125714285714285,30.41,16.307142857142857,0.4671428571428571,55.63714285714286,2008,TX,PCT DOUGH,98
2008-09-07,23.125714285714285,30.41,16.307142857142857,0.4671428571428571,55.63714285714286,2008,TX,PCT MATURE,66
2008-09-14,18.872857142857143,23.807142857142857,14.637142857142855,15.727142857142857,80.19714285714285,2008,TX,PCT DENTED,95
2008-09-14,18.872857142857143,23.807142857142857,14.637142857142855,15.727142857142857,80.19714285714285,2008,TX,PCT DOUGH,99
2008-09-14,18.872857142857143,23.807142857142857,14.637142857142855,15.727142857142857,80.19714285714285,2008,TX,PCT MATURE,67
2008-09-21,17.908571428571427,25.314285714285717,10.922857142857143,0.0014285714285714,62.92,2008,TX,PCT DENTED,98
2008-09-21,17.908571428571427,25.314285714285717,10.922857142857143,0.0014285714285714,62.92,2008,TX,PCT MATURE,75
2008-09-21,17.908571428571427,25.314285714285717,10.922857142857143,0.0014285714285714,62.92,2008,TX,PCT HARVESTED,65
2008-09-28,20.285714285714285,28.01,13.382857142857144,0.0,58.37,2008,TX,PCT DENTED,98
2008-09-28,20.285714285714285,28.01,13.382857142857144,0.0,58.37,2008,TX,PCT MATURE,76
2008-09-28,20.285714285714285,28.01,13.382857142857144,0.0,58.37,2008,TX,PCT HARVESTED,66
2008-10-05,19.537142857142857,27.895714285714288,11.937142857142858,3.261428571428572,50.10857142857143,2008,TX,PCT MATURE,89
2008-10-05,19.537142857142857,27.895714285714288,11.937142857142858,3.261428571428572,50.10857142857143,2008,TX,PCT HARVESTED,68
2008-10-12,18.322857142857146,25.417142857142856,12.287142857142856,2.2085714285714286,63.80857142857143,2008,TX,PCT MATURE,93
2008-10-12,18.322857142857146,25.417142857142856,12.287142857142856,2.2085714285714286,63.80857142857143,2008,TX,PCT HARVESTED,76
2008-10-19,13.377142857142855,20.728571428571428,7.441428571428572,5.177142857142857,74.0942857142857,2008,TX,PCT MATURE,96
2008-10-19,13.377142857142855,20.728571428571428,7.441428571428572,5.177142857142857,74.0942857142857,2008,TX,PCT HARVESTED,77
2008-10-26,11.642857142857142,19.927142857142854,4.447142857142857,0.0528571428571428,55.11714285714286,2008,TX,PCT MATURE,99
2008-10-26,11.642857142857142,19.927142857142854,4.447142857142857,0.0528571428571428,55.11714285714286,2008,TX,PCT HARVESTED,78
2008-11-02,13.991428571428573,23.77142857142857,6.278571428571429,0.0,56.52285714285715,2008,TX,PCT HARVESTED,79
2008-11-09,11.68142857142857,20.172857142857143,4.55,0.0028571428571428,50.74857142857143,2008,TX,PCT HARVESTED,91
2008-11-16,8.955714285714285,17.240000000000002,1.9357142857142855,0.0171428571428571,51.35142857142857,2008,TX,PCT HARVESTED,97
2008-11-23,6.8342857142857145,16.39,0.0028571428571428,0.0,52.97428571428571,2008,TX,PCT HARVESTED,99
2009-04-12,12.20142857142857,20.78,3.361428571428572,2.0828571428571427,41.07857142857143,2009,TX,PCT PLANTED,59
2009-04-19,13.9,22.06,6.200000000000001,3.3114285714285714,47.62857142857143,2009,TX,PCT PLANTED,60
2009-04-26,20.768571428571427,30.787142857142857,11.257142857142856,0.0285714285714285,36.11571428571428,2009,TX,PCT PLANTED,74
2009-05-03,18.035714285714285,25.99857142857143,10.94285714285714,0.8271428571428572,54.80714285714286,2009,TX,PCT EMERGED,68
2009-05-03,18.035714285714285,25.99857142857143,10.94285714285714,0.8271428571428572,54.80714285714286,2009,TX,PCT PLANTED,75
2009-05-10,20.08,29.057142857142857,12.117142857142856,0.09,53.06142857142857,2009,TX,PCT EMERGED,69
2009-05-10,20.08,29.057142857142857,12.117142857142856,0.09,53.06142857142857,2009,TX,PCT PLANTED,80
2009-05-17,20.53142857142857,28.34,12.925714285714289,0.8314285714285715,51.08285714285714,2009,TX,PCT EMERGED,75
2009-05-17,20.53142857142857,28.34,12.925714285714289,0.8314285714285715,51.08285714285714,2009,TX,PCT PLANTED,94
2009-05-24,20.404285714285717,27.46857142857143,13.275714285714288,2.127142857142857,47.142857142857146,2009,TX,PCT EMERGED,86
2009-05-24,20.404285714285717,27.46857142857143,13.275714285714288,2.127142857142857,47.142857142857146,2009,TX,PCT PLANTED,97
2009-05-31,22.04142857142857,29.89,13.944285714285714,1.24,46.56285714285714,2009,TX,PCT EMERGED,88
2009-05-31,22.04142857142857,29.89,13.944285714285714,1.24,46.56285714285714,2009,TX,PCT PLANTED,98
2009-06-07,24.275714285714287,32.03,16.45714285714286,3.03,46.99428571428571,2009,TX,PCT EMERGED,97
2009-06-07,24.275714285714287,32.03,16.45714285714286,3.03,46.99428571428571,2009,TX,PCT PLANTED,100
2009-06-14,24.91,32.93,17.14857142857143,3.2928571428571423,42.70142857142857,2009,TX,PCT EMERGED,98
2009-06-28,28.09857142857143,34.72,20.91,1.6185714285714283,48.05857142857143,2009,TX,PCT SILKING,62
2009-07-05,25.35,31.107142857142858,19.708571428571428,3.5885714285714285,61.10714285714285,2009,TX,PCT SILKING,63
2009-07-12,29.08428571428572,37.05428571428571,20.872857142857143,0.8728571428571428,42.02428571428572,2009,TX,PCT SILKING,79
2009-07-19,28.818571428571428,36.30857142857143,21.25142857142857,2.0485714285714285,41.72857142857144,2009,TX,PCT SILKING,85
2009-07-26,25.68142857142857,32.43714285714286,19.36142857142857,2.527142857142857,53.49714285714286,2009,TX,PCT DOUGH,65
2009-07-26,25.68142857142857,32.43714285714286,19.36142857142857,2.527142857142857,53.49714285714286,2009,TX,PCT SILKING,92
2009-08-02,24.56714285714286,30.695714285714285,19.27285714285714,4.808571428571429,67.62571428571428,2009,TX,PCT DOUGH,75
2009-08-02,24.56714285714286,30.695714285714285,19.27285714285714,4.808571428571429,67.62571428571428,2009,TX,PCT SILKING,94
2009-08-09,28.95142857142857,36.58857142857143,21.42,0.1185714285714285,42.15,2009,TX,PCT DENTED,71
2009-08-09,28.95142857142857,36.58857142857143,21.42,0.1185714285714285,42.15,2009,TX,PCT DOUGH,85
2009-08-09,28.95142857142857,36.58857142857143,21.42,0.1185714285714285,42.15,2009,TX,PCT SILKING,97
2009-08-16,27.564285714285717,34.17857142857143,21.47714285714286,3.057142857142857,51.67285714285714,2009,TX,PCT DENTED,72
2009-08-16,27.564285714285717,34.17857142857143,21.47714285714286,3.057142857142857,51.67285714285714,2009,TX,PCT DOUGH,87
2009-08-16,27.564285714285717,34.17857142857143,21.47714285714286,3.057142857142857,51.67285714285714,2009,TX,PCT SILKING,98
2009-08-23,27.958571428571428,35.309999999999995,21.247142857142855,0.4414285714285714,43.23428571428571,2009,TX,PCT DENTED,81
2009-08-23,27.958571428571428,35.309999999999995,21.247142857142855,0.4414285714285714,43.23428571428571,2009,TX,PCT DOUGH,97
2009-08-30,25.877142857142854,33.11857142857143,19.33285714285714,1.0071428571428571,44.52571428571429,2009,TX,PCT DENTED,83
2009-08-30,25.877142857142854,33.11857142857143,19.33285714285714,1.0071428571428571,44.52571428571429,2009,TX,PCT DOUGH,98
2009-08-30,25.877142857142854,33.11857142857143,19.33285714285714,1.0071428571428571,44.52571428571429,2009,TX,PCT MATURE,70
2009-09-06,23.6,30.58142857142857,17.318571428571428,1.9085714285714288,55.75285714285714,2009,TX,PCT DENTED,91
2009-09-06,23.6,30.58142857142857,17.318571428571428,1.9085714285714288,55.75285714285714,2009,TX,PCT DOUGH,99
2009-09-06,23.6,30.58142857142857,17.318571428571428,1.9085714285714288,55.75285714285714,2009,TX,PCT MATURE,71
2009-09-13,21.45,26.35,17.291428571428572,4.058571428571429,72.39428571428572,2009,TX,PCT DENTED,95
2009-09-13,21.45,26.35,17.291428571428572,4.058571428571429,72.39428571428572,2009,TX,PCT DOUGH,100
2009-09-13,21.45,26.35,17.291428571428572,4.058571428571429,72.39428571428572,2009,TX,PCT MATURE,72
2009-09-20,20.044285714285717,26.95285714285714,14.062857142857142,0.0685714285714285,64.45571428571428,2009,TX,PCT DENTED,96
2009-09-20,20.044285714285717,26.95285714285714,14.062857142857142,0.0685714285714285,64.45571428571428,2009,TX,PCT DOUGH,100
2009-09-20,20.044285714285717,26.95285714285714,14.062857142857142,0.0685714285714285,64.45571428571428,2009,TX,PCT MATURE,73
2009-09-27,18.05,26.627142857142854,9.655714285714286,0.9171428571428571,48.10714285714285,2009,TX,PCT DENTED,100
2009-09-27,18.05,26.627142857142854,9.655714285714286,0.9171428571428571,48.10714285714285,2009,TX,PCT MATURE,79
2009-09-27,18.05,26.627142857142854,9.655714285714286,0.9171428571428571,48.10714285714285,2009,TX,PCT HARVESTED,70
2009-10-04,18.048571428571428,26.21857142857143,10.45,0.31,48.201428571428565,2009,TX,PCT DENTED,100
2009-10-04,18.048571428571428,26.21857142857143,10.45,0.31,48.201428571428565,2009,TX,PCT MATURE,92
2009-10-04,18.048571428571428,26.21857142857143,10.45,0.31,48.201428571428565,2009,TX,PCT HARVESTED,72
2009-10-11,13.915714285714284,21.07857142857143,7.092857142857143,1.042857142857143,65.71285714285715,2009,TX,PCT MATURE,97
2009-10-11,13.915714285714284,21.07857142857143,7.092857142857143,1.042857142857143,65.71285714285715,2009,TX,PCT HARVESTED,82
2009-10-18,17.56714285714286,26.582857142857144,10.43142857142857,0.0971428571428571,57.10857142857143,2009,TX,PCT MATURE,99
2009-10-18,17.56714285714286,26.582857142857144,10.43142857142857,0.0971428571428571,57.10857142857143,2009,TX,PCT HARVESTED,84
2009-10-25,14.178571428571429,22.37,7.148571428571429,1.7228571428571429,54.61,2009,TX,PCT MATURE,100
2009-10-25,14.178571428571429,22.37,7.148571428571429,1.7228571428571429,54.61,2009,TX,PCT HARVESTED,88
2009-11-01,9.067142857142857,17.635714285714286,1.907142857142857,1.0457142857142858,48.105714285714285,2009,TX,PCT MATURE,100
2009-11-01,9.067142857142857,17.635714285714286,1.907142857142857,1.0457142857142858,48.105714285714285,2009,TX,PCT HARVESTED,91
2009-11-08,13.89,23.835714285714285,6.398571428571429,0.0,53.87285714285714,2009,TX,PCT MATURE,100
2009-11-08,13.89,23.835714285714285,6.398571428571429,0.0,53.87285714285714,2009,TX,PCT HARVESTED,92
2009-11-15,13.742857142857144,21.305714285714284,7.78,0.09,62.388571428571424,2009,TX,PCT HARVESTED,97
2009-11-22,6.877142857142857,16.09714285714286,-0.1157142857142856,0.0,43.81428571428571,2009,TX,PCT HARVESTED,98
2009-11-29,6.875714285714285,16.345714285714287,-0.1571428571428571,0.4342857142857143,48.99571428571429,2009,TX,PCT HARVESTED,100
2009-12-06,-0.0228571428571428,5.83,-4.591428571428572,1.9085714285714288,63.03142857142857,2009,TX,PCT HARVESTED,100
2009-12-13,0.7542857142857144,9.251428571428573,-5.119999999999999,0.23,59.521428571428565,2009,TX,PCT HARVESTED,100
2009-12-20,4.991428571428571,13.18142857142857,-0.7842857142857144,0.0,57.74,2009,TX,PCT HARVESTED,100
2010-04-11,15.53,25.054285714285715,6.158571428571428,0.0128571428571428,33.50714285714285,2010,TX,PCT PLANTED,48
2010-04-18,14.594285714285714,19.72142857142857,9.941428571428572,14.684285714285712,78.45428571428572,2010,TX,PCT PLANTED,58
2010-04-25,14.857142857142858,22.35142857142857,7.674285714285715,2.0485714285714285,61.471428571428575,2010,TX,PCT EMERGED,54
2010-04-25,14.857142857142858,22.35142857142857,7.674285714285715,2.0485714285714285,61.471428571428575,2010,TX,PCT PLANTED,61
2010-05-02,14.868571428571428,22.78,7.355714285714285,0.02,42.114285714285714,2010,TX,PCT EMERGED,66
2010-05-02,14.868571428571428,22.78,7.355714285714285,0.02,42.114285714285714,2010,TX,PCT PLANTED,75
2010-05-09,17.408571428571427,26.104285714285712,8.72,0.0014285714285714,39.37714285714286,2010,TX,PCT EMERGED,67
2010-05-09,17.408571428571427,26.104285714285712,8.72,0.0014285714285714,39.37714285714286,2010,TX,PCT PLANTED,85
2010-05-16,18.774285714285718,26.352857142857143,11.44285714285714,3.47,53.39142857142857,2010,TX,PCT EMERGED,75
2010-05-16,18.774285714285718,26.352857142857143,11.44285714285714,3.47,53.39142857142857,2010,TX,PCT PLANTED,95
2010-05-23,21.914285714285715,29.264285714285712,14.39,2.498571428571428,60.63285714285714,2010,TX,PCT EMERGED,81
2010-05-23,21.914285714285715,29.264285714285712,14.39,2.498571428571428,60.63285714285714,2010,TX,PCT PLANTED,96
2010-05-30,24.145714285714288,30.897142857142853,17.61285714285714,1.0357142857142858,57.37714285714286,2010,TX,PCT EMERGED,88
2010-05-30,24.145714285714288,30.897142857142853,17.61285714285714,1.0357142857142858,57.37714285714286,2010,TX,PCT PLANTED,97
2010-06-06,27.15,35.23428571428572,18.79,1.0971428571428572,47.75428571428571,2010,TX,PCT EMERGED,96
2010-06-13,28.35142857142857,35.39857142857143,21.50857142857143,1.07,50.79857142857143,2010,TX,PCT EMERGED,97
2010-06-27,28.57857142857143,35.76857142857143,21.56571428571428,2.225714285714285,46.5,2010,TX,PCT SILKING,51
2010-07-04,22.884285714285717,27.36428571428572,19.164285714285715,16.05857142857143,78.00571428571428,2010,TX,PCT SILKING,55
2010-07-11,23.36142857142857,28.118571428571425,18.857142857142858,5.482857142857143,79.98285714285714,2010,TX,PCT SILKING,74
2010-07-18,25.8,31.692857142857143,20.46,1.4085714285714286,68.91571428571429,2010,TX,PCT DOUGH,56
2010-07-18,25.8,31.692857142857143,20.46,1.4085714285714286,68.91571428571429,2010,TX,PCT SILKING,83
2010-07-25,26.165714285714284,32.13,20.321428571428573,0.0971428571428571,60.682857142857145,2010,TX,PCT DOUGH,57
2010-07-25,26.165714285714284,32.13,20.321428571428573,0.0971428571428571,60.682857142857145,2010,TX,PCT SILKING,93
2010-08-01,26.28142857142857,32.40714285714286,19.93142857142857,1.5385714285714285,60.37285714285714,2010,TX,PCT DENTED,52
2010-08-01,26.28142857142857,32.40714285714286,19.93142857142857,1.5385714285714285,60.37285714285714,2010,TX,PCT DOUGH,60
2010-08-01,26.28142857142857,32.40714285714286,19.93142857142857,1.5385714285714285,60.37285714285714,2010,TX,PCT SILKING,97
2010-08-08,28.208571428571428,35.431428571428576,21.301428571428573,1.49,49.82857142857143,2010,TX,PCT DENTED,54
2010-08-08,28.208571428571428,35.431428571428576,21.301428571428573,1.49,49.82857142857143,2010,TX,PCT DOUGH,66
2010-08-08,28.208571428571428,35.431428571428576,21.301428571428573,1.49,49.82857142857143,2010,TX,PCT SILKING,98
2010-08-15,28.57857142857143,35.105714285714285,22.164285714285715,0.9814285714285712,51.36,2010,TX,PCT DENTED,68
2010-08-15,28.57857142857143,35.105714285714285,22.164285714285715,0.9814285714285712,51.36,2010,TX,PCT DOUGH,86
2010-08-22,27.555714285714284,34.135714285714286,21.585714285714285,3.044285714285714,58.142857142857146,2010,TX,PCT DENTED,69
2010-08-22,27.555714285714284,34.135714285714286,21.585714285714285,3.044285714285714,58.142857142857146,2010,TX,PCT DOUGH,87
2010-08-22,27.555714285714284,34.135714285714286,21.585714285714285,3.044285714285714,58.142857142857146,2010,TX,PCT MATURE,56
2010-08-29,23.867142857142856,31.172857142857143,17.024285714285714,0.1099999999999999,44.451428571428565,2010,TX,PCT DENTED,71
2010-08-29,23.867142857142856,31.172857142857143,17.024285714285714,0.1099999999999999,44.451428571428565,2010,TX,PCT DOUGH,88
2010-08-29,23.867142857142856,31.172857142857143,17.024285714285714,0.1099999999999999,44.451428571428565,2010,TX,PCT MATURE,57
2010-09-05,24.852857142857143,33.317142857142855,17.55857142857143,1.0142857142857142,47.93714285714286,2010,TX,PCT DENTED,83
2010-09-05,24.852857142857143,33.317142857142855,17.55857142857143,1.0142857142857142,47.93714285714286,2010,TX,PCT DOUGH,94
2010-09-05,24.852857142857143,33.317142857142855,17.55857142857143,1.0142857142857142,47.93714285714286,2010,TX,PCT MATURE,58
2010-09-05,24.852857142857143,33.317142857142855,17.55857142857143,1.0142857142857142,47.93714285714286,2010,TX,PCT HARVESTED,44
2010-09-12,24.60142857142857,33.02428571428572,17.60857142857143,1.0171428571428571,53.93857142857143,2010,TX,PCT DENTED,92
2010-09-12,24.60142857142857,33.02428571428572,17.60857142857143,1.0171428571428571,53.93857142857143,2010,TX,PCT MATURE,73
2010-09-12,24.60142857142857,33.02428571428572,17.60857142857143,1.0171428571428571,53.93857142857143,2010,TX,PCT HARVESTED,50
2010-09-19,24.95285714285714,31.228571428571428,19.49571428571429,1.937142857142857,62.24714285714286,2010,TX,PCT DENTED,93
2010-09-19,24.95285714285714,31.228571428571428,19.49571428571429,1.937142857142857,62.24714285714286,2010,TX,PCT MATURE,77
2010-09-19,24.95285714285714,31.228571428571428,19.49571428571429,1.937142857142857,62.24714285714286,2010,TX,PCT HARVESTED,57
2010-09-26,22.12142857142857,28.197142857142858,16.875714285714285,2.2357142857142858,68.21571428571428,2010,TX,PCT MATURE,91
2010-09-26,22.12142857142857,28.197142857142858,16.875714285714285,2.2357142857142858,68.21571428571428,2010,TX,PCT HARVESTED,64
2010-10-03,19.57857142857143,28.12857142857143,12.635714285714286,0.6828571428571429,52.65285714285714,2010,TX,PCT MATURE,92
2010-10-03,19.57857142857143,28.12857142857143,12.635714285714286,0.6828571428571429,52.65285714285714,2010,TX,PCT HARVESTED,68
2010-10-10,18.02142857142857,26.677142857142854,11.151428571428571,0.0328571428571428,49.80714285714286,2010,TX,PCT MATURE,97
2010-10-10,18.02142857142857,26.677142857142854,11.151428571428571,0.0328571428571428,49.80714285714286,2010,TX,PCT HARVESTED,80
2010-10-17,17.55142857142857,26.264285714285712,10.25,0.0371428571428571,45.37428571428571,2010,TX,PCT HARVESTED,89
2010-10-24,16.585714285714285,23.627142857142854,10.98857142857143,6.0514285714285725,60.00714285714286,2010,TX,PCT HARVESTED,93
2010-10-31,13.72,23.25857142857143,6.25,0.0,40.67142857142857,2010,TX,PCT HARVESTED,94
2010-11-07,11.314285714285717,20.1,4.684285714285714,0.0,46.06142857142857,2010,TX,PCT HARVESTED,96
2011-04-10,18.555714285714284,27.344285714285714,9.97,0.0042857142857142,23.148571428571422,2011,TX,PCT PLANTED,55
2011-04-17,16.27,25.648571428571422,6.57,0.0,22.38,2011,TX,PCT PLANTED,57
2011-04-24,20.26,29.49571428571429,11.848571428571429,0.0,29.068571428571428,2011,TX,PCT PLANTED,66
2011-05-01,16.755714285714287,25.294285714285717,8.237142857142857,0.2114285714285714,30.05,2011,TX,PCT EMERGED,57
2011-05-01,16.755714285714287,25.294285714285717,8.237142857142857,0.2114285714285714,30.05,2011,TX,PCT PLANTED,79
2011-05-08,18.74571428571429,28.621428571428574,8.620000000000001,0.0,25.71857142857143,2011,TX,PCT EMERGED,60
2011-05-08,18.74571428571429,28.621428571428574,8.620000000000001,0.0,25.71857142857143,2011,TX,PCT PLANTED,87
2011-05-15,20.134285714285717,28.575714285714287,11.465714285714286,0.6371428571428571,27.87714285714286,2011,TX,PCT EMERGED,70
2011-05-15,20.134285714285717,28.575714285714287,11.465714285714286,0.6371428571428571,27.87714285714286,2011,TX,PCT PLANTED,93
2011-05-22,22.36428571428572,31.12142857142857,13.33,0.0328571428571428,24.47,2011,TX,PCT EMERGED,84
2011-05-22,22.36428571428572,31.12142857142857,13.33,0.0328571428571428,24.47,2011,TX,PCT PLANTED,97
2011-05-29,26.025714285714287,35.07714285714285,16.14,0.0,20.447142857142858,2011,TX,PCT EMERGED,88
2011-05-29,26.025714285714287,35.07714285714285,16.14,0.0,20.447142857142858,2011,TX,PCT PLANTED,98
2011-06-05,27.57428571428571,35.24142857142857,20.042857142857144,0.2285714285714285,30.532857142857143,2011,TX,PCT EMERGED,93
2011-06-05,27.57428571428571,35.24142857142857,20.042857142857144,0.2285714285714285,30.532857142857143,2011,TX,PCT PLANTED,99
2011-06-12,29.52,38.23857142857143,20.535714285714285,0.3171428571428571,26.72,2011,TX,PCT EMERGED,96
2011-06-12,29.52,38.23857142857143,20.535714285714285,0.3171428571428571,26.72,2011,TX,PCT PLANTED,100
2011-06-19,31.47,40.48285714285714,22.118571428571432,0.0,18.872857142857143,2011,TX,PCT EMERGED,99
2011-07-03,30.634285714285717,38.121428571428574,23.14,0.2657142857142857,32.29142857142857,2011,TX,PCT SILKING,60
2011-07-10,31.61142857142857,38.88142857142857,23.71857142857143,0.3285714285714286,26.83,2011,TX,PCT SILKING,81
2011-07-17,30.59,37.35285714285715,23.40857142857143,1.3514285714285716,37.23571428571428,2011,TX,PCT SILKING,82
2011-07-24,31.705714285714286,38.541428571428575,24.41142857142857,0.0628571428571428,34.91857142857143,2011,TX,PCT DOUGH,60
2011-07-24,31.705714285714286,38.541428571428575,24.41142857142857,0.0628571428571428,34.91857142857143,2011,TX,PCT SILKING,87
2011-07-31,31.892857142857142,38.63857142857143,24.775714285714287,0.2014285714285714,31.638571428571428,2011,TX,PCT DENTED,60
2011-07-31,31.892857142857142,38.63857142857143,24.775714285714287,0.2014285714285714,31.638571428571428,2011,TX,PCT DOUGH,61
2011-07-31,31.892857142857142,38.63857142857143,24.775714285714287,0.2014285714285714,31.638571428571428,2011,TX,PCT SILKING,92
2011-08-07,32.27428571428572,39.93571428571429,24.53857142857143,0.0471428571428571,27.91,2011,TX,PCT DENTED,61
2011-08-07,32.27428571428572,39.93571428571429,24.53857142857143,0.0471428571428571,27.91,2011,TX,PCT DOUGH,71
2011-08-07,32.27428571428572,39.93571428571429,24.53857142857143,0.0471428571428571,27.91,2011,TX,PCT SILKING,97
2011-08-14,30.464285714285715,37.8,23.677142857142854,0.7457142857142857,42.00142857142857,2011,TX,PCT DENTED,70
2011-08-14,30.464285714285715,37.8,23.677142857142854,0.7457142857142857,42.00142857142857,2011,TX,PCT DOUGH,75
2011-08-14,30.464285714285715,37.8,23.677142857142854,0.7457142857142857,42.00142857142857,2011,TX,PCT SILKING,98
2011-08-21,30.71,37.99571428571429,23.72571428571428,0.0428571428571428,34.28142857142857,2011,TX,PCT DENTED,74
2011-08-21,30.71,37.99571428571429,23.72571428571428,0.0428571428571428,34.28142857142857,2011,TX,PCT DOUGH,82
2011-08-28,31.391428571428573,39.48714285714285,23.482857142857146,0.1942857142857143,29.56142857142857,2011,TX,PCT DENTED,78
2011-08-28,31.391428571428573,39.48714285714285,23.482857142857146,0.1942857142857143,29.56142857142857,2011,TX,PCT DOUGH,91
2011-08-28,31.391428571428573,39.48714285714285,23.482857142857146,0.1942857142857143,29.56142857142857,2011,TX,PCT MATURE,65
2011-09-04,29.03142857142857,36.58285714285714,22.154285714285717,1.3285714285714283,31.694285714285712,2011,TX,PCT DENTED,79
2011-09-04,29.03142857142857,36.58285714285714,22.154285714285717,1.3285714285714283,31.694285714285712,2011,TX,PCT DOUGH,92
2011-09-04,29.03142857142857,36.58285714285714,22.154285714285717,1.3285714285714283,31.694285714285712,2011,TX,PCT MATURE,66
2011-09-11,21.47571428571429,29.58857142857143,14.071428571428571,0.0514285714285714,33.47,2011,TX,PCT DENTED,80
2011-09-11,21.47571428571429,29.58857142857143,14.071428571428571,0.0514285714285714,33.47,2011,TX,PCT DOUGH,93
2011-09-11,21.47571428571429,29.58857142857143,14.071428571428571,0.0514285714285714,33.47,2011,TX,PCT MATURE,72
2011-09-18,22.77,30.28857142857143,16.35571428571429,2.527142857142857,50.79142857142857,2011,TX,PCT DENTED,94
2011-09-18,22.77,30.28857142857143,16.35571428571429,2.527142857142857,50.79142857142857,2011,TX,PCT MATURE,81
2011-09-18,22.77,30.28857142857143,16.35571428571429,2.527142857142857,50.79142857142857,2011,TX,PCT HARVESTED,63
2011-09-25,21.76,31.08,13.797142857142855,0.0699999999999999,39.57285714285714,2011,TX,PCT DENTED,97
2011-09-25,21.76,31.08,13.797142857142855,0.0699999999999999,39.57285714285714,2011,TX,PCT MATURE,88
2011-09-25,21.76,31.08,13.797142857142855,0.0699999999999999,39.57285714285714,2011,TX,PCT HARVESTED,69
2011-10-02,22.205714285714286,32.03,13.891428571428571,0.0471428571428571,30.55857142857143,2011,TX,PCT MATURE,95
2011-10-02,22.205714285714286,32.03,13.891428571428571,0.0471428571428571,30.55857142857143,2011,TX,PCT HARVESTED,75
2011-10-09,19.77142857142857,26.56142857142857,13.698571428571428,3.374285714285714,49.06,2011,TX,PCT MATURE,99
2011-10-09,19.77142857142857,26.56142857142857,13.698571428571428,3.374285714285714,49.06,2011,TX,PCT HARVESTED,82
2011-10-16,17.842857142857145,27.625714285714285,10.027142857142858,0.0328571428571428,48.07142857142857,2011,TX,PCT MATURE,100
2011-10-16,17.842857142857145,27.625714285714285,10.027142857142858,0.0328571428571428,48.07142857142857,2011,TX,PCT HARVESTED,87
2011-10-23,14.978571428571428,25.897142857142857,6.971428571428571,0.0,42.43857142857143,2011,TX,PCT MATURE,100
2011-10-23,14.978571428571428,25.897142857142857,6.971428571428571,0.0,42.43857142857143,2011,TX,PCT HARVESTED,95
2011-10-30,11.638571428571428,19.36428571428571,4.782857142857142,3.442857142857143,55.00142857142857,2011,TX,PCT HARVESTED,97
2011-11-06,10.29,19.442857142857143,2.28,0.0,43.83571428571429,2011,TX,PCT HARVESTED,98
2011-11-13,10.377142857142855,18.752857142857145,3.735714285714286,0.1257142857142857,42.28285714285715,2011,TX,PCT HARVESTED,100
2011-11-20,9.59,18.025714285714287,2.93,0.0,45.07714285714286,2011,TX,PCT HARVESTED,100
2012-04-01,20.24571428571429,30.390000000000004,10.952857142857145,0.0,37.58142857142857,2012,TX,PCT PLANTED,48
2012-04-08,15.642857142857142,24.76,7.649999999999999,0.0057142857142857,39.97857142857144,2012,TX,PCT PLANTED,52
2012-04-15,19.15428571428572,27.178571428571427,11.474285714285712,1.487142857142857,47.68,2012,TX,PCT PLANTED,54
2012-04-22,18.327142857142857,27.747142857142855,9.51,0.23,38.54857142857144,2012,TX,PCT EMERGED,53
2012-04-22,18.327142857142857,27.747142857142855,9.51,0.23,38.54857142857144,2012,TX,PCT PLANTED,65
2012-04-29,22.78428571428572,31.755714285714284,14.045714285714284,1.1285714285714286,33.16142857142857,2012,TX,PCT EMERGED,58
2012-04-29,22.78428571428572,31.755714285714284,14.045714285714284,1.1285714285714286,33.16142857142857,2012,TX,PCT PLANTED,70
2012-05-06,24.94142857142857,34.55,15.134285714285712,0.1414285714285714,27.11428571428572,2012,TX,PCT EMERGED,60
2012-05-06,24.94142857142857,34.55,15.134285714285712,0.1414285714285714,27.11428571428572,2012,TX,PCT PLANTED,75
2012-05-13,16.684285714285714,22.91714285714286,11.107142857142858,3.395714285714285,58.33285714285714,2012,TX,PCT EMERGED,80
2012-05-13,16.684285714285714,22.91714285714286,11.107142857142858,3.395714285714285,58.33285714285714,2012,TX,PCT PLANTED,93
2012-05-20,21.23428571428571,29.43285714285714,12.445714285714288,1.3557142857142856,45.89857142857143,2012,TX,PCT EMERGED,82
2012-05-20,21.23428571428571,29.43285714285714,12.445714285714288,1.3557142857142856,45.89857142857143,2012,TX,PCT PLANTED,95
2012-05-27,26.551428571428573,35.46,17.981428571428573,0.5328571428571428,35.83,2012,TX,PCT EMERGED,83
2012-06-03,26.231428571428573,35.54285714285714,16.61,0.3757142857142857,32.14714285714286,2012,TX,PCT EMERGED,90
2012-06-10,23.97,30.59714285714286,17.538571428571426,4.824285714285714,60.19142857142857,2012,TX,PCT SILKING,53
2012-06-17,25.61428571428572,32.65714285714286,18.292857142857144,5.0442857142857145,55.15857142857143,2012,TX,PCT SILKING,60
2012-06-24,28.11285714285714,35.972857142857144,20.25714285714286,0.0914285714285714,43.90857142857143,2012,TX,PCT SILKING,63
2012-07-01,30.69857142857143,39.2,22.012857142857143,0.0042857142857142,31.627142857142854,2012,TX,PCT SILKING,67
2012-07-08,29.04714285714286,35.41428571428572,21.801428571428573,0.5557142857142857,40.92142857142857,2012,TX,PCT SILKING,79
2012-07-15,26.602857142857143,32.82142857142857,20.464285714285715,1.4757142857142858,50.08714285714286,2012,TX,PCT DOUGH,68
2012-07-15,26.602857142857143,32.82142857142857,20.464285714285715,1.4757142857142858,50.08714285714286,2012,TX,PCT SILKING,83
2012-07-22,29.23857142857143,36.65571428571428,21.854285714285712,0.4214285714285714,37.95142857142857,2012,TX,PCT DENTED,65
2012-07-22,29.23857142857143,36.65571428571428,21.854285714285712,0.4214285714285714,37.95142857142857,2012,TX,PCT DOUGH,69
2012-07-22,29.23857142857143,36.65571428571428,21.854285714285712,0.4214285714285714,37.95142857142857,2012,TX,PCT SILKING,88
2012-07-29,29.162857142857145,36.53857142857143,22.325714285714287,1.122857142857143,42.83857142857143,2012,TX,PCT DENTED,66
2012-07-29,29.162857142857145,36.53857142857143,22.325714285714287,1.122857142857143,42.83857142857143,2012,TX,PCT DOUGH,70
2012-07-29,29.162857142857145,36.53857142857143,22.325714285714287,1.122857142857143,42.83857142857143,2012,TX,PCT SILKING,93
2012-08-05,31.802857142857142,39.98142857142857,23.647142857142857,0.0014285714285714,28.414285714285715,2012,TX,PCT DENTED,67
2012-08-05,31.802857142857142,39.98142857142857,23.647142857142857,0.0014285714285714,28.414285714285715,2012,TX,PCT DOUGH,71
2012-08-05,31.802857142857142,39.98142857142857,23.647142857142857,0.0014285714285714,28.414285714285715,2012,TX,PCT MATURE,60
2012-08-05,31.802857142857142,39.98142857142857,23.647142857142857,0.0014285714285714,28.414285714285715,2012,TX,PCT SILKING,95
2012-08-12,29.6,37.48571428571428,22.08428571428572,1.0957142857142856,33.29,2012,TX,PCT DENTED,68
2012-08-12,29.6,37.48571428571428,22.08428571428572,1.0957142857142856,33.29,2012,TX,PCT DOUGH,83
2012-08-12,29.6,37.48571428571428,22.08428571428572,1.0957142857142856,33.29,2012,TX,PCT MATURE,62
2012-08-19,27.094285714285714,33.308571428571426,21.35,1.6628571428571426,46.32714285714286,2012,TX,PCT DENTED,69
2012-08-19,27.094285714285714,33.308571428571426,21.35,1.6628571428571426,46.32714285714286,2012,TX,PCT DOUGH,84
2012-08-19,27.094285714285714,33.308571428571426,21.35,1.6628571428571426,46.32714285714286,2012,TX,PCT MATURE,63
2012-08-19,27.094285714285714,33.308571428571426,21.35,1.6628571428571426,46.32714285714286,2012,TX,PCT HARVESTED,51
2012-08-26,25.425714285714285,32.50142857142857,19.014285714285712,2.777142857142857,56.92142857142857,2012,TX,PCT DENTED,81
2012-08-26,25.425714285714285,32.50142857142857,19.014285714285712,2.777142857142857,56.92142857142857,2012,TX,PCT DOUGH,92
2012-08-26,25.425714285714285,32.50142857142857,19.014285714285712,2.777142857142857,56.92142857142857,2012,TX,PCT MATURE,64
2012-08-26,25.425714285714285,32.50142857142857,19.014285714285712,2.777142857142857,56.92142857142857,2012,TX,PCT HARVESTED,56
2012-09-02,25.78142857142857,34.31285714285714,17.98,0.0,39.39,2012,TX,PCT DENTED,88
2012-09-02,25.78142857142857,34.31285714285714,17.98,0.0,39.39,2012,TX,PCT MATURE,73
2012-09-02,25.78142857142857,34.31285714285714,17.98,0.0,39.39,2012,TX,PCT HARVESTED,61
2012-09-09,26.435714285714287,34.60285714285714,19.06571428571429,1.8114285714285716,42.72428571428571,2012,TX,PCT DENTED,89
2012-09-09,26.435714285714287,34.60285714285714,19.06571428571429,1.8114285714285716,42.72428571428571,2012,TX,PCT MATURE,74
2012-09-09,26.435714285714287,34.60285714285714,19.06571428571429,1.8114285714285716,42.72428571428571,2012,TX,PCT HARVESTED,62
2012-09-16,19.822857142857146,27.457142857142856,13.038571428571428,2.85,51.11142857142857,2012,TX,PCT DENTED,96
2012-09-16,19.822857142857146,27.457142857142856,13.038571428571428,2.85,51.11142857142857,2012,TX,PCT MATURE,86
2012-09-16,19.822857142857146,27.457142857142856,13.038571428571428,2.85,51.11142857142857,2012,TX,PCT HARVESTED,68
2012-09-23,22.35,32.387142857142855,13.384285714285712,0.4985714285714286,38.42714285714286,2012,TX,PCT MATURE,88
2012-09-23,22.35,32.387142857142855,13.384285714285712,0.4985714285714286,38.42714285714286,2012,TX,PCT HARVESTED,69
2012-09-30,20.56571428571429,26.627142857142854,15.462857142857144,5.6971428571428575,67.13714285714285,2012,TX,PCT MATURE,94
2012-09-30,20.56571428571429,26.627142857142854,15.462857142857144,5.6971428571428575,67.13714285714285,2012,TX,PCT HARVESTED,75
2012-10-07,13.757142857142856,21.56571428571429,7.461428571428571,0.03,57.41142857142857,2012,TX,PCT MATURE,96
2012-10-07,13.757142857142856,21.56571428571429,7.461428571428571,0.03,57.41142857142857,2012,TX,PCT HARVESTED,82
2012-10-14,17.25,25.627142857142854,9.974285714285712,0.9585714285714284,58.47571428571429,2012,TX,PCT HARVESTED,88
2012-10-21,17.542857142857144,27.19142857142857,9.474285714285717,0.0,36.425714285714285,2012,TX,PCT HARVESTED,95
2012-10-28,13.005714285714284,21.095714285714283,6.222857142857143,0.0185714285714285,47.48,2012,TX,PCT HARVESTED,96
2012-11-04,14.485714285714286,24.595714285714287,6.742857142857143,0.0,44.43285714285714,2012,TX,PCT HARVESTED,99
2013-04-14,14.87857142857143,24.10142857142857,4.901428571428572,0.02,35.037142857142854,2013,TX,PCT PLANTED,56
2013-04-21,15.422857142857143,25.012857142857143,5.832857142857143,0.0014285714285714,28.142857142857142,2013,TX,PCT PLANTED,59
2013-04-28,15.165714285714284,24.78857142857143,5.857142857142857,0.0,36.92142857142857,2013,TX,PCT EMERGED,60
2013-04-28,15.165714285714284,24.78857142857143,5.857142857142857,0.0,36.92142857142857,2013,TX,PCT PLANTED,69
2013-05-05,15.604285714285714,24.472857142857144,5.692857142857143,0.0699999999999999,32.067142857142855,2013,TX,PCT EMERGED,61
2013-05-05,15.604285714285714,24.472857142857144,5.692857142857143,0.0699999999999999,32.067142857142855,2013,TX,PCT PLANTED,70
2013-05-12,18.08142857142857,25.76,9.812857142857142,1.0585714285714285,46.60142857142857,2013,TX,PCT EMERGED,67
2013-05-12,18.08142857142857,25.76,9.812857142857142,1.0585714285714285,46.60142857142857,2013,TX,PCT PLANTED,78
2013-05-19,24.665714285714284,34.18857142857143,15.124285714285715,0.08,31.6,2013,TX,PCT EMERGED,68
2013-05-19,24.665714285714284,34.18857142857143,15.124285714285715,0.08,31.6,2013,TX,PCT PLANTED,84
2013-05-26,23.687142857142856,32.09,16.015714285714285,0.7042857142857143,46.59285714285714,2013,TX,PCT EMERGED,79
2013-05-26,23.687142857142856,32.09,16.015714285714285,0.7042857142857143,46.59285714285714,2013,TX,PCT PLANTED,95
2013-06-02,25.64428571428571,34.01714285714286,17.357142857142858,0.1742857142857143,33.222857142857144,2013,TX,PCT EMERGED,91
2013-06-02,25.64428571428571,34.01714285714286,17.357142857142858,0.1742857142857143,33.222857142857144,2013,TX,PCT PLANTED,97
2013-06-09,24.607142857142858,32.62285714285714,17.15,4.0442857142857145,50.15428571428571,2013,TX,PCT EMERGED,96
2013-06-09,24.607142857142858,32.62285714285714,17.15,4.0442857142857145,50.15428571428571,2013,TX,PCT PLANTED,98
2013-06-16,26.852857142857143,33.98857142857143,19.487142857142857,0.8071428571428572,51.53714285714285,2013,TX,PCT EMERGED,98
2013-06-23,26.98428571428571,34.184285714285714,20.40142857142857,4.6085714285714285,54.11714285714286,2013,TX,PCT EMERGED,100
2013-06-30,29.882857142857144,38.05285714285714,22.004285714285714,1.5285714285714285,39.27857142857143,2013,TX,PCT SILKING,66
2013-07-07,25.15285714285714,32.18714285714286,18.01142857142857,0.4314285714285714,37.90428571428571,2013,TX,PCT SILKING,67
2013-07-14,29.555714285714284,36.98857142857143,21.78142857142857,1.3942857142857144,37.68571428571429,2013,TX,PCT SILKING,72
2013-07-21,22.415714285714284,27.371428571428574,17.827142857142857,10.38714285714286,71.83,2013,TX,PCT SILKING,84
2013-07-28,26.15714285714285,32.13285714285714,20.068571428571428,0.6328571428571428,56.99571428571429,2013,TX,PCT DOUGH,65
2013-07-28,26.15714285714285,32.13285714285714,20.068571428571428,0.6328571428571428,56.99571428571429,2013,TX,PCT SILKING,89
2013-08-04,28.295714285714286,34.89857142857143,21.68142857142857,0.8642857142857142,50.65285714285714,2013,TX,PCT DOUGH,70
2013-08-04,28.295714285714286,34.89857142857143,21.68142857142857,0.8642857142857142,50.65285714285714,2013,TX,PCT SILKING,94
2013-08-11,28.095714285714283,35.73714285714286,20.99285714285714,1.5471428571428572,46.01857142857143,2013,TX,PCT DENTED,61
2013-08-11,28.095714285714283,35.73714285714286,20.99285714285714,1.5471428571428572,46.01857142857143,2013,TX,PCT DOUGH,75
2013-08-11,28.095714285714283,35.73714285714286,20.99285714285714,1.5471428571428572,46.01857142857143,2013,TX,PCT SILKING,95
2013-08-18,25.20142857142857,31.754285714285714,19.215714285714284,4.894285714285714,61.59857142857143,2013,TX,PCT DENTED,62
2013-08-18,25.20142857142857,31.754285714285714,19.215714285714284,4.894285714285714,61.59857142857143,2013,TX,PCT DOUGH,78
2013-08-18,25.20142857142857,31.754285714285714,19.215714285714284,4.894285714285714,61.59857142857143,2013,TX,PCT SILKING,98
2013-08-25,26.87857142857143,34.41571428571429,19.87142857142857,0.0657142857142857,46.462857142857146,2013,TX,PCT DENTED,71
2013-08-25,26.87857142857143,34.41571428571429,19.87142857142857,0.0657142857142857,46.462857142857146,2013,TX,PCT DOUGH,89
2013-09-01,27.555714285714288,34.972857142857144,20.57428571428571,0.0442857142857142,44.14142857142857,2013,TX,PCT DENTED,79
2013-09-01,27.555714285714288,34.972857142857144,20.57428571428571,0.0442857142857142,44.14142857142857,2013,TX,PCT DOUGH,91
2013-09-01,27.555714285714288,34.972857142857144,20.57428571428571,0.0442857142857142,44.14142857142857,2013,TX,PCT MATURE,62
2013-09-08,27.388571428571428,35.25,19.87857142857143,0.02,39.35428571428572,2013,TX,PCT DENTED,80
2013-09-08,27.388571428571428,35.25,19.87857142857143,0.02,39.35428571428572,2013,TX,PCT DOUGH,93
2013-09-08,27.388571428571428,35.25,19.87857142857143,0.02,39.35428571428572,2013,TX,PCT MATURE,63
2013-09-15,24.83285714285714,30.145714285714288,19.617142857142856,1.082857142857143,56.37571428571429,2013,TX,PCT DENTED,90
2013-09-15,24.83285714285714,30.145714285714288,19.617142857142856,1.082857142857143,56.37571428571429,2013,TX,PCT DOUGH,95
2013-09-15,24.83285714285714,30.145714285714288,19.617142857142856,1.082857142857143,56.37571428571429,2013,TX,PCT MATURE,77
2013-09-15,24.83285714285714,30.145714285714288,19.617142857142856,1.082857142857143,56.37571428571429,2013,TX,PCT HARVESTED,61
2013-09-22,21.792857142857144,28.214285714285715,16.094285714285714,1.7742857142857142,60.62428571428571,2013,TX,PCT DENTED,93
2013-09-22,21.792857142857144,28.214285714285715,16.094285714285714,1.7742857142857142,60.62428571428571,2013,TX,PCT MATURE,80
2013-09-22,21.792857142857144,28.214285714285715,16.094285714285714,1.7742857142857142,60.62428571428571,2013,TX,PCT HARVESTED,62
2013-09-29,21.262857142857143,29.972857142857144,13.715714285714284,1.602857142857143,43.49571428571429,2013,TX,PCT DENTED,98
2013-09-29,21.262857142857143,29.972857142857144,13.715714285714284,1.602857142857143,43.49571428571429,2013,TX,PCT MATURE,87
2013-09-29,21.262857142857143,29.972857142857144,13.715714285714284,1.602857142857143,43.49571428571429,2013,TX,PCT HARVESTED,64
2013-10-20,12.23857142857143,20.52285714285714,5.784285714285715,1.0657142857142856,56.97571428571428,2013,TX,PCT MATURE,89
2013-10-20,12.23857142857143,20.52285714285714,5.784285714285715,1.0657142857142856,56.97571428571428,2013,TX,PCT HARVESTED,77
2013-10-27,12.697142857142856,21.537142857142857,5.882857142857143,0.0085714285714285,52.25285714285714,2013,TX,PCT MATURE,100
2013-10-27,12.697142857142856,21.537142857142857,5.882857142857143,0.0085714285714285,52.25285714285714,2013,TX,PCT HARVESTED,92
2013-11-03,14.474285714285712,22.28,8.834285714285715,0.19,52.67285714285714,2013,TX,PCT HARVESTED,97
2013-11-10,10.745714285714286,19.525714285714287,3.902857142857143,0.1114285714285714,58.71,2013,TX,PCT HARVESTED,98
2014-04-06,14.292857142857144,23.077142857142857,5.582857142857143,0.4071428571428571,32.29714285714286,2014,TX,PCT EMERGED,28
2014-04-06,14.292857142857144,23.077142857142857,5.582857142857143,0.4071428571428571,32.29714285714286,2014,TX,PCT PLANTED,54
2014-04-13,17.525714285714287,27.26142857142857,7.201428571428571,0.0014285714285714,30.36142857142857,2014,TX,PCT EMERGED,35
2014-04-13,17.525714285714287,27.26142857142857,7.201428571428571,0.0014285714285714,30.36142857142857,2014,TX,PCT PLANTED,57
2014-04-20,12.718571428571428,20.602857142857143,4.987142857142857,0.5599999999999999,45.74,2014,TX,PCT EMERGED,50
2014-04-20,12.718571428571428,20.602857142857143,4.987142857142857,0.5599999999999999,45.74,2014,TX,PCT PLANTED,60
2014-04-27,20.455714285714286,29.142857142857142,11.95142857142857,0.0028571428571428,31.857142857142858,2014,TX,PCT EMERGED,55
2014-04-27,20.455714285714286,29.142857142857142,11.95142857142857,0.0028571428571428,31.857142857142858,2014,TX,PCT PLANTED,64
2014-05-04,16.482857142857142,25.217142857142854,7.352857142857142,0.0,23.825714285714287,2014,TX,PCT EMERGED,58
2014-05-04,16.482857142857142,25.217142857142854,7.352857142857142,0.0,23.825714285714287,2014,TX,PCT PLANTED,73
2014-05-11,23.972857142857144,33.04142857142857,14.161428571428573,0.0928571428571428,16.318571428571428,2014,TX,PCT EMERGED,65
2014-05-11,23.972857142857144,33.04142857142857,14.161428571428573,0.0928571428571428,16.318571428571428,2014,TX,PCT PLANTED,80
2014-05-11,23.972857142857144,33.04142857142857,14.161428571428573,0.0928571428571428,16.318571428571428,2014,TX,PCT SILKING,5
2014-05-18,17.49857142857143,26.29142857142857,8.08,0.0,30.404285714285717,2014,TX,PCT EMERGED,79
2014-05-18,17.49857142857143,26.29142857142857,8.08,0.0,30.404285714285717,2014,TX,PCT PLANTED,93
2014-05-18,17.49857142857143,26.29142857142857,8.08,0.0,30.404285714285717,2014,TX,PCT SILKING,10
2014-05-25,22.99857142857143,29.132857142857144,17.009999999999998,12.64,58.78714285714285,2014,TX,PCT EMERGED,88
2014-05-25,22.99857142857143,29.132857142857144,17.009999999999998,12.64,58.78714285714285,2014,TX,PCT PLANTED,97
2014-05-25,22.99857142857143,29.132857142857144,17.009999999999998,12.64,58.78714285714285,2014,TX,PCT SILKING,18
2014-06-01,22.037142857142857,28.65142857142857,14.8,2.8042857142857143,63.75142857142857,2014,TX,PCT EMERGED,100
2014-06-01,22.037142857142857,28.65142857142857,14.8,2.8042857142857143,63.75142857142857,2014,TX,PCT PLANTED,100
2014-06-01,22.037142857142857,28.65142857142857,14.8,2.8042857142857143,63.75142857142857,2014,TX,PCT SILKING,31
2014-06-08,26.202857142857145,33.005714285714284,19.57857142857143,6.178571428571429,56.34571428571429,2014,TX,PCT EMERGED,100
2014-06-08,26.202857142857145,33.005714285714284,19.57857142857143,6.178571428571429,56.34571428571429,2014,TX,PCT SILKING,39
2014-06-15,22.672857142857143,30.391428571428573,14.785714285714286,3.3842857142857143,55.81714285714286,2014,TX,PCT DENTED,3
2014-06-15,22.672857142857143,30.391428571428573,14.785714285714286,3.3842857142857143,55.81714285714286,2014,TX,PCT DOUGH,15
2014-06-15,22.672857142857143,30.391428571428573,14.785714285714286,3.3842857142857143,55.81714285714286,2014,TX,PCT EMERGED,100
2014-06-15,22.672857142857143,30.391428571428573,14.785714285714286,3.3842857142857143,55.81714285714286,2014,TX,PCT SILKING,45
2014-06-22,25.674285714285716,32.2,19.65428571428572,2.5885714285714285,58.08857142857143,2014,TX,PCT DENTED,8
2014-06-22,25.674285714285716,32.2,19.65428571428572,2.5885714285714285,58.08857142857143,2014,TX,PCT DOUGH,29
2014-06-22,25.674285714285716,32.2,19.65428571428572,2.5885714285714285,58.08857142857143,2014,TX,PCT SILKING,50
2014-06-29,26.414285714285715,34.01857142857143,19.5,2.1671428571428573,57.78142857142858,2014,TX,PCT DENTED,21
2014-06-29,26.414285714285715,34.01857142857143,19.5,2.1671428571428573,57.78142857142858,2014,TX,PCT DOUGH,40
2014-06-29,26.414285714285715,34.01857142857143,19.5,2.1671428571428573,57.78142857142858,2014,TX,PCT MATURE,2
2014-06-29,26.414285714285715,34.01857142857143,19.5,2.1671428571428573,57.78142857142858,2014,TX,PCT SILKING,57
2014-07-06,24.77857142857143,30.06428571428572,19.654285714285717,4.238571428571428,60.74714285714286,2014,TX,PCT DENTED,33
2014-07-06,24.77857142857143,30.06428571428572,19.654285714285717,4.238571428571428,60.74714285714286,2014,TX,PCT DOUGH,52
2014-07-06,24.77857142857143,30.06428571428572,19.654285714285717,4.238571428571428,60.74714285714286,2014,TX,PCT MATURE,8
2014-07-06,24.77857142857143,30.06428571428572,19.654285714285717,4.238571428571428,60.74714285714286,2014,TX,PCT SILKING,80
2014-07-13,27.208571428571428,34.17142857142857,19.86285714285714,0.0699999999999999,45.07285714285714,2014,TX,PCT DENTED,41
2014-07-13,27.208571428571428,34.17142857142857,19.86285714285714,0.0699999999999999,45.07285714285714,2014,TX,PCT DOUGH,60
2014-07-13,27.208571428571428,34.17142857142857,19.86285714285714,0.0699999999999999,45.07285714285714,2014,TX,PCT MATURE,15
2014-07-13,27.208571428571428,34.17142857142857,19.86285714285714,0.0699999999999999,45.07285714285714,2014,TX,PCT SILKING,81
2014-07-20,24.085714285714285,29.867142857142856,18.44142857142857,5.524285714285715,66.16285714285713,2014,TX,PCT DENTED,48
2014-07-20,24.085714285714285,29.867142857142856,18.44142857142857,5.524285714285715,66.16285714285713,2014,TX,PCT DOUGH,61
2014-07-20,24.085714285714285,29.867142857142856,18.44142857142857,5.524285714285715,66.16285714285713,2014,TX,PCT MATURE,29
2014-07-20,24.085714285714285,29.867142857142856,18.44142857142857,5.524285714285715,66.16285714285713,2014,TX,PCT SILKING,91
2014-07-27,28.897142857142857,36.43714285714286,21.70285714285714,0.0971428571428571,45.68571428571429,2014,TX,PCT DENTED,72
2014-07-27,28.897142857142857,36.43714285714286,21.70285714285714,0.0971428571428571,45.68571428571429,2014,TX,PCT DOUGH,80
2014-07-27,28.897142857142857,36.43714285714286,21.70285714285714,0.0971428571428571,45.68571428571429,2014,TX,PCT MATURE,38
2014-07-27,28.897142857142857,36.43714285714286,21.70285714285714,0.0971428571428571,45.68571428571429,2014,TX,PCT SILKING,97
2014-08-03,24.502857142857145,31.342857142857145,18.187142857142856,0.6957142857142857,50.48285714285714,2014,TX,PCT DENTED,75
2014-08-03,24.502857142857145,31.342857142857145,18.187142857142856,0.6957142857142857,50.48285714285714,2014,TX,PCT DOUGH,87
2014-08-03,24.502857142857145,31.342857142857145,18.187142857142856,0.6957142857142857,50.48285714285714,2014,TX,PCT MATURE,45
2014-08-03,24.502857142857145,31.342857142857145,18.187142857142856,0.6957142857142857,50.48285714285714,2014,TX,PCT SILKING,99
2014-08-10,27.78,35.22857142857143,20.571428571428573,2.144285714285714,45.75857142857143,2014,TX,PCT DENTED,76
2014-08-10,27.78,35.22857142857143,20.571428571428573,2.144285714285714,45.75857142857143,2014,TX,PCT DOUGH,88
2014-08-10,27.78,35.22857142857143,20.571428571428573,2.144285714285714,45.75857142857143,2014,TX,PCT MATURE,50
2014-08-10,27.78,35.22857142857143,20.571428571428573,2.144285714285714,45.75857142857143,2014,TX,PCT SILKING,100
2014-08-10,27.78,35.22857142857143,20.571428571428573,2.144285714285714,45.75857142857143,2014,TX,PCT HARVESTED,17
2014-08-17,26.987142857142857,34.62428571428571,19.677142857142854,1.13,46.69857142857143,2014,TX,PCT DENTED,77
2014-08-17,26.987142857142857,34.62428571428571,19.677142857142854,1.13,46.69857142857143,2014,TX,PCT DOUGH,89
2014-08-17,26.987142857142857,34.62428571428571,19.677142857142854,1.13,46.69857142857143,2014,TX,PCT MATURE,60
2014-08-17,26.987142857142857,34.62428571428571,19.677142857142854,1.13,46.69857142857143,2014,TX,PCT HARVESTED,32
2014-08-24,28.01571428571429,35.458571428571425,21.504285714285714,0.6385714285714287,47.10142857142858,2014,TX,PCT DENTED,78
2014-08-24,28.01571428571429,35.458571428571425,21.504285714285714,0.6385714285714287,47.10142857142858,2014,TX,PCT DOUGH,90
2014-08-24,28.01571428571429,35.458571428571425,21.504285714285714,0.6385714285714287,47.10142857142858,2014,TX,PCT MATURE,70
2014-08-24,28.01571428571429,35.458571428571425,21.504285714285714,0.6385714285714287,47.10142857142858,2014,TX,PCT HARVESTED,46
2014-08-31,27.26142857142857,34.90857142857143,20.51,1.4928571428571429,50.54142857142857,2014,TX,PCT DENTED,86
2014-08-31,27.26142857142857,34.90857142857143,20.51,1.4928571428571429,50.54142857142857,2014,TX,PCT DOUGH,96
2014-08-31,27.26142857142857,34.90857142857143,20.51,1.4928571428571429,50.54142857142857,2014,TX,PCT MATURE,71
2014-08-31,27.26142857142857,34.90857142857143,20.51,1.4928571428571429,50.54142857142857,2014,TX,PCT HARVESTED,55
2014-09-07,25.045714285714286,31.442857142857143,19.124285714285715,4.534285714285714,57.77571428571429,2014,TX,PCT DENTED,90
2014-09-07,25.045714285714286,31.442857142857143,19.124285714285715,4.534285714285714,57.77571428571429,2014,TX,PCT DOUGH,97
2014-09-07,25.045714285714286,31.442857142857143,19.124285714285715,4.534285714285714,57.77571428571429,2014,TX,PCT MATURE,72
2014-09-07,25.045714285714286,31.442857142857143,19.124285714285715,4.534285714285714,57.77571428571429,2014,TX,PCT HARVESTED,57
2014-09-14,19.794285714285717,25.40571428571429,14.47,2.621428571428571,66.40142857142857,2014,TX,PCT DENTED,92
2014-09-14,19.794285714285717,25.40571428571429,14.47,2.621428571428571,66.40142857142857,2014,TX,PCT DOUGH,98
2014-09-14,19.794285714285717,25.40571428571429,14.47,2.621428571428571,66.40142857142857,2014,TX,PCT MATURE,74
2014-09-14,19.794285714285717,25.40571428571429,14.47,2.621428571428571,66.40142857142857,2014,TX,PCT HARVESTED,59
2014-09-21,20.75714285714286,24.882857142857144,17.54,9.597142857142858,86.34857142857143,2014,TX,PCT DENTED,93
2014-09-21,20.75714285714286,24.882857142857144,17.54,9.597142857142858,86.34857142857143,2014,TX,PCT DOUGH,100
2014-09-21,20.75714285714286,24.882857142857144,17.54,9.597142857142858,86.34857142857143,2014,TX,PCT MATURE,75
2014-09-21,20.75714285714286,24.882857142857144,17.54,9.597142857142858,86.34857142857143,2014,TX,PCT HARVESTED,67
2014-09-28,19.042857142857144,24.254285714285714,14.741428571428573,2.891428571428572,77.91857142857144,2014,TX,PCT DENTED,100
2014-09-28,19.042857142857144,24.254285714285714,14.741428571428573,2.891428571428572,77.91857142857144,2014,TX,PCT MATURE,76
2014-09-28,19.042857142857144,24.254285714285714,14.741428571428573,2.891428571428572,77.91857142857144,2014,TX,PCT HARVESTED,68
2014-10-05,17.95714285714286,26.184285714285718,11.12142857142857,0.0071428571428571,53.76857142857143,2014,TX,PCT MATURE,79
2014-10-05,17.95714285714286,26.184285714285718,11.12142857142857,0.0071428571428571,53.76857142857143,2014,TX,PCT HARVESTED,69
2014-10-12,18.79142857142857,27.434285714285718,11.774285714285714,0.7871428571428571,54.91285714285714,2014,TX,PCT MATURE,85
2014-10-12,18.79142857142857,27.434285714285718,11.774285714285714,0.7871428571428571,54.91285714285714,2014,TX,PCT HARVESTED,70
2014-10-19,15.497142857142858,23.95142857142857,8.822857142857144,0.0957142857142857,50.70714285714286,2014,TX,PCT MATURE,94
2014-10-19,15.497142857142858,23.95142857142857,8.822857142857144,0.0957142857142857,50.70714285714286,2014,TX,PCT HARVESTED,76
2014-10-26,18.685714285714287,26.99285714285714,12.314285714285717,0.9028571428571428,60.50285714285714,2014,TX,PCT MATURE,95
2014-10-26,18.685714285714287,26.99285714285714,12.314285714285717,0.9028571428571428,60.50285714285714,2014,TX,PCT HARVESTED,77
2014-11-02,13.72,21.464285714285715,7.482857142857142,0.0,52.34428571428572,2014,TX,PCT MATURE,99
2014-11-02,13.72,21.464285714285715,7.482857142857142,0.0,52.34428571428572,2014,TX,PCT HARVESTED,86
2014-11-09,11.034285714285716,18.087142857142855,6.214285714285714,5.967142857142858,65.09285714285714,2014,TX,PCT MATURE,100
2014-11-09,11.034285714285716,18.087142857142855,6.214285714285714,5.967142857142858,65.09285714285714,2014,TX,PCT HARVESTED,90
2014-11-16,0.5042857142857142,7.271428571428571,-4.965714285714286,0.1457142857142857,56.381428571428565,2014,TX,PCT HARVESTED,97
2014-11-23,5.007142857142857,14.18142857142857,-1.0671428571428572,0.08,55.04571428571428,2014,TX,PCT HARVESTED,98
2015-02-22,5.372857142857143,13.767142857142858,-2.0085714285714285,0.15,56.87285714285714,2015,TX,PCT PLANTED,2
2015-03-01,-2.184285714285714,3.531428571428571,-6.507142857142857,1.3557142857142856,68.32285714285715,2015,TX,PCT PLANTED,4
2015-03-08,3.82,11.891428571428571,-3.608571428571428,0.4585714285714286,69.21857142857144,2015,TX,PCT PLANTED,6
2015-03-15,11.385714285714286,19.712857142857143,4.095714285714286,0.0214285714285714,54.19714285714286,2015,TX,PCT PLANTED,11
2015-03-22,12.894285714285717,20.73,6.091428571428572,0.8242857142857142,60.38999999999999,2015,TX,PCT PLANTED,14
2015-03-29,15.654285714285717,26.07,6.144285714285714,0.0,35.45142857142857,2015,TX,PCT EMERGED,3
2015-03-29,15.654285714285717,26.07,6.144285714285714,0.0,35.45142857142857,2015,TX,PCT PLANTED,20
2015-04-05,16.687142857142856,25.388571428571428,8.56,0.1185714285714285,41.44571428571429,2015,TX,PCT EMERGED,8
2015-04-05,16.687142857142856,25.388571428571428,8.56,0.1185714285714285,41.44571428571429,2015,TX,PCT PLANTED,37
2015-04-12,18.85,27.665714285714284,10.84,1.0714285714285714,41.53857142857142,2015,TX,PCT EMERGED,22
2015-04-12,18.85,27.665714285714284,10.84,1.0714285714285714,41.53857142857142,2015,TX,PCT PLANTED,46
2015-04-19,14.872857142857145,22.68,7.274285714285715,2.605714285714285,49.20285714285715,2015,TX,PCT EMERGED,37
2015-04-19,14.872857142857145,22.68,7.274285714285715,2.605714285714285,49.20285714285715,2015,TX,PCT PLANTED,51
2015-04-26,17.361428571428572,25.47714285714286,9.794285714285715,1.195714285714286,46.39571428571429,2015,TX,PCT EMERGED,49
2015-04-26,17.361428571428572,25.47714285714286,9.794285714285715,1.195714285714286,46.39571428571429,2015,TX,PCT PLANTED,56
2015-05-03,15.952857142857145,23.74285714285714,7.689999999999999,2.3442857142857143,48.90428571428571,2015,TX,PCT EMERGED,60
2015-05-03,15.952857142857145,23.74285714285714,7.689999999999999,2.3442857142857143,48.90428571428571,2015,TX,PCT PLANTED,70
2015-05-10,18.54,24.908571428571427,11.972857142857142,15.615714285714288,67.56285714285714,2015,TX,PCT EMERGED,64
2015-05-10,18.54,24.908571428571427,11.972857142857142,15.615714285714288,67.56285714285714,2015,TX,PCT PLANTED,71
2015-05-10,18.54,24.908571428571427,11.972857142857142,15.615714285714288,67.56285714285714,2015,TX,PCT SILKING,3
2015-05-17,17.16857142857143,24.69142857142857,10.241428571428573,6.15,62.14,2015,TX,PCT EMERGED,73
2015-05-17,17.16857142857143,24.69142857142857,10.241428571428573,6.15,62.14,2015,TX,PCT PLANTED,75
2015-05-17,17.16857142857143,24.69142857142857,10.241428571428573,6.15,62.14,2015,TX,PCT SILKING,9
2015-05-24,17.625714285714285,24.24285714285714,11.757142857142856,4.737142857142857,69.68857142857142,2015,TX,PCT EMERGED,74
2015-05-24,17.625714285714285,24.24285714285714,11.757142857142856,4.737142857142857,69.68857142857142,2015,TX,PCT PLANTED,77
2015-05-24,17.625714285714285,24.24285714285714,11.757142857142856,4.737142857142857,69.68857142857142,2015,TX,PCT SILKING,15
2015-05-31,20.107142857142858,26.837142857142855,13.739999999999998,5.762857142857143,67.87142857142858,2015,TX,PCT EMERGED,78
2015-05-31,20.107142857142858,26.837142857142855,13.739999999999998,5.762857142857143,67.87142857142858,2015,TX,PCT PLANTED,83
2015-05-31,20.107142857142858,26.837142857142855,13.739999999999998,5.762857142857143,67.87142857142858,2015,TX,PCT SILKING,24
2015-06-07,23.93857142857143,31.40857142857143,16.342857142857145,0.6671428571428571,61.26285714285715,2015,TX,PCT EMERGED,88
2015-06-07,23.93857142857143,31.40857142857143,16.342857142857145,0.6671428571428571,61.26285714285715,2015,TX,PCT PLANTED,93
2015-06-07,23.93857142857143,31.40857142857143,16.342857142857145,0.6671428571428571,61.26285714285715,2015,TX,PCT SILKING,36
2015-06-14,24.967142857142857,30.770000000000003,19.34857142857143,7.367142857142856,62.941428571428574,2015,TX,PCT EMERGED,94
2015-06-14,24.967142857142857,30.770000000000003,19.34857142857143,7.367142857142856,62.941428571428574,2015,TX,PCT PLANTED,98
2015-06-14,24.967142857142857,30.770000000000003,19.34857142857143,7.367142857142856,62.941428571428574,2015,TX,PCT SILKING,42
2015-06-21,23.99571428571429,30.13142857142857,18.175714285714285,1.7342857142857144,69.49142857142857,2015,TX,PCT DENTED,4
2015-06-21,23.99571428571429,30.13142857142857,18.175714285714285,1.7342857142857144,69.49142857142857,2015,TX,PCT DOUGH,16
2015-06-21,23.99571428571429,30.13142857142857,18.175714285714285,1.7342857142857144,69.49142857142857,2015,TX,PCT EMERGED,95
2015-06-21,23.99571428571429,30.13142857142857,18.175714285714285,1.7342857142857144,69.49142857142857,2015,TX,PCT PLANTED,99
2015-06-21,23.99571428571429,30.13142857142857,18.175714285714285,1.7342857142857144,69.49142857142857,2015,TX,PCT SILKING,48
2015-06-28,25.33857142857143,31.867142857142856,18.74,0.1728571428571428,58.18142857142857,2015,TX,PCT DENTED,13
2015-06-28,25.33857142857143,31.867142857142856,18.74,0.1728571428571428,58.18142857142857,2015,TX,PCT DOUGH,28
2015-06-28,25.33857142857143,31.867142857142856,18.74,0.1728571428571428,58.18142857142857,2015,TX,PCT EMERGED,99
2015-06-28,25.33857142857143,31.867142857142856,18.74,0.1728571428571428,58.18142857142857,2015,TX,PCT PLANTED,100
2015-06-28,25.33857142857143,31.867142857142856,18.74,0.1728571428571428,58.18142857142857,2015,TX,PCT SILKING,51
2015-07-05,26.255714285714284,32.59428571428571,19.885714285714283,1.7742857142857142,55.98142857142857,2015,TX,PCT DENTED,23
2015-07-05,26.255714285714284,32.59428571428571,19.885714285714283,1.7742857142857142,55.98142857142857,2015,TX,PCT DOUGH,43
2015-07-05,26.255714285714284,32.59428571428571,19.885714285714283,1.7742857142857142,55.98142857142857,2015,TX,PCT EMERGED,100
2015-07-05,26.255714285714284,32.59428571428571,19.885714285714283,1.7742857142857142,55.98142857142857,2015,TX,PCT MATURE,4
2015-07-05,26.255714285714284,32.59428571428571,19.885714285714283,1.7742857142857142,55.98142857142857,2015,TX,PCT SILKING,60
2015-07-12,23.738571428571426,29.872857142857143,17.80857142857143,10.41,71.79714285714286,2015,TX,PCT DENTED,30
2015-07-12,23.738571428571426,29.872857142857143,17.80857142857143,10.41,71.79714285714286,2015,TX,PCT DOUGH,44
2015-07-12,23.738571428571426,29.872857142857143,17.80857142857143,10.41,71.79714285714286,2015,TX,PCT MATURE,10
2015-07-12,23.738571428571426,29.872857142857143,17.80857142857143,10.41,71.79714285714286,2015,TX,PCT SILKING,74
2015-07-19,27.462857142857143,35.14,20.395714285714288,0.0628571428571428,51.721428571428575,2015,TX,PCT DENTED,40
2015-07-19,27.462857142857143,35.14,20.395714285714288,0.0628571428571428,51.721428571428575,2015,TX,PCT DOUGH,54
2015-07-19,27.462857142857143,35.14,20.395714285714288,0.0628571428571428,51.721428571428575,2015,TX,PCT MATURE,23
2015-07-19,27.462857142857143,35.14,20.395714285714288,0.0628571428571428,51.721428571428575,2015,TX,PCT SILKING,75
2015-07-26,27.897142857142857,34.464285714285715,21.75714285714286,2.2985714285714285,54.57142857142857,2015,TX,PCT DENTED,50
2015-07-26,27.897142857142857,34.464285714285715,21.75714285714286,2.2985714285714285,54.57142857142857,2015,TX,PCT DOUGH,64
2015-07-26,27.897142857142857,34.464285714285715,21.75714285714286,2.2985714285714285,54.57142857142857,2015,TX,PCT MATURE,33
2015-07-26,27.897142857142857,34.464285714285715,21.75714285714286,2.2985714285714285,54.57142857142857,2015,TX,PCT SILKING,84
2015-08-02,27.52285714285714,33.825714285714284,21.56714285714286,2.6557142857142857,58.06142857142857,2015,TX,PCT DENTED,53
2015-08-02,27.52285714285714,33.825714285714284,21.56714285714286,2.6557142857142857,58.06142857142857,2015,TX,PCT DOUGH,74
2015-08-02,27.52285714285714,33.825714285714284,21.56714285714286,2.6557142857142857,58.06142857142857,2015,TX,PCT MATURE,44
2015-08-02,27.52285714285714,33.825714285714284,21.56714285714286,2.6557142857142857,58.06142857142857,2015,TX,PCT SILKING,91
2015-08-09,29.22142857142857,37.05857142857143,22.24714285714285,0.8357142857142856,47.34,2015,TX,PCT DENTED,55
2015-08-09,29.22142857142857,37.05857142857143,22.24714285714285,0.8357142857142856,47.34,2015,TX,PCT DOUGH,86
2015-08-09,29.22142857142857,37.05857142857143,22.24714285714285,0.8357142857142856,47.34,2015,TX,PCT MATURE,49
2015-08-09,29.22142857142857,37.05857142857143,22.24714285714285,0.8357142857142856,47.34,2015,TX,PCT SILKING,97
2015-08-09,29.22142857142857,37.05857142857143,22.24714285714285,0.8357142857142856,47.34,2015,TX,PCT HARVESTED,23
2015-08-16,27.90571428571429,34.30571428571428,21.81,0.6257142857142857,53.54,2015,TX,PCT DENTED,58
2015-08-16,27.90571428571429,34.30571428571428,21.81,0.6257142857142857,53.54,2015,TX,PCT DOUGH,87
2015-08-16,27.90571428571429,34.30571428571428,21.81,0.6257142857142857,53.54,2015,TX,PCT MATURE,53
2015-08-16,27.90571428571429,34.30571428571428,21.81,0.6257142857142857,53.54,2015,TX,PCT SILKING,98
2015-08-16,27.90571428571429,34.30571428571428,21.81,0.6257142857142857,53.54,2015,TX,PCT HARVESTED,40
2015-08-23,24.695714285714285,31.294285714285717,18.304285714285715,1.117142857142857,53.86142857142857,2015,TX,PCT DENTED,65
2015-08-23,24.695714285714285,31.294285714285717,18.304285714285715,1.117142857142857,53.86142857142857,2015,TX,PCT DOUGH,88
2015-08-23,24.695714285714285,31.294285714285717,18.304285714285715,1.117142857142857,53.86142857142857,2015,TX,PCT MATURE,55
2015-08-23,24.695714285714285,31.294285714285717,18.304285714285715,1.117142857142857,53.86142857142857,2015,TX,PCT SILKING,100
2015-08-23,24.695714285714285,31.294285714285717,18.304285714285715,1.117142857142857,53.86142857142857,2015,TX,PCT HARVESTED,47
2015-08-30,26.395714285714288,33.76285714285714,19.56857142857143,0.7871428571428571,50.49428571428571,2015,TX,PCT DENTED,69
2015-08-30,26.395714285714288,33.76285714285714,19.56857142857143,0.7871428571428571,50.49428571428571,2015,TX,PCT DOUGH,90
2015-08-30,26.395714285714288,33.76285714285714,19.56857142857143,0.7871428571428571,50.49428571428571,2015,TX,PCT MATURE,56
2015-08-30,26.395714285714288,33.76285714285714,19.56857142857143,0.7871428571428571,50.49428571428571,2015,TX,PCT HARVESTED,50
2015-09-06,27.224285714285717,34.93571428571428,20.024285714285718,0.0228571428571428,45.83714285714286,2015,TX,PCT DENTED,75
2015-09-06,27.224285714285717,34.93571428571428,20.024285714285718,0.0228571428571428,45.83714285714286,2015,TX,PCT DOUGH,92
2015-09-06,27.224285714285717,34.93571428571428,20.024285714285718,0.0228571428571428,45.83714285714286,2015,TX,PCT MATURE,57
2015-09-06,27.224285714285717,34.93571428571428,20.024285714285718,0.0228571428571428,45.83714285714286,2015,TX,PCT HARVESTED,52
2015-09-13,24.92285714285714,32.002857142857145,19.232857142857146,0.7942857142857144,56.794285714285714,2015,TX,PCT DENTED,86
2015-09-13,24.92285714285714,32.002857142857145,19.232857142857146,0.7942857142857144,56.794285714285714,2015,TX,PCT DOUGH,95
2015-09-13,24.92285714285714,32.002857142857145,19.232857142857146,0.7942857142857144,56.794285714285714,2015,TX,PCT MATURE,70
2015-09-13,24.92285714285714,32.002857142857145,19.232857142857146,0.7942857142857144,56.794285714285714,2015,TX,PCT HARVESTED,53
2015-09-20,25.60142857142857,33.72428571428571,18.455714285714286,0.3542857142857142,49.53142857142858,2015,TX,PCT DENTED,88
2015-09-20,25.60142857142857,33.72428571428571,18.455714285714286,0.3542857142857142,49.53142857142858,2015,TX,PCT DOUGH,97
2015-09-20,25.60142857142857,33.72428571428571,18.455714285714286,0.3542857142857142,49.53142857142858,2015,TX,PCT MATURE,73
2015-09-20,25.60142857142857,33.72428571428571,18.455714285714286,0.3542857142857142,49.53142857142858,2015,TX,PCT HARVESTED,61
2015-09-27,22.23,28.28142857142857,16.83142857142857,2.247142857142857,59.77428571428572,2015,TX,PCT DENTED,90
2015-09-27,22.23,28.28142857142857,16.83142857142857,2.247142857142857,59.77428571428572,2015,TX,PCT DOUGH,100
2015-09-27,22.23,28.28142857142857,16.83142857142857,2.247142857142857,59.77428571428572,2015,TX,PCT MATURE,76
2015-09-27,22.23,28.28142857142857,16.83142857142857,2.247142857142857,59.77428571428572,2015,TX,PCT HARVESTED,63
2015-10-04,19.377142857142854,25.454285714285717,14.122857142857145,2.981428571428571,59.34,2015,TX,PCT DENTED,98
2015-10-04,19.377142857142854,25.454285714285717,14.122857142857145,2.981428571428571,59.34,2015,TX,PCT MATURE,84
2015-10-04,19.377142857142854,25.454285714285717,14.122857142857145,2.981428571428571,59.34,2015,TX,PCT HARVESTED,64
2015-10-11,17.795714285714286,24.12,12.618571428571428,4.264285714285714,74.37857142857142,2015,TX,PCT DENTED,100
2015-10-11,17.795714285714286,24.12,12.618571428571428,4.264285714285714,74.37857142857142,2015,TX,PCT MATURE,87
2015-10-11,17.795714285714286,24.12,12.618571428571428,4.264285714285714,74.37857142857142,2015,TX,PCT HARVESTED,67
2015-10-18,18.62,26.92142857142857,12.075714285714286,0.0171428571428571,52.03000000000001,2015,TX,PCT MATURE,90
2015-10-18,18.62,26.92142857142857,12.075714285714286,0.0171428571428571,52.03000000000001,2015,TX,PCT HARVESTED,75
2015-10-25,15.125714285714285,21.294285714285717,10.031428571428572,9.605714285714289,70.41,2015,TX,PCT MATURE,98
2015-10-25,15.125714285714285,21.294285714285717,10.031428571428572,9.605714285714289,70.41,2015,TX,PCT HARVESTED,77
2015-11-01,12.81857142857143,20.63,6.272857142857142,1.5042857142857142,58.99428571428572,2015,TX,PCT MATURE,100
2015-11-01,12.81857142857143,20.63,6.272857142857142,1.5042857142857142,58.99428571428572,2015,TX,PCT HARVESTED,84
2015-11-08,12.052857142857144,20.845714285714283,5.114285714285714,0.0114285714285714,59.19714285714286,2015,TX,PCT HARVESTED,87
2015-11-15,10.537142857142856,18.10142857142857,4.597142857142857,0.0471428571428571,63.38285714285714,2015,TX,PCT HARVESTED,92
2015-11-22,7.141428571428572,15.547142857142855,0.4728571428571427,0.5328571428571428,54.86714285714286,2015,TX,PCT HARVESTED,93
2015-11-29,5.685714285714285,12.052857142857144,-0.5099999999999999,3.5542857142857143,72.82571428571428,2015,TX,PCT HARVESTED,96
2016-03-06,13.654285714285717,22.634285714285717,6.162857142857143,0.0,44.425714285714285,2016,TX,PCT PLANTED,5
2016-03-13,13.278571428571428,21.325714285714287,7.174285714285714,0.95,55.04571428571428,2016,TX,PCT PLANTED,20
2016-03-20,10.697142857142856,19.81142857142857,1.9571428571428573,0.0,41.97857142857144,2016,TX,PCT PLANTED,29
2016-03-27,12.318571428571428,21.884285714285717,2.7728571428571427,0.0057142857142857,36.22428571428571,2016,TX,PCT EMERGED,5
2016-03-27,12.318571428571428,21.884285714285717,2.7728571428571427,0.0057142857142857,36.22428571428571,2016,TX,PCT PLANTED,38
2016-04-03,12.989999999999998,21.417142857142856,4.555714285714286,0.47,41.63428571428572,2016,TX,PCT EMERGED,23
2016-04-03,12.989999999999998,21.417142857142856,4.555714285714286,0.47,41.63428571428572,2016,TX,PCT PLANTED,42
2016-04-10,16.77285714285714,25.874285714285715,8.35,0.5999999999999999,38.64714285714285,2016,TX,PCT EMERGED,33
2016-04-10,16.77285714285714,25.874285714285715,8.35,0.5999999999999999,38.64714285714285,2016,TX,PCT PLANTED,46
2016-04-17,15.427142857142856,23.532857142857143,8.391428571428571,1.282857142857143,57.51714285714286,2016,TX,PCT EMERGED,40
2016-04-17,15.427142857142856,23.532857142857143,8.391428571428571,1.282857142857143,57.51714285714286,2016,TX,PCT PLANTED,49
2016-04-24,16.872857142857143,25.24,9.145714285714286,1.91,57.20285714285715,2016,TX,PCT EMERGED,43
2016-04-24,16.872857142857143,25.24,9.145714285714286,1.91,57.20285714285715,2016,TX,PCT PLANTED,52
2016-05-01,17.054285714285715,25.542857142857144,8.111428571428572,0.7842857142857144,40.38,2016,TX,PCT EMERGED,47
2016-05-01,17.054285714285715,25.542857142857144,8.111428571428572,0.7842857142857144,40.38,2016,TX,PCT PLANTED,66
2016-05-08,19.27285714285714,28.785714285714285,10.054285714285712,0.1457142857142857,38.75,2016,TX,PCT EMERGED,57
2016-05-08,19.27285714285714,28.785714285714285,10.054285714285712,0.1457142857142857,38.75,2016,TX,PCT PLANTED,69
2016-05-08,19.27285714285714,28.785714285714285,10.054285714285712,0.1457142857142857,38.75,2016,TX,PCT SILKING,5
2016-05-15,19.064285714285717,26.26571428571429,11.635714285714286,3.2028571428571437,49.92142857142857,2016,TX,PCT EMERGED,64
2016-05-15,19.064285714285717,26.26571428571429,11.635714285714286,3.2028571428571437,49.92142857142857,2016,TX,PCT PLANTED,78
2016-05-15,19.064285714285717,26.26571428571429,11.635714285714286,3.2028571428571437,49.92142857142857,2016,TX,PCT SILKING,17
2016-05-22,18.10142857142857,24.617142857142856,12.377142857142855,4.754285714285714,71.27857142857142,2016,TX,PCT EMERGED,65
2016-05-22,18.10142857142857,24.617142857142856,12.377142857142855,4.754285714285714,71.27857142857142,2016,TX,PCT PLANTED,79
2016-05-22,18.10142857142857,24.617142857142856,12.377142857142855,4.754285714285714,71.27857142857142,2016,TX,PCT SILKING,21
2016-05-29,23.32857142857143,31.945714285714285,15.284285714285716,1.0242857142857142,43.721428571428575,2016,TX,PCT EMERGED,78
2016-05-29,23.32857142857143,31.945714285714285,15.284285714285716,1.0242857142857142,43.721428571428575,2016,TX,PCT PLANTED,93
2016-05-29,23.32857142857143,31.945714285714285,15.284285714285716,1.0242857142857142,43.721428571428575,2016,TX,PCT SILKING,28
2016-06-05,20.954285714285717,27.305714285714284,15.63714285714286,6.625714285714285,67.88428571428571,2016,TX,PCT EMERGED,90
2016-06-05,20.954285714285717,27.305714285714284,15.63714285714286,6.625714285714285,67.88428571428571,2016,TX,PCT PLANTED,96
2016-06-05,20.954285714285717,27.305714285714284,15.63714285714286,6.625714285714285,67.88428571428571,2016,TX,PCT SILKING,35
2016-06-12,24.692857142857143,31.665714285714284,18.342857142857145,1.1128571428571428,57.58571428571429,2016,TX,PCT EMERGED,93
2016-06-12,24.692857142857143,31.665714285714284,18.342857142857145,1.1128571428571428,57.58571428571429,2016,TX,PCT PLANTED,99
2016-06-12,24.692857142857143,31.665714285714284,18.342857142857145,1.1128571428571428,57.58571428571429,2016,TX,PCT SILKING,38
2016-06-19,28.795714285714286,36.96571428571429,21.01,1.3242857142857145,50.24428571428572,2016,TX,PCT DENTED,7
2016-06-19,28.795714285714286,36.96571428571429,21.01,1.3242857142857145,50.24428571428572,2016,TX,PCT DOUGH,13
2016-06-19,28.795714285714286,36.96571428571429,21.01,1.3242857142857145,50.24428571428572,2016,TX,PCT EMERGED,94
2016-06-19,28.795714285714286,36.96571428571429,21.01,1.3242857142857145,50.24428571428572,2016,TX,PCT SILKING,41
2016-06-26,27.821428571428573,34.752857142857145,21.02857142857143,0.3071428571428571,48.527142857142856,2016,TX,PCT DENTED,26
2016-06-26,27.821428571428573,34.752857142857145,21.02857142857143,0.3071428571428571,48.527142857142856,2016,TX,PCT DOUGH,35
2016-06-26,27.821428571428573,34.752857142857145,21.02857142857143,0.3071428571428571,48.527142857142856,2016,TX,PCT EMERGED,99
2016-06-26,27.821428571428573,34.752857142857145,21.02857142857143,0.3071428571428571,48.527142857142856,2016,TX,PCT SILKING,46
2016-07-03,27.49,34.247142857142855,20.197142857142858,1.167142857142857,51.44571428571429,2016,TX,PCT DENTED,37
2016-07-03,27.49,34.247142857142855,20.197142857142858,1.167142857142857,51.44571428571429,2016,TX,PCT DOUGH,45
2016-07-03,27.49,34.247142857142855,20.197142857142858,1.167142857142857,51.44571428571429,2016,TX,PCT SILKING,53
2016-07-10,31.23857142857143,39.48714285714285,23.325714285714287,0.41,39.76857142857143,2016,TX,PCT DENTED,45
2016-07-10,31.23857142857143,39.48714285714285,23.325714285714287,0.41,39.76857142857143,2016,TX,PCT DOUGH,50
2016-07-10,31.23857142857143,39.48714285714285,23.325714285714287,0.41,39.76857142857143,2016,TX,PCT MATURE,19
2016-07-10,31.23857142857143,39.48714285714285,23.325714285714287,0.41,39.76857142857143,2016,TX,PCT SILKING,67
2016-07-17,31.445714285714285,39.987142857142864,23.38714285714286,1.1957142857142855,37.22714285714286,2016,TX,PCT DENTED,47
2016-07-17,31.445714285714285,39.987142857142864,23.38714285714286,1.1957142857142855,37.22714285714286,2016,TX,PCT DOUGH,53
2016-07-17,31.445714285714285,39.987142857142864,23.38714285714286,1.1957142857142855,37.22714285714286,2016,TX,PCT MATURE,32
2016-07-17,31.445714285714285,39.987142857142864,23.38714285714286,1.1957142857142855,37.22714285714286,2016,TX,PCT SILKING,74
2016-07-24,30.12142857142857,37.53714285714285,22.585714285714285,0.0,38.66142857142857,2016,TX,PCT DENTED,52
2016-07-24,30.12142857142857,37.53714285714285,22.585714285714285,0.0,38.66142857142857,2016,TX,PCT DOUGH,58
2016-07-24,30.12142857142857,37.53714285714285,22.585714285714285,0.0,38.66142857142857,2016,TX,PCT MATURE,41
2016-07-24,30.12142857142857,37.53714285714285,22.585714285714285,0.0,38.66142857142857,2016,TX,PCT SILKING,92
2016-07-31,29.254285714285714,35.87571428571429,22.631428571428568,1.3471428571428572,45.98,2016,TX,PCT DENTED,56
2016-07-31,29.254285714285714,35.87571428571429,22.631428571428568,1.3471428571428572,45.98,2016,TX,PCT DOUGH,68
2016-07-31,29.254285714285714,35.87571428571429,22.631428571428568,1.3471428571428572,45.98,2016,TX,PCT MATURE,45
2016-07-31,29.254285714285714,35.87571428571429,22.631428571428568,1.3471428571428572,45.98,2016,TX,PCT SILKING,96
2016-07-31,29.254285714285714,35.87571428571429,22.631428571428568,1.3471428571428572,45.98,2016,TX,PCT HARVESTED,16
2016-08-07,29.99571428571429,36.737142857142864,23.51142857142857,0.4171428571428571,38.83142857142857,2016,TX,PCT DENTED,57
2016-08-07,29.99571428571429,36.737142857142864,23.51142857142857,0.4171428571428571,38.83142857142857,2016,TX,PCT DOUGH,87
2016-08-07,29.99571428571429,36.737142857142864,23.51142857142857,0.4171428571428571,38.83142857142857,2016,TX,PCT MATURE,46
2016-08-07,29.99571428571429,36.737142857142864,23.51142857142857,0.4171428571428571,38.83142857142857,2016,TX,PCT SILKING,98
2016-08-07,29.99571428571429,36.737142857142864,23.51142857142857,0.4171428571428571,38.83142857142857,2016,TX,PCT HARVESTED,33
2016-08-14,26.7,32.55285714285714,21.504285714285714,3.1757142857142857,56.011428571428574,2016,TX,PCT DENTED,60
2016-08-14,26.7,32.55285714285714,21.504285714285714,3.1757142857142857,56.011428571428574,2016,TX,PCT DOUGH,91
2016-08-14,26.7,32.55285714285714,21.504285714285714,3.1757142857142857,56.011428571428574,2016,TX,PCT MATURE,52
2016-08-14,26.7,32.55285714285714,21.504285714285714,3.1757142857142857,56.011428571428574,2016,TX,PCT HARVESTED,38
2016-08-21,24.49857142857143,31.99285714285714,17.162857142857142,1.062857142857143,52.58,2016,TX,PCT DENTED,70
2016-08-21,24.49857142857143,31.99285714285714,17.162857142857142,1.062857142857143,52.58,2016,TX,PCT DOUGH,96
2016-08-21,24.49857142857143,31.99285714285714,17.162857142857142,1.062857142857143,52.58,2016,TX,PCT MATURE,57
2016-08-21,24.49857142857143,31.99285714285714,17.162857142857142,1.062857142857143,52.58,2016,TX,PCT HARVESTED,47
2016-08-28,23.555714285714284,29.40714285714285,18.792857142857144,3.571428571428572,70.04428571428572,2016,TX,PCT DENTED,74
2016-08-28,23.555714285714284,29.40714285714285,18.792857142857144,3.571428571428572,70.04428571428572,2016,TX,PCT DOUGH,100
2016-08-28,23.555714285714284,29.40714285714285,18.792857142857144,3.571428571428572,70.04428571428572,2016,TX,PCT MATURE,65
2016-08-28,23.555714285714284,29.40714285714285,18.792857142857144,3.571428571428572,70.04428571428572,2016,TX,PCT HARVESTED,56
2016-09-04,22.138571428571428,26.81714285714286,18.215714285714288,8.581428571428571,79.67571428571429,2016,TX,PCT DENTED,82
2016-09-04,22.138571428571428,26.81714285714286,18.215714285714288,8.581428571428571,79.67571428571429,2016,TX,PCT DOUGH,100
2016-09-04,22.138571428571428,26.81714285714286,18.215714285714288,8.581428571428571,79.67571428571429,2016,TX,PCT MATURE,66
2016-09-04,22.138571428571428,26.81714285714286,18.215714285714288,8.581428571428571,79.67571428571429,2016,TX,PCT HARVESTED,57
2016-09-11,23.32857142857143,29.594285714285714,17.902857142857144,4.445714285714286,67.61285714285714,2016,TX,PCT DENTED,83
2016-09-11,23.32857142857143,29.594285714285714,17.902857142857144,4.445714285714286,67.61285714285714,2016,TX,PCT MATURE,67
2016-09-11,23.32857142857143,29.594285714285714,17.902857142857144,4.445714285714286,67.61285714285714,2016,TX,PCT HARVESTED,58
2016-09-18,22.56714285714286,28.368571428571425,18.255714285714287,4.28,76.86428571428571,2016,TX,PCT DENTED,93
2016-09-18,22.56714285714286,28.368571428571425,18.255714285714287,4.28,76.86428571428571,2016,TX,PCT MATURE,75
2016-09-18,22.56714285714286,28.368571428571425,18.255714285714287,4.28,76.86428571428571,2016,TX,PCT HARVESTED,63
2016-09-25,23.212857142857143,29.487142857142857,17.40285714285714,0.3157142857142857,63.60428571428572,2016,TX,PCT DENTED,94
2016-09-25,23.212857142857143,29.487142857142857,17.40285714285714,0.3157142857142857,63.60428571428572,2016,TX,PCT MATURE,76
2016-09-25,23.212857142857143,29.487142857142857,17.40285714285714,0.3157142857142857,63.60428571428572,2016,TX,PCT HARVESTED,64
2016-10-02,19.071428571428573,27.36285714285714,12.122857142857145,0.0114285714285714,50.75714285714286,2016,TX,PCT DENTED,98
2016-10-02,19.071428571428573,27.36285714285714,12.122857142857145,0.0114285714285714,50.75714285714286,2016,TX,PCT MATURE,86
2016-10-02,19.071428571428573,27.36285714285714,12.122857142857145,0.0114285714285714,50.75714285714286,2016,TX,PCT HARVESTED,75
2016-10-09,18.63,26.697142857142858,11.428571428571429,0.3714285714285714,49.95857142857143,2016,TX,PCT MATURE,90
2016-10-09,18.63,26.697142857142858,11.428571428571429,0.3714285714285714,49.95857142857143,2016,TX,PCT HARVESTED,76
2016-10-16,18.75142857142857,26.93428571428572,11.934285714285716,1.5471428571428572,58.36142857142857,2016,TX,PCT MATURE,95
2016-10-16,18.75142857142857,26.93428571428572,11.934285714285716,1.5471428571428572,58.36142857142857,2016,TX,PCT HARVESTED,80
2016-10-23,17.725714285714286,27.46142857142857,9.815714285714284,0.0,43.15714285714286,2016,TX,PCT HARVESTED,85
2016-10-30,19.17142857142857,27.805714285714284,12.82,0.0,60.15857142857143,2016,TX,PCT HARVESTED,90
2016-11-06,16.85142857142857,22.53142857142857,12.264285714285714,4.6,68.82428571428571,2016,TX,PCT HARVESTED,95
2016-11-13,11.27,18.555714285714284,6.14,0.05,69.39571428571428,2016,TX,PCT HARVESTED,97
2016-11-20,11.264285714285714,20.844285714285714,4.132857142857143,0.0,42.75142857142857,2016,TX,PCT HARVESTED,98
2016-11-27,10.17,18.435714285714287,3.914285714285714,0.0699999999999999,59.51571428571429,2016,TX,PCT HARVESTED,100
2017-03-05,11.54,20.135714285714283,3.715714285714285,0.0,42.847142857142856,2017,TX,PCT PLANTED,15
2017-03-12,12.441428571428572,22.295714285714286,4.481428571428571,0.0,47.85428571428572,2017,TX,PCT PLANTED,25
2017-03-19,15.911428571428573,26.24142857142857,7.27,0.0014285714285714,52.03428571428572,2017,TX,PCT PLANTED,31
2017-03-26,17.15,26.177142857142854,8.957142857142857,0.2728571428571428,43.03,2017,TX,PCT EMERGED,14
2017-03-26,17.15,26.177142857142854,8.957142857142857,0.2728571428571428,43.03,2017,TX,PCT PLANTED,45
2017-04-02,12.132857142857144,19.71142857142857,5.055714285714286,4.278571428571429,62.25,2017,TX,PCT EMERGED,25
2017-04-02,12.132857142857144,19.71142857142857,5.055714285714286,4.278571428571429,62.25,2017,TX,PCT PLANTED,56
2017-04-09,15.367142857142856,24.922857142857143,6.104285714285715,0.09,41.271428571428565,2017,TX,PCT EMERGED,32
2017-04-09,15.367142857142856,24.922857142857143,6.104285714285715,0.09,41.271428571428565,2017,TX,PCT PLANTED,59
2017-04-16,18.037142857142857,25.08428571428572,12.045714285714284,3.6885714285714286,60.19857142857143,2017,TX,PCT EMERGED,56
2017-04-16,18.037142857142857,25.08428571428572,12.045714285714284,3.6885714285714286,60.19857142857143,2017,TX,PCT PLANTED,60
2017-04-23,17.834285714285716,26.427142857142854,9.712857142857144,0.2414285714285714,52.73,2017,TX,PCT EMERGED,60
2017-04-23,17.834285714285716,26.427142857142854,9.712857142857144,0.2414285714285714,52.73,2017,TX,PCT PLANTED,68
2017-04-30,15.641428571428571,24.24857142857143,7.415714285714285,2.0571428571428574,42.82142857142857,2017,TX,PCT EMERGED,64
2017-04-30,15.641428571428571,24.24857142857143,7.415714285714285,2.0571428571428574,42.82142857142857,2017,TX,PCT PLANTED,71
2017-05-07,18.18857142857143,27.852857142857143,8.461428571428572,0.01,38.05142857142857,2017,TX,PCT EMERGED,67
2017-05-07,18.18857142857143,27.852857142857143,8.461428571428572,0.01,38.05142857142857,2017,TX,PCT PLANTED,77
2017-05-07,18.18857142857143,27.852857142857143,8.461428571428572,0.01,38.05142857142857,2017,TX,PCT SILKING,8
2017-05-14,20.104285714285712,28.44,12.077142857142857,2.1228571428571428,49.81142857142857,2017,TX,PCT EMERGED,72
2017-05-14,20.104285714285712,28.44,12.077142857142857,2.1228571428571428,49.81142857142857,2017,TX,PCT PLANTED,80
2017-05-14,20.104285714285712,28.44,12.077142857142857,2.1228571428571428,49.81142857142857,2017,TX,PCT SILKING,15
2017-05-21,21.10571428571429,29.56,12.664285714285716,0.4328571428571428,38.65,2017,TX,PCT EMERGED,76
2017-05-21,21.10571428571429,29.56,12.664285714285716,0.4328571428571428,38.65,2017,TX,PCT PLANTED,87
2017-05-21,21.10571428571429,29.56,12.664285714285716,0.4328571428571428,38.65,2017,TX,PCT SILKING,20
2017-05-28,22.06571428571429,30.77857142857143,13.1,0.4599999999999999,36.40857142857143,2017,TX,PCT EMERGED,86
2017-05-28,22.06571428571429,30.77857142857143,13.1,0.4599999999999999,36.40857142857143,2017,TX,PCT PLANTED,96
2017-05-28,22.06571428571429,30.77857142857143,13.1,0.4599999999999999,36.40857142857143,2017,TX,PCT SILKING,30
2017-06-04,21.53142857142857,27.937142857142856,15.284285714285714,1.2985714285714285,57.9,2017,TX,PCT EMERGED,89
2017-06-04,21.53142857142857,27.937142857142856,15.284285714285714,1.2985714285714285,57.9,2017,TX,PCT PLANTED,98
2017-06-04,21.53142857142857,27.937142857142856,15.284285714285714,1.2985714285714285,57.9,2017,TX,PCT SILKING,38
2017-06-11,25.74428571428572,33.434285714285714,17.767142857142858,1.1157142857142857,50.62285714285714,2017,TX,PCT EMERGED,96
2017-06-11,25.74428571428572,33.434285714285714,17.767142857142858,1.1157142857142857,50.62285714285714,2017,TX,PCT PLANTED,100
2017-06-11,25.74428571428572,33.434285714285714,17.767142857142858,1.1157142857142857,50.62285714285714,2017,TX,PCT SILKING,52
2017-06-18,29.15714285714285,38.38142857142857,20.467142857142857,0.9971428571428572,41.27285714285714,2017,TX,PCT DENTED,4
2017-06-18,29.15714285714285,38.38142857142857,20.467142857142857,0.9971428571428572,41.27285714285714,2017,TX,PCT DOUGH,18
2017-06-18,29.15714285714285,38.38142857142857,20.467142857142857,0.9971428571428572,41.27285714285714,2017,TX,PCT EMERGED,98
2017-06-18,29.15714285714285,38.38142857142857,20.467142857142857,0.9971428571428572,41.27285714285714,2017,TX,PCT SILKING,53
2017-06-25,26.972857142857144,34.01571428571429,19.647142857142857,1.4828571428571429,49.38,2017,TX,PCT DENTED,25
2017-06-25,26.972857142857144,34.01571428571429,19.647142857142857,1.4828571428571429,49.38,2017,TX,PCT DOUGH,40
2017-06-25,26.972857142857144,34.01571428571429,19.647142857142857,1.4828571428571429,49.38,2017,TX,PCT SILKING,56
2017-07-02,25.74857142857143,32.871428571428574,18.928571428571427,8.879999999999999,59.24714285714286,2017,TX,PCT DENTED,35
2017-07-02,25.74857142857143,32.871428571428574,18.928571428571427,8.879999999999999,59.24714285714286,2017,TX,PCT DOUGH,48
2017-07-02,25.74857142857143,32.871428571428574,18.928571428571427,8.879999999999999,59.24714285714286,2017,TX,PCT SILKING,63
2017-07-09,26.672857142857143,33.70142857142857,19.50714285714286,2.432857142857143,54.59,2017,TX,PCT DENTED,46
2017-07-09,26.672857142857143,33.70142857142857,19.50714285714286,2.432857142857143,54.59,2017,TX,PCT DOUGH,53
2017-07-09,26.672857142857143,33.70142857142857,19.50714285714286,2.432857142857143,54.59,2017,TX,PCT MATURE,15
2017-07-09,26.672857142857143,33.70142857142857,19.50714285714286,2.432857142857143,54.59,2017,TX,PCT SILKING,65
2017-07-16,27.647142857142857,34.44857142857143,20.954285714285717,0.4871428571428571,45.06857142857143,2017,TX,PCT DENTED,53
2017-07-16,27.647142857142857,34.44857142857143,20.954285714285717,0.4871428571428571,45.06857142857143,2017,TX,PCT DOUGH,56
2017-07-16,27.647142857142857,34.44857142857143,20.954285714285717,0.4871428571428571,45.06857142857143,2017,TX,PCT MATURE,25
2017-07-16,27.647142857142857,34.44857142857143,20.954285714285717,0.4871428571428571,45.06857142857143,2017,TX,PCT SILKING,70
2017-07-23,28.942857142857143,35.621428571428574,22.268571428571427,0.5342857142857144,45.451428571428565,2017,TX,PCT DENTED,55
2017-07-23,28.942857142857143,35.621428571428574,22.268571428571427,0.5342857142857144,45.451428571428565,2017,TX,PCT DOUGH,57
2017-07-23,28.942857142857143,35.621428571428574,22.268571428571427,0.5342857142857144,45.451428571428565,2017,TX,PCT MATURE,40
2017-07-23,28.942857142857143,35.621428571428574,22.268571428571427,0.5342857142857144,45.451428571428565,2017,TX,PCT SILKING,74
2017-07-30,28.85571428571429,35.417142857142856,22.634285714285717,4.688571428571429,47.77285714285714,2017,TX,PCT DENTED,57
2017-07-30,28.85571428571429,35.417142857142856,22.634285714285717,4.688571428571429,47.77285714285714,2017,TX,PCT DOUGH,62
2017-07-30,28.85571428571429,35.417142857142856,22.634285714285717,4.688571428571429,47.77285714285714,2017,TX,PCT MATURE,49
2017-07-30,28.85571428571429,35.417142857142856,22.634285714285717,4.688571428571429,47.77285714285714,2017,TX,PCT SILKING,95
2017-07-30,28.85571428571429,35.417142857142856,22.634285714285717,4.688571428571429,47.77285714285714,2017,TX,PCT HARVESTED,22
2017-08-06,24.327142857142857,30.27428571428572,18.638571428571428,3.4585714285714286,65.0657142857143,2017,TX,PCT DENTED,58
2017-08-06,24.327142857142857,30.27428571428572,18.638571428571428,3.4585714285714286,65.0657142857143,2017,TX,PCT DOUGH,65
2017-08-06,24.327142857142857,30.27428571428572,18.638571428571428,3.4585714285714286,65.0657142857143,2017,TX,PCT MATURE,51
2017-08-06,24.327142857142857,30.27428571428572,18.638571428571428,3.4585714285714286,65.0657142857143,2017,TX,PCT SILKING,99
2017-08-06,24.327142857142857,30.27428571428572,18.638571428571428,3.4585714285714286,65.0657142857143,2017,TX,PCT HARVESTED,31
2017-08-13,24.52,30.378571428571423,19.094285714285714,8.961428571428572,68.65,2017,TX,PCT DENTED,62
2017-08-13,24.52,30.378571428571423,19.094285714285714,8.961428571428572,68.65,2017,TX,PCT DOUGH,71
2017-08-13,24.52,30.378571428571423,19.094285714285714,8.961428571428572,68.65,2017,TX,PCT MATURE,58
2017-08-13,24.52,30.378571428571423,19.094285714285714,8.961428571428572,68.65,2017,TX,PCT SILKING,100
2017-08-13,24.52,30.378571428571423,19.094285714285714,8.961428571428572,68.65,2017,TX,PCT HARVESTED,42
2017-08-20,25.18285714285714,31.50857142857143,19.367142857142856,4.284285714285715,67.34714285714286,2017,TX,PCT DENTED,77
2017-08-20,25.18285714285714,31.50857142857143,19.367142857142856,4.284285714285715,67.34714285714286,2017,TX,PCT DOUGH,92
2017-08-20,25.18285714285714,31.50857142857143,19.367142857142856,4.284285714285715,67.34714285714286,2017,TX,PCT MATURE,60
2017-08-20,25.18285714285714,31.50857142857143,19.367142857142856,4.284285714285715,67.34714285714286,2017,TX,PCT HARVESTED,51
2017-08-27,23.38142857142857,29.205714285714286,18.485714285714288,4.32,72.20571428571428,2017,TX,PCT DENTED,82
2017-08-27,23.38142857142857,29.205714285714286,18.485714285714288,4.32,72.20571428571428,2017,TX,PCT DOUGH,95
2017-08-27,23.38142857142857,29.205714285714286,18.485714285714288,4.32,72.20571428571428,2017,TX,PCT MATURE,63
2017-08-27,23.38142857142857,29.205714285714286,18.485714285714288,4.32,72.20571428571428,2017,TX,PCT HARVESTED,54
2017-09-03,22.49,30.48428571428571,15.320000000000002,0.0828571428571428,54.03285714285715,2017,TX,PCT DENTED,87
2017-09-03,22.49,30.48428571428571,15.320000000000002,0.0828571428571428,54.03285714285715,2017,TX,PCT DOUGH,97
2017-09-03,22.49,30.48428571428571,15.320000000000002,0.0828571428571428,54.03285714285715,2017,TX,PCT MATURE,66
2017-09-03,22.49,30.48428571428571,15.320000000000002,0.0828571428571428,54.03285714285715,2017,TX,PCT HARVESTED,57
2017-09-10,21.81142857142857,30.06,14.367142857142856,0.0,43.00714285714286,2017,TX,PCT DENTED,88
2017-09-10,21.81142857142857,30.06,14.367142857142856,0.0,43.00714285714286,2017,TX,PCT DOUGH,100
2017-09-10,21.81142857142857,30.06,14.367142857142856,0.0,43.00714285714286,2017,TX,PCT MATURE,67
2017-09-10,21.81142857142857,30.06,14.367142857142856,0.0,43.00714285714286,2017,TX,PCT HARVESTED,60
2017-09-17,25.078571428571426,33.94714285714286,17.18857142857143,2.257142857142857,44.785714285714285,2017,TX,PCT DENTED,92
2017-09-17,25.078571428571426,33.94714285714286,17.18857142857143,2.257142857142857,44.785714285714285,2017,TX,PCT MATURE,74
2017-09-17,25.078571428571426,33.94714285714286,17.18857142857143,2.257142857142857,44.785714285714285,2017,TX,PCT HARVESTED,67
2017-09-24,24.91714285714286,32.28,18.552857142857142,2.18,54.73714285714285,2017,TX,PCT DENTED,95
2017-09-24,24.91714285714286,32.28,18.552857142857142,2.18,54.73714285714285,2017,TX,PCT MATURE,83
2017-09-24,24.91714285714286,32.28,18.552857142857142,2.18,54.73714285714285,2017,TX,PCT HARVESTED,68
2017-10-01,16.73,21.63714285714286,13.094285714285714,7.698571428571428,84.7957142857143,2017,TX,PCT DENTED,100
2017-10-01,16.73,21.63714285714286,13.094285714285714,7.698571428571428,84.7957142857143,2017,TX,PCT MATURE,89
2017-10-01,16.73,21.63714285714286,13.094285714285714,7.698571428571428,84.7957142857143,2017,TX,PCT HARVESTED,75
2017-10-08,20.365714285714287,27.110000000000003,14.755714285714284,4.69,72.38428571428571,2017,TX,PCT MATURE,91
2017-10-08,20.365714285714287,27.110000000000003,14.755714285714284,4.69,72.38428571428571,2017,TX,PCT HARVESTED,76
2017-10-15,15.751428571428573,23.99857142857143,7.888571428571429,0.1028571428571428,59.92714285714286,2017,TX,PCT MATURE,95
2017-10-15,15.751428571428573,23.99857142857143,7.888571428571429,0.1028571428571428,59.92714285714286,2017,TX,PCT HARVESTED,80
2017-10-22,16.274285714285714,25.47714285714286,8.835714285714285,0.0771428571428571,50.87857142857143,2017,TX,PCT MATURE,98
2017-10-22,16.274285714285714,25.47714285714286,8.835714285714285,0.0771428571428571,50.87857142857143,2017,TX,PCT HARVESTED,83
2017-10-29,11.648571428571428,20.77,4.262857142857143,0.0,40.10428571428572,2017,TX,PCT HARVESTED,88
2017-11-05,13.76142857142857,22.46857142857143,7.17,0.0828571428571428,48.934285714285714,2017,TX,PCT HARVESTED,92
2017-11-12,9.315714285714284,16.62857142857143,4.18,0.0757142857142857,68.84,2017,TX,PCT HARVESTED,95
2017-11-19,12.368571428571428,20.65142857142857,5.857142857142857,0.0042857142857142,53.34428571428571,2017,TX,PCT HARVESTED,97
2017-11-26,11.04857142857143,20.91,3.737142857142857,0.0,46.21571428571429,2017,TX,PCT HARVESTED,99
2018-03-04,11.024285714285714,19.75142857142857,3.4914285714285715,0.0,48.121428571428574,2018,TX,PCT PLANTED,11
2018-03-11,9.971428571428572,18.62,2.3385714285714285,0.0,32.044285714285714,2018,TX,PCT PLANTED,26
2018-03-18,12.172857142857143,20.97,5.078571428571428,0.1428571428571428,38.58142857142857,2018,TX,PCT PLANTED,35
2018-03-25,15.584285714285716,25.198571428571427,6.585714285714286,0.11,38.55428571428571,2018,TX,PCT EMERGED,19
2018-03-25,15.584285714285716,25.198571428571427,6.585714285714286,0.11,38.55428571428571,2018,TX,PCT PLANTED,43
2018-04-01,12.5,19.15,5.811428571428571,1.727142857142857,54.15,2018,TX,PCT EMERGED,26
2018-04-01,12.5,19.15,5.811428571428571,1.727142857142857,54.15,2018,TX,PCT PLANTED,55
2018-04-08,12.695714285714288,23.224285714285717,1.8614285714285717,0.0,36.987142857142864,2018,TX,PCT EMERGED,40
2018-04-08,12.695714285714288,23.224285714285717,1.8614285714285717,0.0,36.987142857142864,2018,TX,PCT PLANTED,58
2018-04-15,15.267142857142858,24.28142857142857,5.645714285714286,0.1257142857142857,35.489999999999995,2018,TX,PCT EMERGED,43
2018-04-15,15.267142857142858,24.28142857142857,5.645714285714286,0.1257142857142857,35.489999999999995,2018,TX,PCT PLANTED,60
2018-04-22,15.367142857142856,24.15857142857143,6.798571428571429,0.2771428571428571,37.63285714285714,2018,TX,PCT EMERGED,47
2018-04-22,15.367142857142856,24.15857142857143,6.798571428571429,0.2771428571428571,37.63285714285714,2018,TX,PCT PLANTED,65
2018-04-29,16.82,26.04714285714286,8.067142857142857,0.67,42.33714285714286,2018,TX,PCT EMERGED,50
2018-04-29,16.82,26.04714285714286,8.067142857142857,0.67,42.33714285714286,2018,TX,PCT PLANTED,70
2018-04-29,16.82,26.04714285714286,8.067142857142857,0.67,42.33714285714286,2018,TX,PCT SILKING,3
2018-05-06,21.09,29.58428571428572,12.811428571428571,0.2042857142857142,36.22857142857143,2018,TX,PCT EMERGED,55
2018-05-06,21.09,29.58428571428572,12.811428571428571,0.2042857142857142,36.22857142857143,2018,TX,PCT PLANTED,81
2018-05-06,21.09,29.58428571428572,12.811428571428571,0.2042857142857142,36.22857142857143,2018,TX,PCT SILKING,11
2018-05-13,27.15571428571429,36.544285714285714,18.082857142857144,0.01,28.131428571428568,2018,TX,PCT EMERGED,70
2018-05-13,27.15571428571429,36.544285714285714,18.082857142857144,0.01,28.131428571428568,2018,TX,PCT PLANTED,82
2018-05-13,27.15571428571429,36.544285714285714,18.082857142857144,0.01,28.131428571428568,2018,TX,PCT SILKING,18
2018-05-20,24.22142857142857,32.86714285714286,16.845714285714287,3.4914285714285715,49.58285714285714,2018,TX,PCT EMERGED,81
2018-05-20,24.22142857142857,32.86714285714286,16.845714285714287,3.4914285714285715,49.58285714285714,2018,TX,PCT PLANTED,88
2018-05-20,24.22142857142857,32.86714285714286,16.845714285714287,3.4914285714285715,49.58285714285714,2018,TX,PCT SILKING,24
2018-05-27,25.634285714285717,33.44428571428571,17.664285714285715,0.3157142857142857,49.95428571428572,2018,TX,PCT EMERGED,83
2018-05-27,25.634285714285717,33.44428571428571,17.664285714285715,0.3157142857142857,49.95428571428572,2018,TX,PCT PLANTED,90
2018-05-27,25.634285714285717,33.44428571428571,17.664285714285715,0.3157142857142857,49.95428571428572,2018,TX,PCT SILKING,29
2018-06-03,28.294285714285717,37.47857142857144,19.115714285714287,0.0499999999999999,28.474285714285717,2018,TX,PCT EMERGED,91
2018-06-03,28.294285714285717,37.47857142857144,19.115714285714287,0.0499999999999999,28.474285714285717,2018,TX,PCT PLANTED,96
2018-06-03,28.294285714285717,37.47857142857144,19.115714285714287,0.0499999999999999,28.474285714285717,2018,TX,PCT SILKING,39
2018-06-10,28.428571428571427,36.934285714285714,20.24285714285714,2.472857142857143,42.84571428571429,2018,TX,PCT EMERGED,95
2018-06-10,28.428571428571427,36.934285714285714,20.24285714285714,2.472857142857143,42.84571428571429,2018,TX,PCT SILKING,50
2018-06-17,28.25857142857143,35.39,21.35,2.898571428571429,46.67285714285715,2018,TX,PCT DENTED,5
2018-06-17,28.25857142857143,35.39,21.35,2.898571428571429,46.67285714285715,2018,TX,PCT DOUGH,17
2018-06-17,28.25857142857143,35.39,21.35,2.898571428571429,46.67285714285715,2018,TX,PCT EMERGED,96
2018-06-17,28.25857142857143,35.39,21.35,2.898571428571429,46.67285714285715,2018,TX,PCT SILKING,52
2018-06-24,28.602857142857143,36.15285714285714,20.695714285714285,0.1442857142857143,48.12571428571429,2018,TX,PCT DENTED,18
2018-06-24,28.602857142857143,36.15285714285714,20.695714285714285,0.1442857142857143,48.12571428571429,2018,TX,PCT DOUGH,34
2018-06-24,28.602857142857143,36.15285714285714,20.695714285714285,0.1442857142857143,48.12571428571429,2018,TX,PCT EMERGED,100
2018-06-24,28.602857142857143,36.15285714285714,20.695714285714285,0.1442857142857143,48.12571428571429,2018,TX,PCT SILKING,57
2018-07-01,29.564285714285717,36.63857142857143,22.715714285714284,1.1,43.59285714285714,2018,TX,PCT DENTED,30
2018-07-01,29.564285714285717,36.63857142857143,22.715714285714284,1.1,43.59285714285714,2018,TX,PCT DOUGH,49
2018-07-01,29.564285714285717,36.63857142857143,22.715714285714284,1.1,43.59285714285714,2018,TX,PCT SILKING,59
2018-07-08,27.41142857142857,33.66142857142857,21.23,1.6042857142857143,51.8,2018,TX,PCT DENTED,48
2018-07-08,27.41142857142857,33.66142857142857,21.23,1.6042857142857143,51.8,2018,TX,PCT DOUGH,54
2018-07-08,27.41142857142857,33.66142857142857,21.23,1.6042857142857143,51.8,2018,TX,PCT MATURE,17
2018-07-08,27.41142857142857,33.66142857142857,21.23,1.6042857142857143,51.8,2018,TX,PCT SILKING,68
2018-07-15,27.29142857142857,33.32142857142857,20.99857142857143,1.8228571428571427,49.57857142857143,2018,TX,PCT DENTED,51
2018-07-15,27.29142857142857,33.32142857142857,20.99857142857143,1.8228571428571427,49.57857142857143,2018,TX,PCT DOUGH,56
2018-07-15,27.29142857142857,33.32142857142857,20.99857142857143,1.8228571428571427,49.57857142857143,2018,TX,PCT MATURE,27
2018-07-15,27.29142857142857,33.32142857142857,20.99857142857143,1.8228571428571427,49.57857142857143,2018,TX,PCT SILKING,76
2018-07-22,31.46857142857143,39.56142857142857,23.29,0.2071428571428571,30.93,2018,TX,PCT DENTED,56
2018-07-22,31.46857142857143,39.56142857142857,23.29,0.2071428571428571,30.93,2018,TX,PCT DOUGH,65
2018-07-22,31.46857142857143,39.56142857142857,23.29,0.2071428571428571,30.93,2018,TX,PCT MATURE,37
2018-07-22,31.46857142857143,39.56142857142857,23.29,0.2071428571428571,30.93,2018,TX,PCT SILKING,85
2018-07-29,27.717142857142854,33.85,21.65285714285714,1.5028571428571431,45.86142857142857,2018,TX,PCT DENTED,60
2018-07-29,27.717142857142854,33.85,21.65285714285714,1.5028571428571431,45.86142857142857,2018,TX,PCT DOUGH,71
2018-07-29,27.717142857142854,33.85,21.65285714285714,1.5028571428571431,45.86142857142857,2018,TX,PCT MATURE,46
2018-07-29,27.717142857142854,33.85,21.65285714285714,1.5028571428571431,45.86142857142857,2018,TX,PCT SILKING,89
2018-07-29,27.717142857142854,33.85,21.65285714285714,1.5028571428571431,45.86142857142857,2018,TX,PCT HARVESTED,16
2018-08-05,27.497142857142855,34.61,20.54,0.7442857142857143,40.38142857142857,2018,TX,PCT DENTED,70
2018-08-05,27.497142857142855,34.61,20.54,0.7442857142857143,40.38142857142857,2018,TX,PCT DOUGH,86
2018-08-05,27.497142857142855,34.61,20.54,0.7442857142857143,40.38142857142857,2018,TX,PCT MATURE,51
2018-08-05,27.497142857142855,34.61,20.54,0.7442857142857143,40.38142857142857,2018,TX,PCT SILKING,92
2018-08-05,27.497142857142855,34.61,20.54,0.7442857142857143,40.38142857142857,2018,TX,PCT HARVESTED,30
2018-08-12,25.77285714285714,31.231428571428573,20.40142857142857,2.957142857142857,53.58857142857143,2018,TX,PCT DENTED,79
2018-08-12,25.77285714285714,31.231428571428573,20.40142857142857,2.957142857142857,53.58857142857143,2018,TX,PCT DOUGH,91
2018-08-12,25.77285714285714,31.231428571428573,20.40142857142857,2.957142857142857,53.58857142857143,2018,TX,PCT MATURE,52
2018-08-12,25.77285714285714,31.231428571428573,20.40142857142857,2.957142857142857,53.58857142857143,2018,TX,PCT SILKING,97
2018-08-12,25.77285714285714,31.231428571428573,20.40142857142857,2.957142857142857,53.58857142857143,2018,TX,PCT HARVESTED,48
2018-08-19,26.46,33.151428571428575,20.704285714285717,4.325714285714286,59.747142857142855,2018,TX,PCT DENTED,82
2018-08-19,26.46,33.151428571428575,20.704285714285717,4.325714285714286,59.747142857142855,2018,TX,PCT DOUGH,93
2018-08-19,26.46,33.151428571428575,20.704285714285717,4.325714285714286,59.747142857142855,2018,TX,PCT MATURE,58
2018-08-19,26.46,33.151428571428575,20.704285714285717,4.325714285714286,59.747142857142855,2018,TX,PCT HARVESTED,51
2018-08-26,27.704285714285717,35.005714285714284,20.821428571428573,0.3428571428571428,46.97571428571428,2018,TX,PCT DENTED,88
2018-08-26,27.704285714285717,35.005714285714284,20.821428571428573,0.3428571428571428,46.97571428571428,2018,TX,PCT DOUGH,95
2018-08-26,27.704285714285717,35.005714285714284,20.821428571428573,0.3428571428571428,46.97571428571428,2018,TX,PCT MATURE,61
2018-08-26,27.704285714285717,35.005714285714284,20.821428571428573,0.3428571428571428,46.97571428571428,2018,TX,PCT HARVESTED,52
2018-09-02,28.40857142857143,35.34428571428571,22.19,0.5700000000000001,44.970000000000006,2018,TX,PCT DENTED,90
2018-09-02,28.40857142857143,35.34428571428571,22.19,0.5700000000000001,44.970000000000006,2018,TX,PCT DOUGH,97
2018-09-02,28.40857142857143,35.34428571428571,22.19,0.5700000000000001,44.970000000000006,2018,TX,PCT MATURE,68
2018-09-02,28.40857142857143,35.34428571428571,22.19,0.5700000000000001,44.970000000000006,2018,TX,PCT HARVESTED,53
2018-09-09,22.545714285714286,27.802857142857142,18.357142857142858,4.191428571428572,73.12142857142858,2018,TX,PCT DENTED,92
2018-09-09,22.545714285714286,27.802857142857142,18.357142857142858,4.191428571428572,73.12142857142858,2018,TX,PCT MATURE,72
2018-09-09,22.545714285714286,27.802857142857142,18.357142857142858,4.191428571428572,73.12142857142858,2018,TX,PCT HARVESTED,63
2018-09-16,22.84714285714286,30.138571428571428,16.64428571428571,0.1914285714285714,64.09142857142857,2018,TX,PCT DENTED,95
2018-09-16,22.84714285714286,30.138571428571428,16.64428571428571,0.1914285714285714,64.09142857142857,2018,TX,PCT MATURE,80
2018-09-16,22.84714285714286,30.138571428571428,16.64428571428571,0.1914285714285714,64.09142857142857,2018,TX,PCT HARVESTED,66
2018-09-23,21.79714285714286,29.207142857142856,15.314285714285717,3.855714285714285,63.06428571428571,2018,TX,PCT DENTED,97
2018-09-23,21.79714285714286,29.207142857142856,15.314285714285717,3.855714285714285,63.06428571428571,2018,TX,PCT MATURE,81
2018-09-23,21.79714285714286,29.207142857142856,15.314285714285717,3.855714285714285,63.06428571428571,2018,TX,PCT HARVESTED,67
2018-09-30,19.294285714285717,27.705714285714286,12.287142857142856,3.82,64.03428571428572,2018,TX,PCT DENTED,100
2018-09-30,19.294285714285717,27.705714285714286,12.287142857142856,3.82,64.03428571428572,2018,TX,PCT MATURE,85
2018-09-30,19.294285714285717,27.705714285714286,12.287142857142856,3.82,64.03428571428572,2018,TX,PCT HARVESTED,70
2018-10-07,22.06,28.07,16.321428571428573,2.591428571428572,72.72142857142858,2018,TX,PCT MATURE,87
2018-10-07,22.06,28.07,16.321428571428573,2.591428571428572,72.72142857142858,2018,TX,PCT HARVESTED,72
2018-10-14,14.105714285714283,20.17571428571429,8.065714285714284,6.86,75.90285714285714,2018,TX,PCT MATURE,91
2018-10-14,14.105714285714283,20.17571428571429,8.065714285714284,6.86,75.90285714285714,2018,TX,PCT HARVESTED,76
2018-10-21,9.53,15.30714285714286,5.125714285714286,3.821428571428572,65.00142857142858,2018,TX,PCT MATURE,95
2018-10-21,9.53,15.30714285714286,5.125714285714286,3.821428571428572,65.00142857142858,2018,TX,PCT HARVESTED,79
2018-10-28,13.518571428571429,20.90571428571429,7.912857142857143,1.9357142857142853,69.08428571428571,2018,TX,PCT HARVESTED,85
2018-11-04,10.817142857142857,17.91857142857143,4.594285714285715,0.8928571428571429,60.23,2018,TX,PCT HARVESTED,90
2018-11-11,8.457142857142857,15.448571428571428,3.257142857142857,0.1614285714285714,62.51285714285715,2018,TX,PCT HARVESTED,94
2018-11-18,2.85,10.452857142857145,-3.2014285714285715,0.3399999999999999,59.90571428571429,2018,TX,PCT HARVESTED,95
2018-11-25,6.741428571428571,14.867142857142856,0.6771428571428572,0.0,58.22428571428571,2018,TX,PCT HARVESTED,98
2019-03-03,6.2,15.12,-1.804285714285714,0.0242857142857142,56.06428571428571,2019,TX,PCT PLANTED,5
2019-03-10,6.717142857142856,14.088571428571427,0.3442857142857142,0.1542857142857143,48.26857142857143,2019,TX,PCT PLANTED,11
2019-03-17,8.14,14.80714285714286,1.832857142857143,3.83,59.08857142857143,2019,TX,PCT PLANTED,26
2019-03-24,11.79857142857143,19.74428571428572,4.145714285714286,0.3142857142857143,53.55285714285714,2019,TX,PCT EMERGED,12
2019-03-24,11.79857142857143,19.74428571428572,4.145714285714286,0.3142857142857143,53.55285714285714,2019,TX,PCT PLANTED,38
2019-03-31,13.071428571428571,21.11142857142857,5.951428571428572,0.0,57.361428571428576,2019,TX,PCT EMERGED,25
2019-03-31,13.071428571428571,21.11142857142857,5.951428571428572,0.0,57.361428571428576,2019,TX,PCT PLANTED,51
2019-04-07,15.671428571428573,24.63142857142857,7.522857142857142,0.807142857142857,44.42285714285714,2019,TX,PCT EMERGED,32
2019-04-07,15.671428571428573,24.63142857142857,7.522857142857142,0.807142857142857,44.42285714285714,2019,TX,PCT PLANTED,53
2019-04-14,13.70857142857143,22.344285714285714,5.53,1.9485714285714288,45.33857142857143,2019,TX,PCT EMERGED,40
2019-04-14,13.70857142857143,22.344285714285714,5.53,1.9485714285714288,45.33857142857143,2019,TX,PCT PLANTED,57
2019-04-21,17.91,27.462857142857143,9.221428571428572,0.2342857142857143,41.03428571428572,2019,TX,PCT EMERGED,45
2019-04-21,17.91,27.462857142857143,9.221428571428572,0.2342857142857143,41.03428571428572,2019,TX,PCT PLANTED,59
2019-04-28,17.782857142857143,25.377142857142854,10.805714285714286,2.8742857142857146,58.24,2019,TX,PCT EMERGED,55
2019-04-28,17.782857142857143,25.377142857142854,10.805714285714286,2.8742857142857146,58.24,2019,TX,PCT PLANTED,65
2019-05-05,18.385714285714283,25.93,11.767142857142858,1.3114285714285714,61.43142857142857,2019,TX,PCT EMERGED,61
2019-05-05,18.385714285714283,25.93,11.767142857142858,1.3114285714285714,61.43142857142857,2019,TX,PCT PLANTED,70
2019-05-05,18.385714285714283,25.93,11.767142857142858,1.3114285714285714,61.43142857142857,2019,TX,PCT SILKING,1
2019-05-12,15.964285714285714,22.662857142857145,9.73,4.2785714285714285,64.79714285714286,2019,TX,PCT EMERGED,64
2019-05-12,15.964285714285714,22.662857142857145,9.73,4.2785714285714285,64.79714285714286,2019,TX,PCT PLANTED,75
2019-05-12,15.964285714285714,22.662857142857145,9.73,4.2785714285714285,64.79714285714286,2019,TX,PCT SILKING,10
2019-05-19,21.062857142857144,29.46142857142857,12.69285714285714,0.0242857142857142,46.96428571428572,2019,TX,PCT EMERGED,75
2019-05-19,21.062857142857144,29.46142857142857,12.69285714285714,0.0242857142857142,46.96428571428572,2019,TX,PCT PLANTED,92
2019-05-19,21.062857142857144,29.46142857142857,12.69285714285714,0.0242857142857142,46.96428571428572,2019,TX,PCT SILKING,13
2019-05-26,21.885714285714283,29.12,15.37,6.695714285714286,60.57142857142857,2019,TX,PCT EMERGED,81
2019-05-26,21.885714285714283,29.12,15.37,6.695714285714286,60.57142857142857,2019,TX,PCT PLANTED,93
2019-05-26,21.885714285714283,29.12,15.37,6.695714285714286,60.57142857142857,2019,TX,PCT SILKING,18
2019-06-02,21.87,28.53,15.142857142857142,2.99,57.67142857142857,2019,TX,PCT EMERGED,85
2019-06-02,21.87,28.53,15.142857142857142,2.99,57.67142857142857,2019,TX,PCT PLANTED,96
2019-06-02,21.87,28.53,15.142857142857142,2.99,57.67142857142857,2019,TX,PCT SILKING,36
2019-06-09,22.81142857142857,29.30857142857143,16.541428571428572,3.004285714285714,65.64428571428572,2019,TX,PCT EMERGED,86
2019-06-09,22.81142857142857,29.30857142857143,16.541428571428572,3.004285714285714,65.64428571428572,2019,TX,PCT PLANTED,100
2019-06-09,22.81142857142857,29.30857142857143,16.541428571428572,3.004285714285714,65.64428571428572,2019,TX,PCT SILKING,45
2019-06-16,23.33714285714285,30.952857142857145,15.977142857142857,0.3914285714285714,49.04,2019,TX,PCT EMERGED,90
2019-06-16,23.33714285714285,30.952857142857145,15.977142857142857,0.3914285714285714,49.04,2019,TX,PCT PLANTED,100
2019-06-16,23.33714285714285,30.952857142857145,15.977142857142857,0.3914285714285714,49.04,2019,TX,PCT SILKING,50
2019-06-23,26.925714285714285,35.29,18.314285714285717,0.5171428571428571,42.33571428571429,2019,TX,PCT DOUGH,14
2019-06-23,26.925714285714285,35.29,18.314285714285717,0.5171428571428571,42.33571428571429,2019,TX,PCT EMERGED,94
2019-06-23,26.925714285714285,35.29,18.314285714285717,0.5171428571428571,42.33571428571429,2019,TX,PCT PLANTED,100
2019-06-23,26.925714285714285,35.29,18.314285714285717,0.5171428571428571,42.33571428571429,2019,TX,PCT SILKING,52
2019-06-30,27.62,35.88,19.5,0.3357142857142857,46.35142857142857,2019,TX,PCT DOUGH,40
2019-06-30,27.62,35.88,19.5,0.3357142857142857,46.35142857142857,2019,TX,PCT EMERGED,99
2019-06-30,27.62,35.88,19.5,0.3357142857142857,46.35142857142857,2019,TX,PCT PLANTED,100
2019-06-30,27.62,35.88,19.5,0.3357142857142857,46.35142857142857,2019,TX,PCT SILKING,71
2019-07-07,27.092857142857145,33.39142857142857,21.08857142857143,4.5842857142857145,54.24571428571429,2019,TX,PCT DOUGH,48
2019-07-07,27.092857142857145,33.39142857142857,21.08857142857143,4.5842857142857145,54.24571428571429,2019,TX,PCT EMERGED,100
2019-07-07,27.092857142857145,33.39142857142857,21.08857142857143,4.5842857142857145,54.24571428571429,2019,TX,PCT SILKING,73
2019-07-14,27.87714285714286,35.917142857142856,20.442857142857143,0.4285714285714285,51.597142857142856,2019,TX,PCT DOUGH,50
2019-07-14,27.87714285714286,35.917142857142856,20.442857142857143,0.4285714285714285,51.597142857142856,2019,TX,PCT SILKING,75
2019-07-21,30.860000000000003,38.75285714285714,23.11428571428572,0.0671428571428571,39.41857142857143,2019,TX,PCT DENTED,45
2019-07-21,30.860000000000003,38.75285714285714,23.11428571428572,0.0671428571428571,39.41857142857143,2019,TX,PCT DOUGH,58
2019-07-21,30.860000000000003,38.75285714285714,23.11428571428572,0.0671428571428571,39.41857142857143,2019,TX,PCT SILKING,81
2019-07-28,25.79142857142857,32.80428571428571,19.15857142857143,0.2757142857142857,40.89428571428572,2019,TX,PCT DENTED,53
2019-07-28,25.79142857142857,32.80428571428571,19.15857142857143,0.2757142857142857,40.89428571428572,2019,TX,PCT DOUGH,65
2019-07-28,25.79142857142857,32.80428571428571,19.15857142857143,0.2757142857142857,40.89428571428572,2019,TX,PCT SILKING,89
2019-08-04,29.69428571428572,37.137142857142855,22.21857142857143,0.7085714285714287,41.41428571428571,2019,TX,PCT DENTED,62
2019-08-04,29.69428571428572,37.137142857142855,22.21857142857143,0.7085714285714287,41.41428571428571,2019,TX,PCT DOUGH,74
2019-08-04,29.69428571428572,37.137142857142855,22.21857142857143,0.7085714285714287,41.41428571428571,2019,TX,PCT MATURE,31
2019-08-04,29.69428571428572,37.137142857142855,22.21857142857143,0.7085714285714287,41.41428571428571,2019,TX,PCT SILKING,95
2019-08-11,30.71857142857143,37.962857142857146,23.86142857142857,0.7871428571428573,42.75857142857143,2019,TX,PCT DENTED,74
2019-08-11,30.71857142857143,37.962857142857146,23.86142857142857,0.7871428571428573,42.75857142857143,2019,TX,PCT DOUGH,83
2019-08-11,30.71857142857143,37.962857142857146,23.86142857142857,0.7871428571428573,42.75857142857143,2019,TX,PCT MATURE,44
2019-08-11,30.71857142857143,37.962857142857146,23.86142857142857,0.7871428571428573,42.75857142857143,2019,TX,PCT SILKING,100
2019-08-18,30.82,38.72571428571428,23.285714285714285,0.1171428571428571,41.50571428571429,2019,TX,PCT DENTED,80
2019-08-18,30.82,38.72571428571428,23.285714285714285,0.1171428571428571,41.50571428571429,2019,TX,PCT DOUGH,91
2019-08-18,30.82,38.72571428571428,23.285714285714285,0.1171428571428571,41.50571428571429,2019,TX,PCT MATURE,49
2019-08-18,30.82,38.72571428571428,23.285714285714285,0.1171428571428571,41.50571428571429,2019,TX,PCT SILKING,100
2019-08-18,30.82,38.72571428571428,23.285714285714285,0.1171428571428571,41.50571428571429,2019,TX,PCT HARVESTED,26
2019-08-25,29.455714285714286,36.87571428571429,22.63,1.0585714285714285,43.90857142857143,2019,TX,PCT DENTED,86
2019-08-25,29.455714285714286,36.87571428571429,22.63,1.0585714285714285,43.90857142857143,2019,TX,PCT DOUGH,94
2019-08-25,29.455714285714286,36.87571428571429,22.63,1.0585714285714285,43.90857142857143,2019,TX,PCT MATURE,51
2019-08-25,29.455714285714286,36.87571428571429,22.63,1.0585714285714285,43.90857142857143,2019,TX,PCT HARVESTED,45
2019-09-01,27.705714285714286,35.19714285714286,20.622857142857143,1.6528571428571428,54.46571428571429,2019,TX,PCT DENTED,89
2019-09-01,27.705714285714286,35.19714285714286,20.622857142857143,1.6528571428571428,54.46571428571429,2019,TX,PCT DOUGH,96
2019-09-01,27.705714285714286,35.19714285714286,20.622857142857143,1.6528571428571428,54.46571428571429,2019,TX,PCT MATURE,52
2019-09-01,27.705714285714286,35.19714285714286,20.622857142857143,1.6528571428571428,54.46571428571429,2019,TX,PCT HARVESTED,49
2019-09-08,27.687142857142856,35.27571428571429,20.47,0.3214285714285714,42.621428571428574,2019,TX,PCT DENTED,94
2019-09-08,27.687142857142856,35.27571428571429,20.47,0.3214285714285714,42.621428571428574,2019,TX,PCT DOUGH,100
2019-09-08,27.687142857142856,35.27571428571429,20.47,0.3214285714285714,42.621428571428574,2019,TX,PCT MATURE,58
2019-09-08,27.687142857142856,35.27571428571429,20.47,0.3214285714285714,42.621428571428574,2019,TX,PCT HARVESTED,52
2019-09-15,24.942857142857143,31.164285714285715,19.57,2.7728571428571427,61.12571428571429,2019,TX,PCT DENTED,97
2019-09-15,24.942857142857143,31.164285714285715,19.57,2.7728571428571427,61.12571428571429,2019,TX,PCT DOUGH,100
2019-09-15,24.942857142857143,31.164285714285715,19.57,2.7728571428571427,61.12571428571429,2019,TX,PCT MATURE,67
2019-09-15,24.942857142857143,31.164285714285715,19.57,2.7728571428571427,61.12571428571429,2019,TX,PCT HARVESTED,59
2019-09-22,24.12142857142857,30.44428571428572,19.15714285714285,6.591428571428572,63.52285714285714,2019,TX,PCT DENTED,100
2019-09-22,24.12142857142857,30.44428571428572,19.15714285714285,6.591428571428572,63.52285714285714,2019,TX,PCT DOUGH,100
2019-09-22,24.12142857142857,30.44428571428572,19.15714285714285,6.591428571428572,63.52285714285714,2019,TX,PCT MATURE,77
2019-09-22,24.12142857142857,30.44428571428572,19.15714285714285,6.591428571428572,63.52285714285714,2019,TX,PCT HARVESTED,65
2019-09-29,24.60142857142857,30.884285714285717,18.818571428571428,2.214285714285714,62.54,2019,TX,PCT DENTED,100
2019-09-29,24.60142857142857,30.884285714285717,18.818571428571428,2.214285714285714,62.54,2019,TX,PCT MATURE,79
2019-09-29,24.60142857142857,30.884285714285717,18.818571428571428,2.214285714285714,62.54,2019,TX,PCT HARVESTED,72
2019-10-06,20.81142857142857,26.821428571428573,16.084285714285716,6.685714285714286,72.58285714285714,2019,TX,PCT DENTED,100
2019-10-06,20.81142857142857,26.821428571428573,16.084285714285716,6.685714285714286,72.58285714285714,2019,TX,PCT MATURE,84
2019-10-06,20.81142857142857,26.821428571428573,16.084285714285716,6.685714285714286,72.58285714285714,2019,TX,PCT HARVESTED,74
2019-10-13,14.172857142857143,22.93285714285714,5.881428571428572,0.5414285714285715,47.71142857142858,2019,TX,PCT DENTED,100
2019-10-13,14.172857142857143,22.93285714285714,5.881428571428572,0.5414285714285715,47.71142857142858,2019,TX,PCT MATURE,91
2019-10-13,14.172857142857143,22.93285714285714,5.881428571428572,0.5414285714285715,47.71142857142858,2019,TX,PCT HARVESTED,77
2019-10-20,16.837142857142858,26.06857142857143,9.185714285714283,0.01,43.60285714285715,2019,TX,PCT DENTED,100
2019-10-20,16.837142857142858,26.06857142857143,9.185714285714283,0.01,43.60285714285715,2019,TX,PCT MATURE,96
2019-10-20,16.837142857142858,26.06857142857143,9.185714285714283,0.01,43.60285714285715,2019,TX,PCT HARVESTED,82
2019-10-27,9.372857142857145,18.13571428571429,1.97,0.3342857142857142,44.62285714285714,2019,TX,PCT MATURE,100
2019-10-27,9.372857142857145,18.13571428571429,1.97,0.3342857142857142,44.62285714285714,2019,TX,PCT HARVESTED,85
2019-11-03,3.9785714285714286,12.334285714285716,-2.5471428571428567,0.0328571428571428,52.77857142857143,2019,TX,PCT MATURE,100
2019-11-03,3.9785714285714286,12.334285714285716,-2.5471428571428567,0.0328571428571428,52.77857142857143,2019,TX,PCT HARVESTED,88
2019-11-10,9.88,19.1,3.3042857142857143,1.66,66.16,2019,TX,PCT HARVESTED,92
2019-11-17,5.234285714285714,14.172857142857143,-1.3214285714285714,0.0,53.45,2019,TX,PCT HARVESTED,95
2019-11-24,9.63,18.054285714285715,3.387142857142857,0.7971428571428573,57.07857142857143,2019,TX,PCT HARVESTED,98
2019-12-01,4.757142857142857,10.885714285714286,-1.2928571428571427,1.4014285714285717,60.34857142857143,2019,TX,PCT HARVESTED,100
2019-12-08,8.622857142857143,17.461428571428574,2.1542857142857144,0.0028571428571428,58.41571428571429,2019,TX,PCT HARVESTED,100
2020-03-01,7.228571428571429,16.485714285714288,-0.4828571428571428,0.0,41.705714285714286,2020,TX,PCT PLANTED,12
2020-03-08,9.917142857142858,17.127142857142857,3.985714285714285,2.934285714285714,54.42142857142857,2020,TX,PCT PLANTED,32
2020-03-15,13.29142857142857,20.162857142857145,7.747142857142857,2.2742857142857145,64.37714285714286,2020,TX,PCT PLANTED,33
2020-03-22,11.288571428571428,18.295714285714286,5.277142857142857,3.5371428571428574,69.22714285714285,2020,TX,PCT PLANTED,36
2020-03-29,16.12142857142857,24.95714285714286,8.147142857142857,0.0,35.31142857142857,2020,TX,PCT EMERGED,24
2020-03-29,16.12142857142857,24.95714285714286,8.147142857142857,0.0,35.31142857142857,2020,TX,PCT PLANTED,50
2020-04-05,13.702857142857145,23.04142857142857,5.638571428571429,0.0057142857142857,47.59428571428571,2020,TX,PCT EMERGED,33
2020-04-05,13.702857142857145,23.04142857142857,5.638571428571429,0.0057142857142857,47.59428571428571,2020,TX,PCT PLANTED,57
2020-04-12,17.12857142857143,24.83857142857143,9.564285714285717,0.0571428571428571,45.62428571428571,2020,TX,PCT EMERGED,47
2020-04-12,17.12857142857143,24.83857142857143,9.564285714285717,0.0571428571428571,45.62428571428571,2020,TX,PCT PLANTED,63
2020-04-19,10.705714285714285,19.65,2.0157142857142856,0.2114285714285714,46.34428571428571,2020,TX,PCT EMERGED,50
2020-04-19,10.705714285714285,19.65,2.0157142857142856,0.2114285714285714,46.34428571428571,2020,TX,PCT PLANTED,64
2020-04-26,18.26428571428572,27.08428571428572,10.272857142857143,0.0042857142857142,40.34571428571429,2020,TX,PCT EMERGED,52
2020-04-26,18.26428571428572,27.08428571428572,10.272857142857143,0.0042857142857142,40.34571428571429,2020,TX,PCT PLANTED,67
2020-05-03,23.764285714285712,33.28142857142857,14.622857142857145,0.0,30.384285714285717,2020,TX,PCT EMERGED,56
2020-05-03,23.764285714285712,33.28142857142857,14.622857142857145,0.0,30.384285714285717,2020,TX,PCT PLANTED,69
2020-05-10,19.70142857142857,28.08142857142857,11.63,0.01,34.80571428571429,2020,TX,PCT EMERGED,70
2020-05-10,19.70142857142857,28.08142857142857,11.63,0.01,34.80571428571429,2020,TX,PCT PLANTED,84
2020-05-10,19.70142857142857,28.08142857142857,11.63,0.01,34.80571428571429,2020,TX,PCT SILKING,6
2020-05-17,22.12142857142857,31.00142857142857,14.237142857142857,1.747142857142857,49.77,2020,TX,PCT EMERGED,81
2020-05-17,22.12142857142857,31.00142857142857,14.237142857142857,1.747142857142857,49.77,2020,TX,PCT PLANTED,93
2020-05-17,22.12142857142857,31.00142857142857,14.237142857142857,1.747142857142857,49.77,2020,TX,PCT SILKING,15
2020-05-24,25.61428571428572,35.462857142857146,16.484285714285715,2.261428571428572,40.26714285714286,2020,TX,PCT EMERGED,88
2020-05-24,25.61428571428572,35.462857142857146,16.484285714285715,2.261428571428572,40.26714285714286,2020,TX,PCT PLANTED,94
2020-05-24,25.61428571428572,35.462857142857146,16.484285714285715,2.261428571428572,40.26714285714286,2020,TX,PCT SILKING,30
2020-05-31,22.06571428571429,29.422857142857143,14.338571428571427,0.2557142857142857,47.12714285714286,2020,TX,PCT EMERGED,96
2020-05-31,22.06571428571429,29.422857142857143,14.338571428571427,0.2557142857142857,47.12714285714286,2020,TX,PCT PLANTED,96
2020-05-31,22.06571428571429,29.422857142857143,14.338571428571427,0.2557142857142857,47.12714285714286,2020,TX,PCT SILKING,46
2020-06-07,27.172857142857143,35.12285714285714,19.374285714285715,0.9714285714285714,48.07428571428572,2020,TX,PCT EMERGED,97
2020-06-07,27.172857142857143,35.12285714285714,19.374285714285715,0.9714285714285714,48.07428571428572,2020,TX,PCT PLANTED,98
2020-06-07,27.172857142857143,35.12285714285714,19.374285714285715,0.9714285714285714,48.07428571428572,2020,TX,PCT SILKING,51
2020-06-14,25.29,33.70142857142857,16.372857142857143,0.0,28.127142857142854,2020,TX,PCT EMERGED,99
2020-06-14,25.29,33.70142857142857,16.372857142857143,0.0,28.127142857142854,2020,TX,PCT SILKING,53
2020-06-21,27.00714285714286,34.88428571428572,19.59142857142857,1.3985714285714288,48.18428571428571,2020,TX,PCT DOUGH,28
2020-06-21,27.00714285714286,34.88428571428572,19.59142857142857,1.3985714285714288,48.18428571428571,2020,TX,PCT EMERGED,100
2020-06-21,27.00714285714286,34.88428571428572,19.59142857142857,1.3985714285714288,48.18428571428571,2020,TX,PCT SILKING,55
2020-06-28,27.462857142857143,34.94285714285714,20.487142857142857,1.7614285714285711,48.56857142857143,2020,TX,PCT DOUGH,40
2020-06-28,27.462857142857143,34.94285714285714,20.487142857142857,1.7614285714285711,48.56857142857143,2020,TX,PCT SILKING,62
2020-07-05,29.42,37.51571428571429,21.42,2.204285714285714,38.85285714285715,2020,TX,PCT DOUGH,57
2020-07-05,29.42,37.51571428571429,21.42,2.204285714285714,38.85285714285715,2020,TX,PCT SILKING,64
2020-07-12,31.198571428571427,39.362857142857145,23.142857142857142,0.0385714285714285,39.85857142857143,2020,TX,PCT DOUGH,60
2020-07-12,31.198571428571427,39.362857142857145,23.142857142857142,0.0385714285714285,39.85857142857143,2020,TX,PCT SILKING,82
2020-07-19,32.635714285714286,40.71714285714285,24.615714285714287,0.7228571428571428,28.038571428571423,2020,TX,PCT DOUGH,63
2020-07-19,32.635714285714286,40.71714285714285,24.615714285714287,0.7228571428571428,28.038571428571423,2020,TX,PCT SILKING,89
2020-07-26,28.35,34.607142857142854,22.06571428571429,1.1485714285714288,50.91,2020,TX,PCT DENTED,45
2020-07-26,28.35,34.607142857142854,22.06571428571429,1.1485714285714288,50.91,2020,TX,PCT DOUGH,66
2020-07-26,28.35,34.607142857142854,22.06571428571429,1.1485714285714288,50.91,2020,TX,PCT SILKING,92
2020-08-02,27.384285714285717,34.77571428571429,20.624285714285715,2.454285714285714,49.23857142857143,2020,TX,PCT DENTED,58
2020-08-02,27.384285714285717,34.77571428571429,20.624285714285715,2.454285714285714,49.23857142857143,2020,TX,PCT DOUGH,77
2020-08-02,27.384285714285717,34.77571428571429,20.624285714285715,2.454285714285714,49.23857142857143,2020,TX,PCT MATURE,40
2020-08-02,27.384285714285717,34.77571428571429,20.624285714285715,2.454285714285714,49.23857142857143,2020,TX,PCT SILKING,96
2020-08-09,28.89428571428571,36.95,21.88714285714286,0.4857142857142857,43.95428571428572,2020,TX,PCT DENTED,67
2020-08-09,28.89428571428571,36.95,21.88714285714286,0.4857142857142857,43.95428571428572,2020,TX,PCT DOUGH,84
2020-08-09,28.89428571428571,36.95,21.88714285714286,0.4857142857142857,43.95428571428572,2020,TX,PCT MATURE,52
2020-08-09,28.89428571428571,36.95,21.88714285714286,0.4857142857142857,43.95428571428572,2020,TX,PCT SILKING,97
2020-08-16,31.211428571428574,39.88428571428572,23.754285714285714,0.8385714285714286,35.558571428571426,2020,TX,PCT DENTED,75
2020-08-16,31.211428571428574,39.88428571428572,23.754285714285714,0.8385714285714286,35.558571428571426,2020,TX,PCT DOUGH,88
2020-08-16,31.211428571428574,39.88428571428572,23.754285714285714,0.8385714285714286,35.558571428571426,2020,TX,PCT MATURE,55
2020-08-16,31.211428571428574,39.88428571428572,23.754285714285714,0.8385714285714286,35.558571428571426,2020,TX,PCT HARVESTED,29
2020-08-23,27.372857142857143,34.83,20.807142857142857,0.1028571428571428,41.93571428571429,2020,TX,PCT DENTED,80
2020-08-23,27.372857142857143,34.83,20.807142857142857,0.1028571428571428,41.93571428571429,2020,TX,PCT DOUGH,90
2020-08-23,27.372857142857143,34.83,20.807142857142857,0.1028571428571428,41.93571428571429,2020,TX,PCT MATURE,60
2020-08-23,27.372857142857143,34.83,20.807142857142857,0.1028571428571428,41.93571428571429,2020,TX,PCT HARVESTED,50
2020-08-30,29.020000000000003,37.5,20.76,0.42,37.47571428571428,2020,TX,PCT DENTED,83
2020-08-30,29.020000000000003,37.5,20.76,0.42,37.47571428571428,2020,TX,PCT DOUGH,95
2020-08-30,29.020000000000003,37.5,20.76,0.42,37.47571428571428,2020,TX,PCT MATURE,65
2020-08-30,29.020000000000003,37.5,20.76,0.42,37.47571428571428,2020,TX,PCT HARVESTED,55
2020-09-06,26.68285714285714,34.378571428571426,19.90285714285714,1.2128571428571426,53.612857142857145,2020,TX,PCT DENTED,93
2020-09-06,26.68285714285714,34.378571428571426,19.90285714285714,1.2128571428571426,53.612857142857145,2020,TX,PCT DOUGH,98
2020-09-06,26.68285714285714,34.378571428571426,19.90285714285714,1.2128571428571426,53.612857142857145,2020,TX,PCT MATURE,73
2020-09-06,26.68285714285714,34.378571428571426,19.90285714285714,1.2128571428571426,53.612857142857145,2020,TX,PCT HARVESTED,62
2020-09-13,19.231428571428573,26.610000000000003,12.438571428571429,0.6142857142857142,58.74428571428571,2020,TX,PCT DENTED,97
2020-09-13,19.231428571428573,26.610000000000003,12.438571428571429,0.6142857142857142,58.74428571428571,2020,TX,PCT MATURE,79
2020-09-13,19.231428571428573,26.610000000000003,12.438571428571429,0.6142857142857142,58.74428571428571,2020,TX,PCT HARVESTED,67
2020-09-20,21.49714285714285,29.82,14.668571428571427,0.0557142857142857,54.83857142857143,2020,TX,PCT DENTED,99
2020-09-20,21.49714285714285,29.82,14.668571428571427,0.0557142857142857,54.83857142857143,2020,TX,PCT MATURE,84
2020-09-20,21.49714285714285,29.82,14.668571428571427,0.0557142857142857,54.83857142857143,2020,TX,PCT HARVESTED,69
2020-09-27,22.63,32.962857142857146,13.472857142857142,0.0,44.42428571428572,2020,TX,PCT MATURE,89
2020-09-27,22.63,32.962857142857146,13.472857142857142,0.0,44.42428571428572,2020,TX,PCT HARVESTED,70
2020-10-04,18.21857142857143,27.504285714285714,10.172857142857142,0.0,29.717142857142857,2020,TX,PCT MATURE,92
2020-10-04,18.21857142857143,27.504285714285714,10.172857142857142,0.0,29.717142857142857,2020,TX,PCT HARVESTED,78
2020-10-11,22.76142857142857,33.80142857142857,14.2,0.0,30.337142857142855,2020,TX,PCT MATURE,95
2020-10-11,22.76142857142857,33.80142857142857,14.2,0.0,30.337142857142855,2020,TX,PCT HARVESTED,81
2020-10-18,17.482857142857142,26.728571428571428,9.24,0.0,27.302857142857142,2020,TX,PCT MATURE,97
2020-10-18,17.482857142857142,26.728571428571428,9.24,0.0,27.302857142857142,2020,TX,PCT HARVESTED,85
2020-10-25,14.778571428571428,24.27857142857143,7.028571428571429,0.01,57.69714285714286,2020,TX,PCT HARVESTED,89
2020-11-01,5.864285714285714,12.695714285714288,0.5728571428571428,1.17,60.35285714285715,2020,TX,PCT HARVESTED,92
2020-11-08,15.932857142857143,25.982857142857146,8.794285714285714,0.0,47.13857142857143,2020,TX,PCT HARVESTED,95
2020-11-15,11.45142857142857,20.24428571428572,4.295714285714285,0.0,36.25285714285714,2020,TX,PCT HARVESTED,97
2021-02-28,7.674285714285714,17.69142857142857,-0.2957142857142857,0.0,33.995714285714286,2021,TX,PCT PLANTED,3
2021-03-07,8.932857142857143,18.74428571428572,0.6528571428571429,0.0,41.84285714285714,2021,TX,PCT PLANTED,10
2021-03-14,14.731428571428571,22.924285714285716,7.334285714285714,2.142857142857143,49.28857142857142,2021,TX,PCT PLANTED,26
2021-03-21,10.801428571428572,19.947142857142858,2.591428571428572,0.0871428571428571,41.42857142857143,2021,TX,PCT PLANTED,38
2021-03-28,11.527142857142858,20.318571428571428,2.9857142857142853,0.8914285714285715,42.42285714285715,2021,TX,PCT PLANTED,50
2021-04-04,13.61285714285714,22.458571428571428,5.164285714285714,0.0,40.40714285714286,2021,TX,PCT EMERGED,30
2021-04-04,13.61285714285714,22.458571428571428,5.164285714285714,0.0,40.40714285714286,2021,TX,PCT PLANTED,55
2021-04-11,18.40428571428572,28.237142857142857,8.290000000000001,0.0057142857142857,29.67,2021,TX,PCT EMERGED,48
2021-04-11,18.40428571428572,28.237142857142857,8.290000000000001,0.0057142857142857,29.67,2021,TX,PCT PLANTED,57
2021-04-18,10.097142857142858,15.727142857142857,4.97,0.51,53.67714285714286,2021,TX,PCT EMERGED,51
2021-04-18,10.097142857142858,15.727142857142857,4.97,0.51,53.67714285714286,2021,TX,PCT PLANTED,60
2021-04-18,10.097142857142858,15.727142857142857,4.97,0.51,53.67714285714286,2021,TX,PCT SILKING,0
2021-04-25,13.262857142857143,22.41857142857143,4.145714285714286,0.0,41.417142857142856,2021,TX,PCT EMERGED,54
2021-04-25,13.262857142857143,22.41857142857143,4.145714285714286,0.0,41.417142857142856,2021,TX,PCT PLANTED,66
2021-05-02,19.860000000000003,27.66,12.677142857142856,0.4142857142857142,39.49428571428572,2021,TX,PCT EMERGED,57
2021-05-02,19.860000000000003,27.66,12.677142857142856,0.4142857142857142,39.49428571428572,2021,TX,PCT PLANTED,68
2021-05-02,19.860000000000003,27.66,12.677142857142856,0.4142857142857142,39.49428571428572,2021,TX,PCT SILKING,0
2021-05-09,19.84,28.572857142857146,11.651428571428571,1.2914285714285716,45.25857142857143,2021,TX,PCT EMERGED,58
2021-05-09,19.84,28.572857142857146,11.651428571428571,1.2914285714285716,45.25857142857143,2021,TX,PCT PLANTED,76
2021-05-09,19.84,28.572857142857146,11.651428571428571,1.2914285714285716,45.25857142857143,2021,TX,PCT SILKING,2
2021-05-16,17.307142857142857,24.83857142857143,10.725714285714286,2.9957142857142856,62.76714285714286,2021,TX,PCT EMERGED,72
2021-05-16,17.307142857142857,24.83857142857143,10.725714285714286,2.9957142857142856,62.76714285714286,2021,TX,PCT PLANTED,86
2021-05-16,17.307142857142857,24.83857142857143,10.725714285714286,2.9957142857142856,62.76714285714286,2021,TX,PCT SILKING,17
2021-05-23,21.077142857142857,27.52857142857143,15.234285714285717,2.564285714285714,67.21285714285715,2021,TX,PCT EMERGED,85
2021-05-23,21.077142857142857,27.52857142857143,15.234285714285717,2.564285714285714,67.21285714285715,2021,TX,PCT PLANTED,93
2021-05-23,21.077142857142857,27.52857142857143,15.234285714285717,2.564285714285714,67.21285714285715,2021,TX,PCT SILKING,28
2021-05-30,22.22142857142857,28.434285714285718,16.815714285714286,8.497142857142858,69.83714285714287,2021,TX,PCT EMERGED,88
2021-05-30,22.22142857142857,28.434285714285718,16.815714285714286,8.497142857142858,69.83714285714287,2021,TX,PCT PLANTED,95
2021-05-30,22.22142857142857,28.434285714285718,16.815714285714286,8.497142857142858,69.83714285714287,2021,TX,PCT SILKING,46
2021-06-06,20.195714285714285,25.53142857142857,14.651428571428571,6.082857142857143,73.37142857142858,2021,TX,PCT EMERGED,90
2021-06-06,20.195714285714285,25.53142857142857,14.651428571428571,6.082857142857143,73.37142857142858,2021,TX,PCT MILK,10
2021-06-06,20.195714285714285,25.53142857142857,14.651428571428571,6.082857142857143,73.37142857142858,2021,TX,PCT SILKING,49
2021-06-13,28.09857142857143,36.61857142857143,20.127142857142854,0.4214285714285714,51.73857142857143,2021,TX,PCT DOUGH,6
2021-06-13,28.09857142857143,36.61857142857143,20.127142857142854,0.4214285714285714,51.73857142857143,2021,TX,PCT EMERGED,94
2021-06-13,28.09857142857143,36.61857142857143,20.127142857142854,0.4214285714285714,51.73857142857143,2021,TX,PCT SILKING,55
2021-06-20,28.78857142857143,36.91428571428571,20.685714285714287,0.0042857142857142,41.66,2021,TX,PCT DENTED,6
2021-06-20,28.78857142857143,36.91428571428571,20.685714285714287,0.0042857142857142,41.66,2021,TX,PCT DOUGH,20
2021-06-20,28.78857142857143,36.91428571428571,20.685714285714287,0.0042857142857142,41.66,2021,TX,PCT EMERGED,97
2021-06-20,28.78857142857143,36.91428571428571,20.685714285714287,0.0042857142857142,41.66,2021,TX,PCT SILKING,57
2021-06-27,27.177142857142854,33.848571428571425,20.23428571428571,5.857142857142857,52.91285714285714,2021,TX,PCT DENTED,12
2021-06-27,27.177142857142854,33.848571428571425,20.23428571428571,5.857142857142857,52.91285714285714,2021,TX,PCT DOUGH,35
2021-06-27,27.177142857142854,33.848571428571425,20.23428571428571,5.857142857142857,52.91285714285714,2021,TX,PCT SILKING,67
2021-07-04,23.41,28.29142857142857,18.757142857142856,6.195714285714286,74.58,2021,TX,PCT DENTED,20
2021-07-04,23.41,28.29142857142857,18.757142857142856,6.195714285714286,74.58,2021,TX,PCT DOUGH,45
2021-07-04,23.41,28.29142857142857,18.757142857142856,6.195714285714286,74.58,2021,TX,PCT MATURE,5
2021-07-04,23.41,28.29142857142857,18.757142857142856,6.195714285714286,74.58,2021,TX,PCT SILKING,70
2021-07-11,26.02142857142857,32.23714285714286,19.72714285714286,2.251428571428572,62.97428571428571,2021,TX,PCT DENTED,35
2021-07-11,26.02142857142857,32.23714285714286,19.72714285714286,2.251428571428572,62.97428571428571,2021,TX,PCT DOUGH,61
2021-07-11,26.02142857142857,32.23714285714286,19.72714285714286,2.251428571428572,62.97428571428571,2021,TX,PCT SILKING,81
2021-07-18,25.98428571428571,32.457142857142856,19.76571428571429,3.5371428571428574,59.847142857142856,2021,TX,PCT DENTED,42
2021-07-18,25.98428571428571,32.457142857142856,19.76571428571429,3.5371428571428574,59.847142857142856,2021,TX,PCT DOUGH,63
2021-07-18,25.98428571428571,32.457142857142856,19.76571428571429,3.5371428571428574,59.847142857142856,2021,TX,PCT SILKING,83
2021-07-25,26.38714285714286,33.18142857142857,19.86428571428572,0.9871428571428572,53.80142857142857,2021,TX,PCT DENTED,53
2021-07-25,26.38714285714286,33.18142857142857,19.86428571428572,0.9871428571428572,53.80142857142857,2021,TX,PCT DOUGH,67
2021-07-25,26.38714285714286,33.18142857142857,19.86428571428572,0.9871428571428572,53.80142857142857,2021,TX,PCT MATURE,22
2021-07-25,26.38714285714286,33.18142857142857,19.86428571428572,0.9871428571428572,53.80142857142857,2021,TX,PCT SILKING,88
2021-08-01,27.055714285714284,32.948571428571434,21.76,1.76,53.50571428571429,2021,TX,PCT DENTED,58
2021-08-01,27.055714285714284,32.948571428571434,21.76,1.76,53.50571428571429,2021,TX,PCT DOUGH,73
2021-08-01,27.055714285714284,32.948571428571434,21.76,1.76,53.50571428571429,2021,TX,PCT MATURE,40
2021-08-01,27.055714285714284,32.948571428571434,21.76,1.76,53.50571428571429,2021,TX,PCT SILKING,93
2021-08-08,26.33857142857143,33.95,19.035714285714285,0.1014285714285714,45.88142857142857,2021,TX,PCT DENTED,65
2021-08-08,26.33857142857143,33.95,19.035714285714285,0.1014285714285714,45.88142857142857,2021,TX,PCT DOUGH,83
2021-08-08,26.33857142857143,33.95,19.035714285714285,0.1014285714285714,45.88142857142857,2021,TX,PCT MATURE,48
2021-08-08,26.33857142857143,33.95,19.035714285714285,0.1014285714285714,45.88142857142857,2021,TX,PCT SILKING,94
2021-08-15,26.78142857142857,32.55714285714286,21.53,3.7257142857142855,58.82428571428572,2021,TX,PCT DENTED,72
2021-08-15,26.78142857142857,32.55714285714286,21.53,3.7257142857142855,58.82428571428572,2021,TX,PCT DOUGH,86
2021-08-15,26.78142857142857,32.55714285714286,21.53,3.7257142857142855,58.82428571428572,2021,TX,PCT MATURE,55
2021-08-15,26.78142857142857,32.55714285714286,21.53,3.7257142857142855,58.82428571428572,2021,TX,PCT SILKING,96
2021-08-15,26.78142857142857,32.55714285714286,21.53,3.7257142857142855,58.82428571428572,2021,TX,PCT HARVESTED,20
2021-08-22,25.82,31.84857142857143,20.695714285714285,2.815714285714286,63.871428571428574,2021,TX,PCT DENTED,82
2021-08-22,25.82,31.84857142857143,20.695714285714285,2.815714285714286,63.871428571428574,2021,TX,PCT DOUGH,90
2021-08-22,25.82,31.84857142857143,20.695714285714285,2.815714285714286,63.871428571428574,2021,TX,PCT MATURE,57
2021-08-22,25.82,31.84857142857143,20.695714285714285,2.815714285714286,63.871428571428574,2021,TX,PCT HARVESTED,35
2021-08-29,27.895714285714288,35.254285714285714,21.304285714285715,0.0571428571428571,47.59142857142857,2021,TX,PCT DENTED,84
2021-08-29,27.895714285714288,35.254285714285714,21.304285714285715,0.0571428571428571,47.59142857142857,2021,TX,PCT DOUGH,95
2021-08-29,27.895714285714288,35.254285714285714,21.304285714285715,0.0571428571428571,47.59142857142857,2021,TX,PCT MATURE,60
2021-08-29,27.895714285714288,35.254285714285714,21.304285714285715,0.0571428571428571,47.59142857142857,2021,TX,PCT HARVESTED,50
2021-09-05,27.36,33.36714285714286,21.89,1.268571428571429,54.30714285714286,2021,TX,PCT DENTED,89
2021-09-05,27.36,33.36714285714286,21.89,1.268571428571429,54.30714285714286,2021,TX,PCT DOUGH,98
2021-09-05,27.36,33.36714285714286,21.89,1.268571428571429,54.30714285714286,2021,TX,PCT MATURE,66
2021-09-05,27.36,33.36714285714286,21.89,1.268571428571429,54.30714285714286,2021,TX,PCT HARVESTED,53
2021-09-12,26.437142857142856,35.278571428571425,19.012857142857143,0.0085714285714285,42.541428571428575,2021,TX,PCT DENTED,93
2021-09-12,26.437142857142856,35.278571428571425,19.012857142857143,0.0085714285714285,42.541428571428575,2021,TX,PCT MATURE,75
2021-09-12,26.437142857142856,35.278571428571425,19.012857142857143,0.0085714285714285,42.541428571428575,2021,TX,PCT HARVESTED,63
2021-09-19,25.582857142857144,33.50857142857143,18.034285714285712,0.2728571428571428,49.25428571428571,2021,TX,PCT DENTED,98
2021-09-19,25.582857142857144,33.50857142857143,18.034285714285712,0.2728571428571428,49.25428571428571,2021,TX,PCT MATURE,85
2021-09-19,25.582857142857144,33.50857142857143,18.034285714285712,0.2728571428571428,49.25428571428571,2021,TX,PCT HARVESTED,70
2021-09-26,22.077142857142857,30.695714285714285,14.534285714285714,0.0,34.08571428571428,2021,TX,PCT DENTED,100
2021-09-26,22.077142857142857,30.695714285714285,14.534285714285714,0.0,34.08571428571428,2021,TX,PCT MATURE,94
2021-09-26,22.077142857142857,30.695714285714285,14.534285714285714,0.0,34.08571428571428,2021,TX,PCT HARVESTED,83
2021-10-03,20.337142857142855,27.695714285714285,14.324285714285711,5.341428571428571,59.88142857142857,2021,TX,PCT MATURE,97
2021-10-03,20.337142857142855,27.695714285714285,14.324285714285711,5.341428571428571,59.88142857142857,2021,TX,PCT HARVESTED,86
2021-10-10,21.59,30.787142857142857,13.965714285714284,0.2228571428571428,44.14857142857143,2021,TX,PCT MATURE,99
2021-10-10,21.59,30.787142857142857,13.965714285714284,0.2228571428571428,44.14857142857143,2021,TX,PCT HARVESTED,88
2021-10-17,15.538571428571428,24.52857142857143,8.182857142857143,0.0814285714285714,39.61,2021,TX,PCT MATURE,100
2021-10-17,15.538571428571428,24.52857142857143,8.182857142857143,0.0814285714285714,39.61,2021,TX,PCT HARVESTED,90
2021-10-24,18.795714285714286,27.867142857142856,11.585714285714284,0.0,50.15428571428571,2021,TX,PCT HARVESTED,94
2021-10-31,15.607142857142858,24.65285714285714,8.507142857142856,0.0042857142857142,38.6,2021,TX,PCT HARVESTED,97
2021-11-07,10.59,18.94428571428572,4.04,0.0142857142857142,65.32142857142857,2021,TX,PCT HARVESTED,99
2021-11-14,13.094285714285714,21.34857142857143,6.5685714285714285,0.0,45.91428571428571,2021,TX,PCT HARVESTED,100
2021-11-21,11.161428571428573,20.02857142857143,4.17,0.0,37.56857142857143,2021,TX,PCT HARVESTED,100
2022-02-27,1.3057142857142858,9.747142857142858,-5.582857142857143,0.0428571428571428,42.684285714285714,2022,TX,PCT PLANTED,5
2022-03-06,11.86,21.82857142857143,3.9585714285714286,0.0042857142857142,33.8,2022,TX,PCT PLANTED,18
2022-03-13,3.544285714285714,12.38,-4.392857142857143,0.0757142857142857,39.207142857142856,2022,TX,PCT PLANTED,27
2022-03-20,11.815714285714284,21.572857142857146,2.5142857142857147,0.0028571428571428,32.47714285714286,2022,TX,PCT PLANTED,42
2022-03-27,12.774285714285714,22.645714285714288,3.997142857142857,0.3685714285714285,33.402857142857144,2022,TX,PCT PLANTED,51
2022-04-03,16.34857142857143,25.972857142857144,7.098571428571428,0.2614285714285714,30.017142857142854,2022,TX,PCT EMERGED,21
2022-04-03,16.34857142857143,25.972857142857144,7.098571428571428,0.2614285714285714,30.017142857142854,2022,TX,PCT PLANTED,54
2022-04-10,15.842857142857143,25.37857142857143,6.890000000000001,0.0014285714285714,22.14428571428571,2022,TX,PCT EMERGED,45
2022-04-10,15.842857142857143,25.37857142857143,6.890000000000001,0.0014285714285714,22.14428571428571,2022,TX,PCT PLANTED,63
2022-04-17,17.832857142857144,26.72571428571428,8.517142857142856,0.0,20.982857142857146,2022,TX,PCT EMERGED,49
2022-04-17,17.832857142857144,26.72571428571428,8.517142857142856,0.0,20.982857142857146,2022,TX,PCT PLANTED,64
2022-04-24,20.085714285714285,28.038571428571423,12.244285714285716,0.0185714285714285,35.628571428571426,2022,TX,PCT EMERGED,59
2022-04-24,20.085714285714285,28.038571428571423,12.244285714285716,0.0185714285714285,35.628571428571426,2022,TX,PCT PLANTED,69
2022-05-01,19.32857142857143,27.398571428571422,10.93,0.1714285714285714,34.79,2022,TX,PCT EMERGED,62
2022-05-01,19.32857142857143,27.398571428571422,10.93,0.1714285714285714,34.79,2022,TX,PCT PLANTED,74
2022-05-08,22.43142857142857,32.207142857142856,12.151428571428571,0.0499999999999999,30.818571428571428,2022,TX,PCT EMERGED,63
2022-05-08,22.43142857142857,32.207142857142856,12.151428571428571,0.0499999999999999,30.818571428571428,2022,TX,PCT PLANTED,81
2022-05-15,26.427142857142854,36.16285714285714,16.580000000000002,1.557142857142857,28.915714285714284,2022,TX,PCT EMERGED,74
2022-05-15,26.427142857142854,36.16285714285714,16.580000000000002,1.557142857142857,28.915714285714284,2022,TX,PCT PLANTED,87
2022-05-15,26.427142857142854,36.16285714285714,16.580000000000002,1.557142857142857,28.915714285714284,2022,TX,PCT SILKING,11
2022-05-22,24.295714285714286,33.52142857142857,15.171428571428573,0.3214285714285714,30.44,2022,TX,PCT EMERGED,84
2022-05-22,24.295714285714286,33.52142857142857,15.171428571428573,0.3214285714285714,30.44,2022,TX,PCT PLANTED,92
2022-05-22,24.295714285714286,33.52142857142857,15.171428571428573,0.3214285714285714,30.44,2022,TX,PCT SILKING,28
2022-05-29,21.61285714285714,29.61142857142857,13.155714285714286,7.321428571428571,48.37428571428571,2022,TX,PCT EMERGED,87
2022-05-29,21.61285714285714,29.61142857142857,13.155714285714286,7.321428571428571,48.37428571428571,2022,TX,PCT PLANTED,94
2022-05-29,21.61285714285714,29.61142857142857,13.155714285714286,7.321428571428571,48.37428571428571,2022,TX,PCT SILKING,43
2022-06-05,23.43,30.912857142857145,16.274285714285714,2.9614285714285717,56.76142857142857,2022,TX,PCT EMERGED,94
2022-06-05,23.43,30.912857142857145,16.274285714285714,2.9614285714285717,56.76142857142857,2022,TX,PCT PLANTED,97
2022-06-05,23.43,30.912857142857145,16.274285714285714,2.9614285714285717,56.76142857142857,2022,TX,PCT SILKING,50
2022-06-12,28.860000000000003,37.387142857142855,20.684285714285718,0.1557142857142857,43.69,2022,TX,PCT DOUGH,5
2022-06-12,28.860000000000003,37.387142857142855,20.684285714285718,0.1557142857142857,43.69,2022,TX,PCT EMERGED,95
2022-06-12,28.860000000000003,37.387142857142855,20.684285714285718,0.1557142857142857,43.69,2022,TX,PCT PLANTED,98
2022-06-12,28.860000000000003,37.387142857142855,20.684285714285718,0.1557142857142857,43.69,2022,TX,PCT SILKING,59
2022-06-19,30.49142857142857,38.11714285714286,22.53857142857143,0.0,31.174285714285716,2022,TX,PCT DOUGH,19
2022-06-19,30.49142857142857,38.11714285714286,22.53857142857143,0.0,31.174285714285716,2022,TX,PCT EMERGED,95
2022-06-19,30.49142857142857,38.11714285714286,22.53857142857143,0.0,31.174285714285716,2022,TX,PCT PLANTED,99
2022-06-19,30.49142857142857,38.11714285714286,22.53857142857143,0.0,31.174285714285716,2022,TX,PCT SILKING,61
2022-06-26,29.717142857142854,36.705714285714286,22.057142857142857,0.2571428571428571,32.41285714285714,2022,TX,PCT DOUGH,35
2022-06-26,29.717142857142854,36.705714285714286,22.057142857142857,0.2571428571428571,32.41285714285714,2022,TX,PCT EMERGED,99
2022-06-26,29.717142857142854,36.705714285714286,22.057142857142857,0.2571428571428571,32.41285714285714,2022,TX,PCT SILKING,70
2022-07-03,28.324285714285715,35.47,20.46,0.1228571428571428,37.70428571428572,2022,TX,PCT DOUGH,50
2022-07-03,28.324285714285715,35.47,20.46,0.1228571428571428,37.70428571428572,2022,TX,PCT EMERGED,100
2022-07-03,28.324285714285715,35.47,20.46,0.1228571428571428,37.70428571428572,2022,TX,PCT SILKING,71
2022-07-10,30.891428571428573,38.18571428571429,23.555714285714284,0.9257142857142858,38.37428571428571,2022,TX,PCT DENTED,32
2022-07-10,30.891428571428573,38.18571428571429,23.555714285714284,0.9257142857142858,38.37428571428571,2022,TX,PCT DOUGH,52
2022-07-10,30.891428571428573,38.18571428571429,23.555714285714284,0.9257142857142858,38.37428571428571,2022,TX,PCT SILKING,73
2022-07-17,31.24428571428572,39.32142857142857,22.384285714285717,0.3557142857142857,30.90142857142857,2022,TX,PCT DENTED,40
2022-07-17,31.24428571428572,39.32142857142857,22.384285714285717,0.3557142857142857,30.90142857142857,2022,TX,PCT DOUGH,62
2022-07-17,31.24428571428572,39.32142857142857,22.384285714285717,0.3557142857142857,30.90142857142857,2022,TX,PCT SILKING,77
2022-07-24,31.94428571428572,39.71,24.75,0.5128571428571428,31.568571428571428,2022,TX,PCT DENTED,54
2022-07-24,31.94428571428572,39.71,24.75,0.5128571428571428,31.568571428571428,2022,TX,PCT DOUGH,68
2022-07-24,31.94428571428572,39.71,24.75,0.5128571428571428,31.568571428571428,2022,TX,PCT MATURE,20
2022-07-24,31.94428571428572,39.71,24.75,0.5128571428571428,31.568571428571428,2022,TX,PCT SILKING,86
2022-07-24,31.94428571428572,39.71,24.75,0.5128571428571428,31.568571428571428,2022,TX,PCT HARVESTED,7
2022-07-31,31.205714285714286,38.221428571428575,24.012857142857143,0.3271428571428571,32.80571428571429,2022,TX,PCT DENTED,60
2022-07-31,31.205714285714286,38.221428571428575,24.012857142857143,0.3271428571428571,32.80571428571429,2022,TX,PCT DOUGH,69
2022-07-31,31.205714285714286,38.221428571428575,24.012857142857143,0.3271428571428571,32.80571428571429,2022,TX,PCT MATURE,36
2022-07-31,31.205714285714286,38.221428571428575,24.012857142857143,0.3271428571428571,32.80571428571429,2022,TX,PCT SILKING,90
2022-07-31,31.205714285714286,38.221428571428575,24.012857142857143,0.3271428571428571,32.80571428571429,2022,TX,PCT HARVESTED,8
2022-08-07,31.724285714285717,38.75714285714286,24.764285714285712,0.5542857142857143,33.09571428571429,2022,TX,PCT DENTED,64
2022-08-07,31.724285714285717,38.75714285714286,24.764285714285712,0.5542857142857143,33.09571428571429,2022,TX,PCT DOUGH,73
2022-08-07,31.724285714285717,38.75714285714286,24.764285714285712,0.5542857142857143,33.09571428571429,2022,TX,PCT MATURE,55
2022-08-07,31.724285714285717,38.75714285714286,24.764285714285712,0.5542857142857143,33.09571428571429,2022,TX,PCT SILKING,95
2022-08-07,31.724285714285717,38.75714285714286,24.764285714285712,0.5542857142857143,33.09571428571429,2022,TX,PCT HARVESTED,16
2022-08-14,28.360000000000003,35.14,22.018571428571427,0.9628571428571427,42.82857142857143,2022,TX,PCT DENTED,70
2022-08-14,28.360000000000003,35.14,22.018571428571427,0.9628571428571427,42.82857142857143,2022,TX,PCT DOUGH,80
2022-08-14,28.360000000000003,35.14,22.018571428571427,0.9628571428571427,42.82857142857143,2022,TX,PCT MATURE,58
2022-08-14,28.360000000000003,35.14,22.018571428571427,0.9628571428571427,42.82857142857143,2022,TX,PCT SILKING,99
2022-08-14,28.360000000000003,35.14,22.018571428571427,0.9628571428571427,42.82857142857143,2022,TX,PCT HARVESTED,29
2022-08-21,25.65714285714285,31.00857142857143,20.341428571428573,8.371428571428572,57.855714285714285,2022,TX,PCT DENTED,76
2022-08-21,25.65714285714285,31.00857142857143,20.341428571428573,8.371428571428572,57.855714285714285,2022,TX,PCT DOUGH,86
2022-08-21,25.65714285714285,31.00857142857143,20.341428571428573,8.371428571428572,57.855714285714285,2022,TX,PCT MATURE,67
2022-08-21,25.65714285714285,31.00857142857143,20.341428571428573,8.371428571428572,57.855714285714285,2022,TX,PCT SILKING,100
2022-08-21,25.65714285714285,31.00857142857143,20.341428571428573,8.371428571428572,57.855714285714285,2022,TX,PCT HARVESTED,44
2022-08-28,24.63,31.09,18.78428571428572,0.5685714285714286,60.86,2022,TX,PCT DENTED,84
2022-08-28,24.63,31.09,18.78428571428572,0.5685714285714286,60.86,2022,TX,PCT DOUGH,94
2022-08-28,24.63,31.09,18.78428571428572,0.5685714285714286,60.86,2022,TX,PCT MATURE,72
2022-08-28,24.63,31.09,18.78428571428572,0.5685714285714286,60.86,2022,TX,PCT HARVESTED,53
2022-09-04,24.122857142857143,30.01142857142857,19.24571428571429,6.152857142857143,71.60714285714286,2022,TX,PCT DENTED,88
2022-09-04,24.122857142857143,30.01142857142857,19.24571428571429,6.152857142857143,71.60714285714286,2022,TX,PCT DOUGH,98
2022-09-04,24.122857142857143,30.01142857142857,19.24571428571429,6.152857142857143,71.60714285714286,2022,TX,PCT MATURE,75
2022-09-04,24.122857142857143,30.01142857142857,19.24571428571429,6.152857142857143,71.60714285714286,2022,TX,PCT HARVESTED,59
2022-09-11,24.035714285714285,32.222857142857144,16.714285714285715,0.1471428571428571,50.32714285714285,2022,TX,PCT DENTED,94
2022-09-11,24.035714285714285,32.222857142857144,16.714285714285715,0.1471428571428571,50.32714285714285,2022,TX,PCT DOUGH,100
2022-09-11,24.035714285714285,32.222857142857144,16.714285714285715,0.1471428571428571,50.32714285714285,2022,TX,PCT MATURE,81
2022-09-11,24.035714285714285,32.222857142857144,16.714285714285715,0.1471428571428571,50.32714285714285,2022,TX,PCT HARVESTED,64
2022-09-18,25.09857142857143,32.90428571428571,18.11142857142857,0.9114285714285714,55.33428571428571,2022,TX,PCT DENTED,98
2022-09-18,25.09857142857143,32.90428571428571,18.11142857142857,0.9114285714285714,55.33428571428571,2022,TX,PCT MATURE,85
2022-09-18,25.09857142857143,32.90428571428571,18.11142857142857,0.9114285714285714,55.33428571428571,2022,TX,PCT HARVESTED,68
2022-09-25,25.388571428571428,33.29857142857143,18.672857142857143,0.0028571428571428,45.89714285714286,2022,TX,PCT DENTED,100
2022-09-25,25.388571428571428,33.29857142857143,18.672857142857143,0.0028571428571428,45.89714285714286,2022,TX,PCT MATURE,93
2022-09-25,25.388571428571428,33.29857142857143,18.672857142857143,0.0028571428571428,45.89714285714286,2022,TX,PCT HARVESTED,72
2022-10-02,22.357142857142858,31.215714285714284,14.305714285714286,0.0014285714285714,33.07714285714285,2022,TX,PCT DENTED,100
2022-10-02,22.357142857142858,31.215714285714284,14.305714285714286,0.0014285714285714,33.07714285714285,2022,TX,PCT MATURE,96
2022-10-02,22.357142857142858,31.215714285714284,14.305714285714286,0.0014285714285714,33.07714285714285,2022,TX,PCT HARVESTED,80
2022-10-09,17.99,25.277142857142856,12.315714285714288,2.84,57.762857142857136,2022,TX,PCT MATURE,99
2022-10-09,17.99,25.277142857142856,12.315714285714288,2.84,57.762857142857136,2022,TX,PCT HARVESTED,85
2022-10-16,17.357142857142858,24.61428571428572,11.585714285714284,2.142857142857143,59.13142857142857,2022,TX,PCT MATURE,100
2022-10-16,17.357142857142858,24.61428571428572,11.585714285714284,2.142857142857143,59.13142857142857,2022,TX,PCT HARVESTED,88
2022-10-23,16.922857142857143,25.018571428571427,10.36,0.0685714285714285,50.02,2022,TX,PCT MATURE,100
2022-10-23,16.922857142857143,25.018571428571427,10.36,0.0685714285714285,50.02,2022,TX,PCT HARVESTED,93
2022-10-30,11.647142857142857,19.895714285714288,4.754285714285714,2.632857142857143,58.35857142857143,2022,TX,PCT MATURE,100
2022-10-30,11.647142857142857,19.895714285714288,4.754285714285714,2.632857142857143,58.35857142857143,2022,TX,PCT HARVESTED,97
2022-11-06,14.107142857142858,22.59714285714286,7.547142857142857,0.1357142857142857,55.69571428571429,2022,TX,PCT MATURE,100
2022-11-06,14.107142857142858,22.59714285714286,7.547142857142857,0.1357142857142857,55.69571428571429,2022,TX,PCT HARVESTED,100
2022-11-13,11.45142857142857,18.33428571428572,5.681428571428572,0.0071428571428571,59.20857142857143,2022,TX,PCT HARVESTED,100
2022-11-20,1.5542857142857145,7.977142857142857,-3.575714285714285,0.0014285714285714,53.63857142857143,2022,TX,PCT HARVESTED,100
2023-02-26,10.527142857142858,18.84142857142857,3.992857142857143,0.0857142857142857,50.23428571428571,2023,TX,PCT PLANTED,5
2023-03-05,11.208571428571428,20.96142857142857,3.491428571428571,0.0028571428571428,32.63142857142857,2023,TX,PCT PLANTED,20
2023-03-12,12.971428571428572,21.99285714285714,5.588571428571428,0.0285714285714285,46.99714285714286,2023,TX,PCT PLANTED,30
2023-03-19,8.244285714285715,16.585714285714285,0.8342857142857143,0.1871428571428571,46.18857142857143,2023,TX,PCT PLANTED,40
2023-03-26,13.357142857142858,21.458571428571425,5.618571428571428,0.0042857142857142,36.91857142857143,2023,TX,PCT PLANTED,52
2023-04-02,12.902857142857142,22.557142857142857,4.357142857142857,0.0,31.262857142857143,2023,TX,PCT EMERGED,28
2023-04-02,12.902857142857142,22.557142857142857,4.357142857142857,0.0,31.262857142857143,2023,TX,PCT PLANTED,57
2023-04-09,14.527142857142858,23.65857142857143,5.748571428571429,0.6528571428571429,28.264285714285712,2023,TX,PCT EMERGED,40
2023-04-09,14.527142857142858,23.65857142857143,5.748571428571429,0.6528571428571429,28.264285714285712,2023,TX,PCT PLANTED,61
2023-04-16,18.295714285714286,27.414285714285715,9.365714285714288,0.0171428571428571,39.26571428571429,2023,TX,PCT EMERGED,56
2023-04-16,18.295714285714286,27.414285714285715,9.365714285714288,0.0171428571428571,39.26571428571429,2023,TX,PCT PLANTED,65
2023-04-23,16.087142857142858,23.737142857142857,7.71,0.1785714285714285,31.378571428571423,2023,TX,PCT EMERGED,60
2023-04-23,16.087142857142858,23.737142857142857,7.71,0.1785714285714285,31.378571428571423,2023,TX,PCT PLANTED,72
2023-04-23,16.087142857142858,23.737142857142857,7.71,0.1785714285714285,31.378571428571423,2023,TX,PCT SILKING,0
2023-04-30,14.971428571428572,23.83428571428572,6.9,0.9528571428571428,49.37571428571429,2023,TX,PCT EMERGED,65
2023-04-30,14.971428571428572,23.83428571428572,6.9,0.9528571428571428,49.37571428571429,2023,TX,PCT PLANTED,74
2023-04-30,14.971428571428572,23.83428571428572,6.9,0.9528571428571428,49.37571428571429,2023,TX,PCT SILKING,0
2023-05-07,21.01142857142857,29.942857142857147,12.567142857142857,2.071428571428572,37.27,2023,TX,PCT EMERGED,67
2023-05-07,21.01142857142857,29.942857142857147,12.567142857142857,2.071428571428572,37.27,2023,TX,PCT PLANTED,77
2023-05-07,21.01142857142857,29.942857142857147,12.567142857142857,2.071428571428572,37.27,2023,TX,PCT SILKING,10
2023-05-14,21.78,29.610000000000003,14.081428571428573,3.9414285714285713,48.09285714285714,2023,TX,PCT EMERGED,75
2023-05-14,21.78,29.610000000000003,14.081428571428573,3.9414285714285713,48.09285714285714,2023,TX,PCT PLANTED,81
2023-05-14,21.78,29.610000000000003,14.081428571428573,3.9414285714285713,48.09285714285714,2023,TX,PCT SILKING,20
2023-05-21,20.434285714285718,26.962857142857143,14.15857142857143,3.1514285714285712,61.16428571428571,2023,TX,PCT EMERGED,77
2023-05-21,20.434285714285718,26.962857142857143,14.15857142857143,3.1514285714285712,61.16428571428571,2023,TX,PCT PLANTED,88
2023-05-21,20.434285714285718,26.962857142857143,14.15857142857143,3.1514285714285712,61.16428571428571,2023,TX,PCT SILKING,30
2023-05-28,20.90714285714285,26.35142857142857,16.024285714285714,12.90857142857143,74.70142857142856,2023,TX,PCT EMERGED,85
2023-05-28,20.90714285714285,26.35142857142857,16.024285714285714,12.90857142857143,74.70142857142856,2023,TX,PCT PLANTED,92
2023-05-28,20.90714285714285,26.35142857142857,16.024285714285714,12.90857142857143,74.70142857142856,2023,TX,PCT SILKING,40
2023-06-04,20.957142857142856,27.042857142857144,15.734285714285717,7.322857142857144,75.03571428571429,2023,TX,PCT EMERGED,87
2023-06-04,20.957142857142856,27.042857142857144,15.734285714285717,7.322857142857144,75.03571428571429,2023,TX,PCT PLANTED,94
2023-06-04,20.957142857142856,27.042857142857144,15.734285714285717,7.322857142857144,75.03571428571429,2023,TX,PCT SILKING,47
2023-06-11,22.427142857142854,29.358571428571427,15.48,0.8142857142857143,59.28285714285715,2023,TX,PCT DOUGH,10
2023-06-11,22.427142857142854,29.358571428571427,15.48,0.8142857142857143,59.28285714285715,2023,TX,PCT EMERGED,92
2023-06-11,22.427142857142854,29.358571428571427,15.48,0.8142857142857143,59.28285714285715,2023,TX,PCT PLANTED,97
2023-06-11,22.427142857142854,29.358571428571427,15.48,0.8142857142857143,59.28285714285715,2023,TX,PCT SILKING,59
2023-06-18,24.557142857142857,33.462857142857146,16.007142857142856,0.0285714285714285,48.54,2023,TX,PCT DOUGH,20
2023-06-18,24.557142857142857,33.462857142857146,16.007142857142856,0.0285714285714285,48.54,2023,TX,PCT EMERGED,96
2023-06-18,24.557142857142857,33.462857142857146,16.007142857142856,0.0285714285714285,48.54,2023,TX,PCT PLANTED,100
2023-06-18,24.557142857142857,33.462857142857146,16.007142857142856,0.0285714285714285,48.54,2023,TX,PCT SILKING,62
2023-06-25,29.974285714285717,39.28714285714285,21.147142857142857,0.6757142857142856,42.05571428571428,2023,TX,PCT DOUGH,27
2023-06-25,29.974285714285717,39.28714285714285,21.147142857142857,0.6757142857142856,42.05571428571428,2023,TX,PCT EMERGED,98
2023-06-25,29.974285714285717,39.28714285714285,21.147142857142857,0.6757142857142856,42.05571428571428,2023,TX,PCT PLANTED,100
2023-06-25,29.974285714285717,39.28714285714285,21.147142857142857,0.6757142857142856,42.05571428571428,2023,TX,PCT SILKING,67
2023-07-02,29.02428571428572,36.89,21.56571428571429,1.8285714285714283,44.96714285714285,2023,TX,PCT DOUGH,45
2023-07-02,29.02428571428572,36.89,21.56571428571429,1.8285714285714283,44.96714285714285,2023,TX,PCT EMERGED,100
2023-07-02,29.02428571428572,36.89,21.56571428571429,1.8285714285714283,44.96714285714285,2023,TX,PCT PLANTED,100
2023-07-02,29.02428571428572,36.89,21.56571428571429,1.8285714285714283,44.96714285714285,2023,TX,PCT SILKING,73
2023-07-09,27.768571428571427,34.54,20.957142857142856,2.7885714285714287,53.862857142857145,2023,TX,PCT DENTED,15
2023-07-09,27.768571428571427,34.54,20.957142857142856,2.7885714285714287,53.862857142857145,2023,TX,PCT DOUGH,57
2023-07-09,27.768571428571427,34.54,20.957142857142856,2.7885714285714287,53.862857142857145,2023,TX,PCT EMERGED,100
2023-07-09,27.768571428571427,34.54,20.957142857142856,2.7885714285714287,53.862857142857145,2023,TX,PCT PLANTED,100
2023-07-09,27.768571428571427,34.54,20.957142857142856,2.7885714285714287,53.862857142857145,2023,TX,PCT SILKING,75
2023-07-16,30.314285714285717,38.32142857142857,22.888571428571428,3.3485714285714288,47.01714285714286,2023,TX,PCT DENTED,35
2023-07-16,30.314285714285717,38.32142857142857,22.888571428571428,3.3485714285714288,47.01714285714286,2023,TX,PCT DOUGH,60
2023-07-16,30.314285714285717,38.32142857142857,22.888571428571428,3.3485714285714288,47.01714285714286,2023,TX,PCT EMERGED,100
2023-07-16,30.314285714285717,38.32142857142857,22.888571428571428,3.3485714285714288,47.01714285714286,2023,TX,PCT PLANTED,100
2023-07-16,30.314285714285717,38.32142857142857,22.888571428571428,3.3485714285714288,47.01714285714286,2023,TX,PCT SILKING,78
2023-07-23,30.127142857142854,38.27571428571429,22.505714285714284,0.5,36.21142857142858,2023,TX,PCT DENTED,55
2023-07-23,30.127142857142854,38.27571428571429,22.505714285714284,0.5,36.21142857142858,2023,TX,PCT DOUGH,68
2023-07-23,30.127142857142854,38.27571428571429,22.505714285714284,0.5,36.21142857142858,2023,TX,PCT EMERGED,100
2023-07-23,30.127142857142854,38.27571428571429,22.505714285714284,0.5,36.21142857142858,2023,TX,PCT PLANTED,100
2023-07-23,30.127142857142854,38.27571428571429,22.505714285714284,0.5,36.21142857142858,2023,TX,PCT SILKING,85
2023-07-30,30.58,38.57857142857143,23.05857142857143,0.0,30.37857142857143,2023,TX,PCT DENTED,62
2023-07-30,30.58,38.57857142857143,23.05857142857143,0.0,30.37857142857143,2023,TX,PCT DOUGH,73
2023-07-30,30.58,38.57857142857143,23.05857142857143,0.0,30.37857142857143,2023,TX,PCT MATURE,34
2023-07-30,30.58,38.57857142857143,23.05857142857143,0.0,30.37857142857143,2023,TX,PCT SILKING,89
2023-07-30,30.58,38.57857142857143,23.05857142857143,0.0,30.37857142857143,2023,TX,PCT HARVESTED,10
2023-08-06,31.982857142857146,39.88142857142857,24.45285714285714,0.0971428571428571,30.437142857142856,2023,TX,PCT DENTED,71
2023-08-06,31.982857142857146,39.88142857142857,24.45285714285714,0.0971428571428571,30.437142857142856,2023,TX,PCT DOUGH,78
2023-08-06,31.982857142857146,39.88142857142857,24.45285714285714,0.0971428571428571,30.437142857142856,2023,TX,PCT MATURE,53
2023-08-06,31.982857142857146,39.88142857142857,24.45285714285714,0.0971428571428571,30.437142857142856,2023,TX,PCT SILKING,92
2023-08-06,31.982857142857146,39.88142857142857,24.45285714285714,0.0971428571428571,30.437142857142856,2023,TX,PCT HARVESTED,18
2023-08-13,31.37,39.71999999999999,23.59142857142857,0.6757142857142858,37.75857142857143,2023,TX,PCT DENTED,75
2023-08-13,31.37,39.71999999999999,23.59142857142857,0.6757142857142858,37.75857142857143,2023,TX,PCT DOUGH,83
2023-08-13,31.37,39.71999999999999,23.59142857142857,0.6757142857142858,37.75857142857143,2023,TX,PCT MATURE,58
2023-08-13,31.37,39.71999999999999,23.59142857142857,0.6757142857142858,37.75857142857143,2023,TX,PCT SILKING,100
2023-08-13,31.37,39.71999999999999,23.59142857142857,0.6757142857142858,37.75857142857143,2023,TX,PCT HARVESTED,28
2023-08-20,29.622857142857143,37.74714285714286,21.49714285714285,0.1114285714285714,32.60285714285714,2023,TX,PCT DENTED,78
2023-08-20,29.622857142857143,37.74714285714286,21.49714285714285,0.1114285714285714,32.60285714285714,2023,TX,PCT DOUGH,86
2023-08-20,29.622857142857143,37.74714285714286,21.49714285714285,0.1114285714285714,32.60285714285714,2023,TX,PCT MATURE,62
2023-08-20,29.622857142857143,37.74714285714286,21.49714285714285,0.1114285714285714,32.60285714285714,2023,TX,PCT HARVESTED,45
2023-08-27,29.49857142857143,36.245714285714286,23.29714285714286,1.44,39.45857142857143,2023,TX,PCT DENTED,83
2023-08-27,29.49857142857143,36.245714285714286,23.29714285714286,1.44,39.45857142857143,2023,TX,PCT DOUGH,93
2023-08-27,29.49857142857143,36.245714285714286,23.29714285714286,1.44,39.45857142857143,2023,TX,PCT MATURE,67
2023-08-27,29.49857142857143,36.245714285714286,23.29714285714286,1.44,39.45857142857143,2023,TX,PCT HARVESTED,53
2023-09-03,27.07,35.80428571428571,18.891428571428573,0.3442857142857143,36.83714285714286,2023,TX,PCT DENTED,86
2023-09-03,27.07,35.80428571428571,18.891428571428573,0.3442857142857143,36.83714285714286,2023,TX,PCT DOUGH,96
2023-09-03,27.07,35.80428571428571,18.891428571428573,0.3442857142857143,36.83714285714286,2023,TX,PCT MATURE,69
2023-09-03,27.07,35.80428571428571,18.891428571428573,0.3442857142857143,36.83714285714286,2023,TX,PCT HARVESTED,56
2023-09-10,29.277142857142856,37.96857142857142,21.717142857142857,0.5328571428571429,35.79714285714286,2023,TX,PCT DENTED,93
2023-09-10,29.277142857142856,37.96857142857142,21.717142857142857,0.5328571428571429,35.79714285714286,2023,TX,PCT DOUGH,100
2023-09-10,29.277142857142856,37.96857142857142,21.717142857142857,0.5328571428571429,35.79714285714286,2023,TX,PCT MATURE,73
2023-09-10,29.277142857142856,37.96857142857142,21.717142857142857,0.5328571428571429,35.79714285714286,2023,TX,PCT HARVESTED,62
2023-09-17,21.231428571428573,27.38714285714286,16.43285714285714,7.878571428571428,69.81142857142858,2023,TX,PCT DENTED,97
2023-09-17,21.231428571428573,27.38714285714286,16.43285714285714,7.878571428571428,69.81142857142858,2023,TX,PCT MATURE,82
2023-09-17,21.231428571428573,27.38714285714286,16.43285714285714,7.878571428571428,69.81142857142858,2023,TX,PCT HARVESTED,68
2023-09-24,24.91714285714286,33.33428571428571,17.490000000000002,0.1257142857142857,47.635714285714286,2023,TX,PCT DENTED,100
2023-09-24,24.91714285714286,33.33428571428571,17.490000000000002,0.1257142857142857,47.635714285714286,2023,TX,PCT MATURE,88
2023-09-24,24.91714285714286,33.33428571428571,17.490000000000002,0.1257142857142857,47.635714285714286,2023,TX,PCT HARVESTED,73
2023-10-01,24.59142857142857,32.15571428571429,17.992857142857144,0.1142857142857142,50.01571428571429,2023,TX,PCT MATURE,91
2023-10-01,24.59142857142857,32.15571428571429,17.992857142857144,0.1142857142857142,50.01571428571429,2023,TX,PCT HARVESTED,78
2023-10-08,18.924285714285716,26.1,12.53,4.14,61.31142857142857,2023,TX,PCT MATURE,96
2023-10-08,18.924285714285716,26.1,12.53,4.14,61.31142857142857,2023,TX,PCT HARVESTED,83
2023-10-15,17.342857142857145,26.45,10.074285714285711,0.03,42.67714285714286,2023,TX,PCT MATURE,99
2023-10-15,17.342857142857145,26.45,10.074285714285711,0.03,42.67714285714286,2023,TX,PCT HARVESTED,86
2023-10-22,18.8,28.662857142857145,11.107142857142858,0.0,38.37714285714286,2023,TX,PCT HARVESTED,89
2023-10-29,14.91,21.21857142857143,10.328571428571427,3.935714285714286,68.05571428571429,2023,TX,PCT HARVESTED,93
2023-11-05,9.335714285714284,19.5,1.7328571428571429,0.0014285714285714,48.62428571428571,2023,TX,PCT HARVESTED,95
2023-11-12,12.974285714285712,21.935714285714287,6.5,0.3128571428571428,46.00142857142857,2023,TX,PCT HARVESTED,97
2023-11-19,12.441428571428572,19.762857142857143,7.381428571428572,0.03,68.33142857142857,2023,TX,PCT HARVESTED,100
2023-11-26,5.935714285714285,13.064285714285717,0.3542857142857143,0.1057142857142857,54.84285714285715,2023,TX,PCT HARVESTED,100
2024-02-25,13.135714285714286,23.092857142857145,4.428571428571429,0.0,36.48428571428571,2024,TX,PCT PLANTED,3
2024-03-03,12.48857142857143,21.358571428571427,4.607142857142857,0.4285714285714285,39.02428571428572,2024,TX,PCT PLANTED,14
2024-03-10,11.09,19.262857142857143,3.221428571428571,0.0085714285714285,44.55,2024,TX,PCT PLANTED,20
2024-03-17,12.214285714285714,19.62,5.8585714285714285,1.36,51.82857142857143,2024,TX,PCT PLANTED,34
2024-03-24,12.922857142857143,20.51,5.435714285714285,0.2971428571428571,54.22428571428571,2024,TX,PCT PLANTED,46
2024-03-31,12.535714285714286,20.93857142857143,4.074285714285714,0.0642857142857143,41.06857142857143,2024,TX,PCT PLANTED,57
2024-04-07,15.595714285714283,23.95285714285714,7.191428571428572,0.1671428571428571,29.042857142857144,2024,TX,PCT EMERGED,34
2024-04-07,15.595714285714283,23.95285714285714,7.191428571428572,0.1671428571428571,29.042857142857144,2024,TX,PCT PLANTED,59
2024-04-14,15.108571428571429,23.822857142857146,6.8985714285714295,5.144285714285715,43.45857142857143,2024,TX,PCT EMERGED,50
2024-04-14,15.108571428571429,23.822857142857146,6.8985714285714295,5.144285714285715,43.45857142857143,2024,TX,PCT PLANTED,63
2024-04-21,15.454285714285716,23.52428571428572,8.372857142857143,0.4414285714285714,39.6,2024,TX,PCT EMERGED,55
2024-04-21,15.454285714285716,23.52428571428572,8.372857142857143,0.4414285714285714,39.6,2024,TX,PCT PLANTED,68
2024-04-21,15.454285714285716,23.52428571428572,8.372857142857143,0.4414285714285714,39.6,2024,TX,PCT SILKING,0
2024-04-28,19.675714285714285,28.58428571428572,11.197142857142856,0.0814285714285714,43.54571428571428,2024,TX,PCT EMERGED,62
2024-04-28,19.675714285714285,28.58428571428572,11.197142857142856,0.0814285714285714,43.54571428571428,2024,TX,PCT PLANTED,71
2024-04-28,19.675714285714285,28.58428571428572,11.197142857142856,0.0814285714285714,43.54571428571428,2024,TX,PCT SILKING,0
2024-05-05,21.59857142857143,29.502857142857145,13.965714285714286,0.7485714285714284,54.82857142857143,2024,TX,PCT EMERGED,67
2024-05-05,21.59857142857143,29.502857142857145,13.965714285714286,0.7485714285714284,54.82857142857143,2024,TX,PCT PLANTED,76
2024-05-05,21.59857142857143,29.502857142857145,13.965714285714286,0.7485714285714284,54.82857142857143,2024,TX,PCT SILKING,5
2024-05-12,20.23428571428571,28.325714285714287,12.767142857142858,1.3142857142857145,42.26142857142857,2024,TX,PCT EMERGED,69
2024-05-12,20.23428571428571,28.325714285714287,12.767142857142858,1.3142857142857145,42.26142857142857,2024,TX,PCT PLANTED,80
2024-05-12,20.23428571428571,28.325714285714287,12.767142857142858,1.3142857142857145,42.26142857142857,2024,TX,PCT SILKING,18
2024-05-19,22.82857142857143,31.568571428571428,14.305714285714286,2.892857142857143,45.03428571428572,2024,TX,PCT EMERGED,74
2024-05-19,22.82857142857143,31.568571428571428,14.305714285714286,2.892857142857143,45.03428571428572,2024,TX,PCT PLANTED,85
2024-05-19,22.82857142857143,31.568571428571428,14.305714285714286,2.892857142857143,45.03428571428572,2024,TX,PCT SILKING,31
2024-05-26,24.41714285714286,33.81,15.101428571428572,0.0,26.762857142857143,2024,TX,PCT EMERGED,83
2024-05-26,24.41714285714286,33.81,15.101428571428572,0.0,26.762857142857143,2024,TX,PCT PLANTED,92
2024-05-26,24.41714285714286,33.81,15.101428571428572,0.0,26.762857142857143,2024,TX,PCT SILKING,40
2024-06-02,24.818571428571428,32.462857142857146,18.332857142857144,6.145714285714286,62.39142857142857,2024,TX,PCT EMERGED,88
2024-06-02,24.818571428571428,32.462857142857146,18.332857142857144,6.145714285714286,62.39142857142857,2024,TX,PCT PLANTED,95
2024-06-02,24.818571428571428,32.462857142857146,18.332857142857144,6.145714285714286,62.39142857142857,2024,TX,PCT SILKING,50
2024-06-09,28.638571428571428,36.98428571428571,20.75,2.1985714285714284,44.80285714285714,2024,TX,PCT DOUGH,10
2024-06-09,28.638571428571428,36.98428571428571,20.75,2.1985714285714284,44.80285714285714,2024,TX,PCT EMERGED,91
2024-06-09,28.638571428571428,36.98428571428571,20.75,2.1985714285714284,44.80285714285714,2024,TX,PCT PLANTED,97
2024-06-09,28.638571428571428,36.98428571428571,20.75,2.1985714285714284,44.80285714285714,2024,TX,PCT SILKING,61
2024-06-16,25.427142857142854,31.86142857142857,19.414285714285715,7.930000000000001,65.91,2024,TX,PCT DOUGH,20
2024-06-16,25.427142857142854,31.86142857142857,19.414285714285715,7.930000000000001,65.91,2024,TX,PCT EMERGED,97
2024-06-16,25.427142857142854,31.86142857142857,19.414285714285715,7.930000000000001,65.91,2024,TX,PCT PLANTED,100
2024-06-16,25.427142857142854,31.86142857142857,19.414285714285715,7.930000000000001,65.91,2024,TX,PCT SILKING,63
2024-06-23,27.15714285714285,33.36714285714286,21.148571428571422,0.2371428571428571,54.42857142857143,2024,TX,PCT DOUGH,43
2024-06-23,27.15714285714285,33.36714285714286,21.148571428571422,0.2371428571428571,54.42857142857143,2024,TX,PCT EMERGED,99
2024-06-23,27.15714285714285,33.36714285714286,21.148571428571422,0.2371428571428571,54.42857142857143,2024,TX,PCT PLANTED,100
2024-06-23,27.15714285714285,33.36714285714286,21.148571428571422,0.2371428571428571,54.42857142857143,2024,TX,PCT SILKING,67
2024-06-30,31.374285714285715,38.82428571428572,24.037142857142857,0.6214285714285713,40.614285714285714,2024,TX,PCT DOUGH,47
2024-06-30,31.374285714285715,38.82428571428572,24.037142857142857,0.6214285714285713,40.614285714285714,2024,TX,PCT EMERGED,100
2024-06-30,31.374285714285715,38.82428571428572,24.037142857142857,0.6214285714285713,40.614285714285714,2024,TX,PCT PLANTED,100
2024-06-30,31.374285714285715,38.82428571428572,24.037142857142857,0.6214285714285713,40.614285714285714,2024,TX,PCT SILKING,70
2024-07-07,29.464285714285715,36.32285714285714,22.618571428571425,1.7757142857142856,45.74857142857143,2024,TX,PCT DENTED,34
2024-07-07,29.464285714285715,36.32285714285714,22.618571428571425,1.7757142857142856,45.74857142857143,2024,TX,PCT DOUGH,60
2024-07-07,29.464285714285715,36.32285714285714,22.618571428571425,1.7757142857142856,45.74857142857143,2024,TX,PCT EMERGED,100
2024-07-07,29.464285714285715,36.32285714285714,22.618571428571425,1.7757142857142856,45.74857142857143,2024,TX,PCT MATURE,23
2024-07-07,29.464285714285715,36.32285714285714,22.618571428571425,1.7757142857142856,45.74857142857143,2024,TX,PCT PLANTED,100
2024-07-07,29.464285714285715,36.32285714285714,22.618571428571425,1.7757142857142856,45.74857142857143,2024,TX,PCT SILKING,75
2024-07-07,29.464285714285715,36.32285714285714,22.618571428571425,1.7757142857142856,45.74857142857143,2024,TX,PCT HARVESTED,12
2024-07-14,27.551428571428573,34.65428571428571,20.23,1.5914285714285714,44.51428571428572,2024,TX,PCT DENTED,40
2024-07-14,27.551428571428573,34.65428571428571,20.23,1.5914285714285714,44.51428571428572,2024,TX,PCT DOUGH,62
2024-07-14,27.551428571428573,34.65428571428571,20.23,1.5914285714285714,44.51428571428572,2024,TX,PCT EMERGED,100
2024-07-14,27.551428571428573,34.65428571428571,20.23,1.5914285714285714,44.51428571428572,2024,TX,PCT MATURE,30
2024-07-14,27.551428571428573,34.65428571428571,20.23,1.5914285714285714,44.51428571428572,2024,TX,PCT PLANTED,100
2024-07-14,27.551428571428573,34.65428571428571,20.23,1.5914285714285714,44.51428571428572,2024,TX,PCT SILKING,78
2024-07-14,27.551428571428573,34.65428571428571,20.23,1.5914285714285714,44.51428571428572,2024,TX,PCT HARVESTED,16
2024-07-21,28.357142857142858,35.207142857142856,22.13,1.6585714285714286,45.82,2024,TX,PCT DENTED,50
2024-07-21,28.357142857142858,35.207142857142856,22.13,1.6585714285714286,45.82,2024,TX,PCT DOUGH,66
2024-07-21,28.357142857142858,35.207142857142856,22.13,1.6585714285714286,45.82,2024,TX,PCT MATURE,38
2024-07-21,28.357142857142858,35.207142857142856,22.13,1.6585714285714286,45.82,2024,TX,PCT SILKING,84
2024-07-21,28.357142857142858,35.207142857142856,22.13,1.6585714285714286,45.82,2024,TX,PCT HARVESTED,20
2024-07-28,26.81142857142857,33.95142857142857,19.615714285714287,1.4657142857142855,47.74142857142857,2024,TX,PCT DENTED,60
2024-07-28,26.81142857142857,33.95142857142857,19.615714285714287,1.4657142857142855,47.74142857142857,2024,TX,PCT DOUGH,78
2024-07-28,26.81142857142857,33.95142857142857,19.615714285714287,1.4657142857142855,47.74142857142857,2024,TX,PCT MATURE,42
2024-07-28,26.81142857142857,33.95142857142857,19.615714285714287,1.4657142857142855,47.74142857142857,2024,TX,PCT SILKING,88
2024-07-28,26.81142857142857,33.95142857142857,19.615714285714287,1.4657142857142855,47.74142857142857,2024,TX,PCT HARVESTED,27
2024-08-04,30.58428571428572,38.44857142857143,23.398571428571422,0.4528571428571428,39.75714285714286,2024,TX,PCT DENTED,65
2024-08-04,30.58428571428572,38.44857142857143,23.398571428571422,0.4528571428571428,39.75714285714286,2024,TX,PCT DOUGH,82
2024-08-04,30.58428571428572,38.44857142857143,23.398571428571422,0.4528571428571428,39.75714285714286,2024,TX,PCT MATURE,47
2024-08-04,30.58428571428572,38.44857142857143,23.398571428571422,0.4528571428571428,39.75714285714286,2024,TX,PCT SILKING,95
2024-08-04,30.58428571428572,38.44857142857143,23.398571428571422,0.4528571428571428,39.75714285714286,2024,TX,PCT HARVESTED,35
2024-08-11,29.862857142857145,38.15714285714286,21.79,1.2385714285714289,39.847142857142856,2024,TX,PCT DENTED,69
2024-08-11,29.862857142857145,38.15714285714286,21.79,1.2385714285714289,39.847142857142856,2024,TX,PCT DOUGH,85
2024-08-11,29.862857142857145,38.15714285714286,21.79,1.2385714285714289,39.847142857142856,2024,TX,PCT MATURE,52
2024-08-11,29.862857142857145,38.15714285714286,21.79,1.2385714285714289,39.847142857142856,2024,TX,PCT SILKING,98
2024-08-11,29.862857142857145,38.15714285714286,21.79,1.2385714285714289,39.847142857142856,2024,TX,PCT HARVESTED,38
2024-08-18,31.09,38.85857142857143,23.648571428571422,0.8428571428571429,36.83142857142857,2024,TX,PCT DENTED,82
2024-08-18,31.09,38.85857142857143,23.648571428571422,0.8428571428571429,36.83142857142857,2024,TX,PCT DOUGH,88
2024-08-18,31.09,38.85857142857143,23.648571428571422,0.8428571428571429,36.83142857142857,2024,TX,PCT MATURE,68
2024-08-18,31.09,38.85857142857143,23.648571428571422,0.8428571428571429,36.83142857142857,2024,TX,PCT SILKING,100
2024-08-18,31.09,38.85857142857143,23.648571428571422,0.8428571428571429,36.83142857142857,2024,TX,PCT HARVESTED,60
2024-08-25,32.357142857142854,40.86714285714286,24.165714285714284,0.01,27.497142857142855,2024,TX,PCT DENTED,89
2024-08-25,32.357142857142854,40.86714285714286,24.165714285714284,0.01,27.497142857142855,2024,TX,PCT DOUGH,95
2024-08-25,32.357142857142854,40.86714285714286,24.165714285714284,0.01,27.497142857142855,2024,TX,PCT MATURE,75
2024-08-25,32.357142857142854,40.86714285714286,24.165714285714284,0.01,27.497142857142855,2024,TX,PCT HARVESTED,65
2024-09-01,26.26142857142857,32.57142857142857,20.38142857142857,2.2842857142857143,52.637142857142855,2024,TX,PCT DENTED,95
2024-09-01,26.26142857142857,32.57142857142857,20.38142857142857,2.2842857142857143,52.637142857142855,2024,TX,PCT DOUGH,99
2024-09-01,26.26142857142857,32.57142857142857,20.38142857142857,2.2842857142857143,52.637142857142855,2024,TX,PCT MATURE,87
2024-09-01,26.26142857142857,32.57142857142857,20.38142857142857,2.2842857142857143,52.637142857142855,2024,TX,PCT HARVESTED,70
2024-09-08,21.97142857142857,28.13714285714286,16.855714285714285,3.707142857142857,66.49857142857142,2024,TX,PCT DENTED,99
2024-09-08,21.97142857142857,28.13714285714286,16.855714285714285,3.707142857142857,66.49857142857142,2024,TX,PCT DOUGH,100
2024-09-08,21.97142857142857,28.13714285714286,16.855714285714285,3.707142857142857,66.49857142857142,2024,TX,PCT MATURE,93
2024-09-08,21.97142857142857,28.13714285714286,16.855714285714285,3.707142857142857,66.49857142857142,2024,TX,PCT HARVESTED,75
2024-09-15,24.505714285714284,33.85142857142857,16.3,0.0157142857142857,45.48714285714285,2024,TX,PCT DENTED,100
2024-09-15,24.505714285714284,33.85142857142857,16.3,0.0157142857142857,45.48714285714285,2024,TX,PCT MATURE,97
2024-09-15,24.505714285714284,33.85142857142857,16.3,0.0157142857142857,45.48714285714285,2024,TX,PCT HARVESTED,80
2024-09-22,25.715714285714284,32.885714285714286,19.138571428571428,3.5500000000000003,57.05857142857143,2024,TX,PCT DENTED,100
2024-09-22,25.715714285714284,32.885714285714286,19.138571428571428,3.5500000000000003,57.05857142857143,2024,TX,PCT MATURE,100
2024-09-22,25.715714285714284,32.885714285714286,19.138571428571428,3.5500000000000003,57.05857142857143,2024,TX,PCT HARVESTED,85
2024-09-29,21.648571428571422,30.892857142857142,13.831428571428573,0.0028571428571428,47.847142857142856,2024,TX,PCT DENTED,100
2024-09-29,21.648571428571422,30.892857142857142,13.831428571428573,0.0028571428571428,47.847142857142856,2024,TX,PCT MATURE,100
2024-09-29,21.648571428571422,30.892857142857142,13.831428571428573,0.0028571428571428,47.847142857142856,2024,TX,PCT HARVESTED,91
2024-10-06,22.344285714285714,31.875714285714285,14.405714285714286,0.0,41.135714285714286,2024,TX,PCT MATURE,100
2024-10-06,22.344285714285714,31.875714285714285,14.405714285714286,0.0,41.135714285714286,2024,TX,PCT HARVESTED,95
2024-10-13,23.384285714285717,33.448571428571434,14.99,0.0,32.980000000000004,2024,TX,PCT MATURE,100
2024-10-13,23.384285714285717,33.448571428571434,14.99,0.0,32.980000000000004,2024,TX,PCT HARVESTED,98
2024-10-20,17.79285714285714,25.25857142857143,11.607142857142858,0.2,49.15857142857143,2024,TX,PCT MATURE,100
2024-10-20,17.79285714285714,25.25857142857143,11.607142857142858,0.2,49.15857142857143,2024,TX,PCT HARVESTED,99
2024-10-27,19.202857142857145,29.397142857142857,11.231428571428571,0.0671428571428571,41.22571428571428,2024,TX,PCT HARVESTED,99
2024-11-03,17.415714285714284,24.66,11.10142857142857,7.700000000000001,54.19714285714286,2024,TX,PCT HARVESTED,100
2024-11-10,9.66,17.104285714285716,3.5814285714285714,4.5285714285714285,66.38000000000001,2024,TX,PCT HARVESTED,100
