Year,County,Yield_Value,Yield_Unit,PCT_PLANTED_April,PCT_PLANTED_February,PCT_PLANTED_July,PCT_PLANTED_June,PCT_PLANTED_March,PCT_PLANTED_May
2019,OTHER (COMBINED) COUNTIES,54.6,BU / ACRE,65.0,65.0,100.0,100.0,43.0,80.0
2018,OTHER (COMBINED) COUNTIES,53.3,BU / ACRE,81.0,81.0,81.0,100.0,32.0,92.0
2017,OTHER (COMBINED) COUNTIES,64.1,BU / ACRE,72.0,72.0,72.0,100.0,39.0,87.0
2016,OTHER (COMBINED) COUNTIES,75.4,BU / ACRE,50.0,50.0,50.0,96.0,31.0,73.0
2015,OTHER (COMBINED) COUNTIES,48.3,BU / ACRE,57.0,57.0,100.0,95.0,11.0,73.0
2014,OTHER (COMBINED) COUNTIES,72.7,BU / ACRE,67.0,67.0,100.0,97.0,97.0,83.0
2013,OTHER (COMBINED) COUNTIES,78.8,BU / ACRE,64.0,64.0,64.0,98.0,40.0,77.0
2012,OTHER (COMBINED) COUNTIES,50.4,BU / ACRE,65.0,65.0,65.0,94.0,94.0,90.0
2011,OTHER (COMBINED) COUNTIES,43.3,BU / ACRE,55.0,55.0,95.0,92.0,92.0,74.0
2010,OTHER (COMBINED) COUNTIES,81.6,BU / ACRE,56.0,56.0,98.0,95.0,95.0,77.0
2009,OTHER (COMBINED) COUNTIES,66.0,BU / ACRE,61.0,61.0,97.0,95.0,95.0,80.0
2008,OTHER (COMBINED) COUNTIES,46.0,BU / ACRE,65.0,65.0,97.0,95.0,95.0,72.0
2007,OTHER (COMBINED) COUNTIES,54.0,BU / ACRE,62.0,62.0,98.0,94.0,94.0,72.0
2006,OTHER (COMBINED) COUNTIES,90.0,BU / ACRE,66.0,66.0,66.0,94.0,94.0,77.0
2005,OTHER (COMBINED) COUNTIES,54.3,BU / ACRE,47.0,47.0,94.0,89.0,89.0,60.0
2004,OTHER (COMBINED) COUNTIES,79.1,BU / ACRE,50.0,50.0,92.0,91.0,91.0,74.0
2003,OTHER (COMBINED) COUNTIES,33.3,BU / ACRE,48.0,48.0,91.0,84.0,29.0,59.0
2022,ARMSTRONG,25.2,BU / ACRE,63.0,2.0,100.0,99.0,39.0,81.0
2021,ARMSTRONG,46.0,BU / ACRE,65.0,4.0,4.0,100.0,45.0,82.0
2020,ARMSTRONG,46.5,BU / ACRE,67.0,67.0,67.0,98.0,45.0,87.0
2019,ARMSTRONG,40.3,BU / ACRE,65.0,65.0,100.0,100.0,43.0,80.0
2017,ARMSTRONG,63.6,BU / ACRE,72.0,72.0,72.0,100.0,39.0,87.0
2016,ARMSTRONG,51.9,BU / ACRE,50.0,50.0,50.0,96.0,31.0,73.0
2015,ARMSTRONG,51.8,BU / ACRE,57.0,57.0,100.0,95.0,11.0,73.0
2014,ARMSTRONG,51.9,BU / ACRE,67.0,67.0,100.0,97.0,97.0,83.0
2013,ARMSTRONG,39.9,BU / ACRE,64.0,64.0,64.0,98.0,40.0,77.0
2012,ARMSTRONG,31.5,BU / ACRE,65.0,65.0,65.0,94.0,94.0,90.0
2011,ARMSTRONG,31.1,BU / ACRE,55.0,55.0,95.0,92.0,92.0,74.0
2010,ARMSTRONG,58.4,BU / ACRE,56.0,56.0,98.0,95.0,95.0,77.0
2009,ARMSTRONG,56.0,BU / ACRE,61.0,61.0,97.0,95.0,95.0,80.0
2008,ARMSTRONG,55.0,BU / ACRE,65.0,65.0,97.0,95.0,95.0,72.0
2007,ARMSTRONG,65.0,BU / ACRE,62.0,62.0,98.0,94.0,94.0,72.0
2006,ARMSTRONG,28.0,BU / ACRE,66.0,66.0,66.0,94.0,94.0,77.0
2005,ARMSTRONG,59.2,BU / ACRE,47.0,47.0,94.0,89.0,89.0,60.0
2004,ARMSTRONG,44.6,BU / ACRE,50.0,50.0,92.0,91.0,91.0,74.0
2003,ARMSTRONG,36.6,BU / ACRE,48.0,48.0,91.0,84.0,29.0,59.0
2002,ARMSTRONG,36.7,BU / ACRE,46.0,46.0,46.0,93.0,35.0,61.0
2001,ARMSTRONG,28.7,BU / ACRE,42.0,42.0,42.0,92.0,92.0,67.0
2000,ARMSTRONG,57.0,BU / ACRE,46.0,46.0,46.0,95.0,95.0,70.0
2025,BRISCOE,63.2,BU / ACRE,67.0,67.0,100.0,100.0,46.0,81.0
2023,BRISCOE,33.7,BU / ACRE,69.0,69.0,100.0,98.0,38.0,83.0
2021,BRISCOE,29.0,BU / ACRE,65.0,4.0,4.0,100.0,45.0,82.0
2016,BRISCOE,51.5,BU / ACRE,50.0,50.0,50.0,96.0,31.0,73.0
2014,BRISCOE,35.6,BU / ACRE,67.0,67.0,100.0,97.0,97.0,83.0
2013,BRISCOE,54.9,BU / ACRE,64.0,64.0,64.0,98.0,40.0,77.0
2010,BRISCOE,70.7,BU / ACRE,56.0,56.0,98.0,95.0,95.0,77.0
2009,BRISCOE,50.0,BU / ACRE,61.0,61.0,97.0,95.0,95.0,80.0
2007,BRISCOE,53.0,BU / ACRE,62.0,62.0,98.0,94.0,94.0,72.0
2006,BRISCOE,48.0,BU / ACRE,66.0,66.0,66.0,94.0,94.0,77.0
2005,BRISCOE,67.3,BU / ACRE,47.0,47.0,94.0,89.0,89.0,60.0
2004,BRISCOE,40.0,BU / ACRE,50.0,50.0,92.0,91.0,91.0,74.0
2003,BRISCOE,40.8,BU / ACRE,48.0,48.0,91.0,84.0,29.0,59.0
2002,BRISCOE,50.0,BU / ACRE,46.0,46.0,46.0,93.0,35.0,61.0
2001,BRISCOE,33.2,BU / ACRE,42.0,42.0,42.0,92.0,92.0,67.0
2000,BRISCOE,46.2,BU / ACRE,46.0,46.0,46.0,95.0,95.0,70.0
2025,CARSON,68.5,BU / ACRE,67.0,67.0,100.0,100.0,46.0,81.0
2024,CARSON,88.7,BU / ACRE,65.0,65.0,100.0,100.0,42.0,82.0
2023,CARSON,35.4,BU / ACRE,69.0,69.0,100.0,98.0,38.0,83.0
2022,CARSON,50.7,BU / ACRE,63.0,2.0,100.0,99.0,39.0,81.0
2021,CARSON,72.6,BU / ACRE,65.0,4.0,4.0,100.0,45.0,82.0
2020,CARSON,59.2,BU / ACRE,67.0,67.0,67.0,98.0,45.0,87.0
2019,CARSON,44.9,BU / ACRE,65.0,65.0,100.0,100.0,43.0,80.0
2018,CARSON,51.2,BU / ACRE,81.0,81.0,81.0,100.0,32.0,92.0
2017,CARSON,78.3,BU / ACRE,72.0,72.0,72.0,100.0,39.0,87.0
2016,CARSON,77.9,BU / ACRE,50.0,50.0,50.0,96.0,31.0,73.0
2015,CARSON,67.0,BU / ACRE,57.0,57.0,100.0,95.0,11.0,73.0
2014,CARSON,54.6,BU / ACRE,67.0,67.0,100.0,97.0,97.0,83.0
2013,CARSON,45.5,BU / ACRE,64.0,64.0,64.0,98.0,40.0,77.0
2012,CARSON,32.2,BU / ACRE,65.0,65.0,65.0,94.0,94.0,90.0
2011,CARSON,58.9,BU / ACRE,55.0,55.0,95.0,92.0,92.0,74.0
2010,CARSON,59.2,BU / ACRE,56.0,56.0,98.0,95.0,95.0,77.0
2009,CARSON,60.0,BU / ACRE,61.0,61.0,97.0,95.0,95.0,80.0
2008,CARSON,42.0,BU / ACRE,65.0,65.0,97.0,95.0,95.0,72.0
2007,CARSON,60.0,BU / ACRE,62.0,62.0,98.0,94.0,94.0,72.0
2006,CARSON,46.0,BU / ACRE,66.0,66.0,66.0,94.0,94.0,77.0
2005,CARSON,52.1,BU / ACRE,47.0,47.0,94.0,89.0,89.0,60.0
2004,CARSON,39.2,BU / ACRE,50.0,50.0,92.0,91.0,91.0,74.0
2003,CARSON,37.4,BU / ACRE,48.0,48.0,91.0,84.0,29.0,59.0
2002,CARSON,57.4,BU / ACRE,46.0,46.0,46.0,93.0,35.0,61.0
2001,CARSON,43.6,BU / ACRE,42.0,42.0,42.0,92.0,92.0,67.0
2000,CARSON,33.9,BU / ACRE,46.0,46.0,46.0,95.0,95.0,70.0
2023,CASTRO,49.5,BU / ACRE,69.0,69.0,100.0,98.0,38.0,83.0
2021,CASTRO,62.7,BU / ACRE,65.0,4.0,4.0,100.0,45.0,82.0
2018,CASTRO,52.4,BU / ACRE,81.0,81.0,81.0,100.0,32.0,92.0
2017,CASTRO,107.2,BU / ACRE,72.0,72.0,72.0,100.0,39.0,87.0
2015,CASTRO,89.9,BU / ACRE,57.0,57.0,100.0,95.0,11.0,73.0
2012,CASTRO,56.8,BU / ACRE,65.0,65.0,65.0,94.0,94.0,90.0
2011,CASTRO,51.8,BU / ACRE,55.0,55.0,95.0,92.0,92.0,74.0
2010,CASTRO,59.8,BU / ACRE,56.0,56.0,98.0,95.0,95.0,77.0
2009,CASTRO,68.0,BU / ACRE,61.0,61.0,97.0,95.0,95.0,80.0
2008,CASTRO,52.0,BU / ACRE,65.0,65.0,97.0,95.0,95.0,72.0
2007,CASTRO,61.0,BU / ACRE,62.0,62.0,98.0,94.0,94.0,72.0
2006,CASTRO,60.0,BU / ACRE,66.0,66.0,66.0,94.0,94.0,77.0
2005,CASTRO,74.2,BU / ACRE,47.0,47.0,94.0,89.0,89.0,60.0
2004,CASTRO,35.9,BU / ACRE,50.0,50.0,92.0,91.0,91.0,74.0
2003,CASTRO,62.7,BU / ACRE,48.0,48.0,91.0,84.0,29.0,59.0
2002,CASTRO,50.7,BU / ACRE,46.0,46.0,46.0,93.0,35.0,61.0
2001,CASTRO,78.7,BU / ACRE,42.0,42.0,42.0,92.0,92.0,67.0
2000,CASTRO,53.4,BU / ACRE,46.0,46.0,46.0,95.0,95.0,70.0
2023,DALLAM,26.3,BU / ACRE,69.0,69.0,100.0,98.0,38.0,83.0
2020,DALLAM,66.3,BU / ACRE,67.0,67.0,67.0,98.0,45.0,87.0
2017,DALLAM,60.2,BU / ACRE,72.0,72.0,72.0,100.0,39.0,87.0
2016,DALLAM,77.4,BU / ACRE,50.0,50.0,50.0,96.0,31.0,73.0
2015,DALLAM,68.5,BU / ACRE,57.0,57.0,100.0,95.0,11.0,73.0
2014,DALLAM,51.3,BU / ACRE,67.0,67.0,100.0,97.0,97.0,83.0
2010,DALLAM,71.4,BU / ACRE,56.0,56.0,98.0,95.0,95.0,77.0
2009,DALLAM,70.0,BU / ACRE,61.0,61.0,97.0,95.0,95.0,80.0
2008,DALLAM,62.0,BU / ACRE,65.0,65.0,97.0,95.0,95.0,72.0
2007,DALLAM,54.0,BU / ACRE,62.0,62.0,98.0,94.0,94.0,72.0
2006,DALLAM,35.0,BU / ACRE,66.0,66.0,66.0,94.0,94.0,77.0
2005,DALLAM,63.4,BU / ACRE,47.0,47.0,94.0,89.0,89.0,60.0
2004,DALLAM,57.9,BU / ACRE,50.0,50.0,92.0,91.0,91.0,74.0
2003,DALLAM,56.1,BU / ACRE,48.0,48.0,91.0,84.0,29.0,59.0
2002,DALLAM,50.0,BU / ACRE,46.0,46.0,46.0,93.0,35.0,61.0
2001,DALLAM,32.6,BU / ACRE,42.0,42.0,42.0,92.0,92.0,67.0
2000,DALLAM,48.8,BU / ACRE,46.0,46.0,46.0,95.0,95.0,70.0
2023,DEAF SMITH,39.4,BU / ACRE,69.0,69.0,100.0,98.0,38.0,83.0
2022,DEAF SMITH,58.9,BU / ACRE,63.0,2.0,100.0,99.0,39.0,81.0
2021,DEAF SMITH,59.5,BU / ACRE,65.0,4.0,4.0,100.0,45.0,82.0
2020,DEAF SMITH,79.9,BU / ACRE,67.0,67.0,67.0,98.0,45.0,87.0
2019,DEAF SMITH,46.1,BU / ACRE,65.0,65.0,100.0,100.0,43.0,80.0
2017,DEAF SMITH,72.2,BU / ACRE,72.0,72.0,72.0,100.0,39.0,87.0
2016,DEAF SMITH,63.6,BU / ACRE,50.0,50.0,50.0,96.0,31.0,73.0
2015,DEAF SMITH,51.4,BU / ACRE,57.0,57.0,100.0,95.0,11.0,73.0
2013,DEAF SMITH,45.3,BU / ACRE,64.0,64.0,64.0,98.0,40.0,77.0
2012,DEAF SMITH,48.8,BU / ACRE,65.0,65.0,65.0,94.0,94.0,90.0
2011,DEAF SMITH,26.2,BU / ACRE,55.0,55.0,95.0,92.0,92.0,74.0
2010,DEAF SMITH,64.7,BU / ACRE,56.0,56.0,98.0,95.0,95.0,77.0
2009,DEAF SMITH,58.0,BU / ACRE,61.0,61.0,97.0,95.0,95.0,80.0
2008,DEAF SMITH,44.0,BU / ACRE,65.0,65.0,97.0,95.0,95.0,72.0
2007,DEAF SMITH,60.0,BU / ACRE,62.0,62.0,98.0,94.0,94.0,72.0
2006,DEAF SMITH,37.0,BU / ACRE,66.0,66.0,66.0,94.0,94.0,77.0
2005,DEAF SMITH,69.2,BU / ACRE,47.0,47.0,94.0,89.0,89.0,60.0
2004,DEAF SMITH,38.1,BU / ACRE,50.0,50.0,92.0,91.0,91.0,74.0
2003,DEAF SMITH,52.0,BU / ACRE,48.0,48.0,91.0,84.0,29.0,59.0
2002,DEAF SMITH,47.6,BU / ACRE,46.0,46.0,46.0,93.0,35.0,61.0
2001,DEAF SMITH,44.7,BU / ACRE,42.0,42.0,42.0,92.0,92.0,67.0
2000,DEAF SMITH,37.3,BU / ACRE,46.0,46.0,46.0,95.0,95.0,70.0
2023,FLOYD,32.6,BU / ACRE,69.0,69.0,100.0,98.0,38.0,83.0
2021,FLOYD,38.4,BU / ACRE,65.0,4.0,4.0,100.0,45.0,82.0
2017,FLOYD,50.3,BU / ACRE,72.0,72.0,72.0,100.0,39.0,87.0
2016,FLOYD,43.7,BU / ACRE,50.0,50.0,50.0,96.0,31.0,73.0
2015,FLOYD,54.0,BU / ACRE,57.0,57.0,100.0,95.0,11.0,73.0
2014,FLOYD,58.7,BU / ACRE,67.0,67.0,100.0,97.0,97.0,83.0
2013,FLOYD,68.1,BU / ACRE,64.0,64.0,64.0,98.0,40.0,77.0
2011,FLOYD,60.6,BU / ACRE,55.0,55.0,95.0,92.0,92.0,74.0
2010,FLOYD,81.9,BU / ACRE,56.0,56.0,98.0,95.0,95.0,77.0
2009,FLOYD,65.0,BU / ACRE,61.0,61.0,97.0,95.0,95.0,80.0
2008,FLOYD,54.0,BU / ACRE,65.0,65.0,97.0,95.0,95.0,72.0
2007,FLOYD,77.0,BU / ACRE,62.0,62.0,98.0,94.0,94.0,72.0
2006,FLOYD,47.0,BU / ACRE,66.0,66.0,66.0,94.0,94.0,77.0
2005,FLOYD,68.3,BU / ACRE,47.0,47.0,94.0,89.0,89.0,60.0
2004,FLOYD,66.9,BU / ACRE,50.0,50.0,92.0,91.0,91.0,74.0
2003,FLOYD,59.4,BU / ACRE,48.0,48.0,91.0,84.0,29.0,59.0
2002,FLOYD,61.4,BU / ACRE,46.0,46.0,46.0,93.0,35.0,61.0
2001,FLOYD,33.9,BU / ACRE,42.0,42.0,42.0,92.0,92.0,67.0
2000,FLOYD,58.4,BU / ACRE,46.0,46.0,46.0,95.0,95.0,70.0
2024,GRAY,67.6,BU / ACRE,65.0,65.0,100.0,100.0,42.0,82.0
2023,GRAY,34.0,BU / ACRE,69.0,69.0,100.0,98.0,38.0,83.0
2022,GRAY,69.5,BU / ACRE,63.0,2.0,100.0,99.0,39.0,81.0
2021,GRAY,91.2,BU / ACRE,65.0,4.0,4.0,100.0,45.0,82.0
2020,GRAY,44.8,BU / ACRE,67.0,67.0,67.0,98.0,45.0,87.0
2019,GRAY,55.2,BU / ACRE,65.0,65.0,100.0,100.0,43.0,80.0
2014,GRAY,47.8,BU / ACRE,67.0,67.0,100.0,97.0,97.0,83.0
2012,GRAY,48.1,BU / ACRE,65.0,65.0,65.0,94.0,94.0,90.0
2010,GRAY,50.4,BU / ACRE,56.0,56.0,98.0,95.0,95.0,77.0
2009,GRAY,56.0,BU / ACRE,61.0,61.0,97.0,95.0,95.0,80.0
2007,GRAY,67.0,BU / ACRE,62.0,62.0,98.0,94.0,94.0,72.0
2006,GRAY,43.0,BU / ACRE,66.0,66.0,66.0,94.0,94.0,77.0
2005,GRAY,64.7,BU / ACRE,47.0,47.0,94.0,89.0,89.0,60.0
2004,GRAY,54.9,BU / ACRE,50.0,50.0,92.0,91.0,91.0,74.0
2003,GRAY,38.8,BU / ACRE,48.0,48.0,91.0,84.0,29.0,59.0
2002,GRAY,55.4,BU / ACRE,46.0,46.0,46.0,93.0,35.0,61.0
2001,GRAY,40.1,BU / ACRE,42.0,42.0,42.0,92.0,92.0,67.0
2000,GRAY,27.0,BU / ACRE,46.0,46.0,46.0,95.0,95.0,70.0
2021,HALE,55.5,BU / ACRE,65.0,4.0,4.0,100.0,45.0,82.0
2015,HALE,50.5,BU / ACRE,57.0,57.0,100.0,95.0,11.0,73.0
2014,HALE,68.2,BU / ACRE,67.0,67.0,100.0,97.0,97.0,83.0
2013,HALE,79.5,BU / ACRE,64.0,64.0,64.0,98.0,40.0,77.0
2012,HALE,63.0,BU / ACRE,65.0,65.0,65.0,94.0,94.0,90.0
2010,HALE,86.8,BU / ACRE,56.0,56.0,98.0,95.0,95.0,77.0
2009,HALE,67.0,BU / ACRE,61.0,61.0,97.0,95.0,95.0,80.0
2008,HALE,62.0,BU / ACRE,65.0,65.0,97.0,95.0,95.0,72.0
2007,HALE,85.0,BU / ACRE,62.0,62.0,98.0,94.0,94.0,72.0
2006,HALE,69.0,BU / ACRE,66.0,66.0,66.0,94.0,94.0,77.0
2005,HALE,83.9,BU / ACRE,47.0,47.0,94.0,89.0,89.0,60.0
2004,HALE,71.6,BU / ACRE,50.0,50.0,92.0,91.0,91.0,74.0
2003,HALE,59.4,BU / ACRE,48.0,48.0,91.0,84.0,29.0,59.0
2002,HALE,66.7,BU / ACRE,46.0,46.0,46.0,93.0,35.0,61.0
2001,HALE,54.8,BU / ACRE,42.0,42.0,42.0,92.0,92.0,67.0
2000,HALE,50.1,BU / ACRE,46.0,46.0,46.0,95.0,95.0,70.0
2022,HANSFORD,64.1,BU / ACRE,63.0,2.0,100.0,99.0,39.0,81.0
2020,HANSFORD,76.6,BU / ACRE,67.0,67.0,67.0,98.0,45.0,87.0
2017,HANSFORD,61.9,BU / ACRE,72.0,72.0,72.0,100.0,39.0,87.0
2016,HANSFORD,47.0,BU / ACRE,50.0,50.0,50.0,96.0,31.0,73.0
2015,HANSFORD,89.9,BU / ACRE,57.0,57.0,100.0,95.0,11.0,73.0
2013,HANSFORD,68.8,BU / ACRE,64.0,64.0,64.0,98.0,40.0,77.0
2010,HANSFORD,69.8,BU / ACRE,56.0,56.0,98.0,95.0,95.0,77.0
2008,HANSFORD,66.0,BU / ACRE,65.0,65.0,97.0,95.0,95.0,72.0
2007,HANSFORD,49.0,BU / ACRE,62.0,62.0,98.0,94.0,94.0,72.0
2006,HANSFORD,52.0,BU / ACRE,66.0,66.0,66.0,94.0,94.0,77.0
2005,HANSFORD,49.4,BU / ACRE,47.0,47.0,94.0,89.0,89.0,60.0
2004,HANSFORD,35.4,BU / ACRE,50.0,50.0,92.0,91.0,91.0,74.0
2003,HANSFORD,67.9,BU / ACRE,48.0,48.0,91.0,84.0,29.0,59.0
2002,HANSFORD,51.2,BU / ACRE,46.0,46.0,46.0,93.0,35.0,61.0
2001,HANSFORD,44.3,BU / ACRE,42.0,42.0,42.0,92.0,92.0,67.0
2000,HANSFORD,35.6,BU / ACRE,46.0,46.0,46.0,95.0,95.0,70.0
2018,HARTLEY,65.6,BU / ACRE,81.0,81.0,81.0,100.0,32.0,92.0
2016,HARTLEY,57.7,BU / ACRE,50.0,50.0,50.0,96.0,31.0,73.0
2015,HARTLEY,94.0,BU / ACRE,57.0,57.0,100.0,95.0,11.0,73.0
2009,HARTLEY,71.0,BU / ACRE,61.0,61.0,97.0,95.0,95.0,80.0
2008,HARTLEY,71.0,BU / ACRE,65.0,65.0,97.0,95.0,95.0,72.0
2007,HARTLEY,68.0,BU / ACRE,62.0,62.0,98.0,94.0,94.0,72.0
2006,HARTLEY,95.0,BU / ACRE,66.0,66.0,66.0,94.0,94.0,77.0
2005,HARTLEY,71.9,BU / ACRE,47.0,47.0,94.0,89.0,89.0,60.0
2004,HARTLEY,73.3,BU / ACRE,50.0,50.0,92.0,91.0,91.0,74.0
2003,HARTLEY,71.3,BU / ACRE,48.0,48.0,91.0,84.0,29.0,59.0
2002,HARTLEY,91.0,BU / ACRE,46.0,46.0,46.0,93.0,35.0,61.0
2001,HARTLEY,36.6,BU / ACRE,42.0,42.0,42.0,92.0,92.0,67.0
2000,HARTLEY,35.0,BU / ACRE,46.0,46.0,46.0,95.0,95.0,70.0
2002,HEMPHILL,30.0,BU / ACRE,46.0,46.0,46.0,93.0,35.0,61.0
2001,HEMPHILL,51.4,BU / ACRE,42.0,42.0,42.0,92.0,92.0,67.0
2000,HEMPHILL,47.8,BU / ACRE,46.0,46.0,46.0,95.0,95.0,70.0
2024,HUTCHINSON,55.0,BU / ACRE,65.0,65.0,100.0,100.0,42.0,82.0
2022,HUTCHINSON,62.8,BU / ACRE,63.0,2.0,100.0,99.0,39.0,81.0
2021,HUTCHINSON,54.7,BU / ACRE,65.0,4.0,4.0,100.0,45.0,82.0
2019,HUTCHINSON,47.3,BU / ACRE,65.0,65.0,100.0,100.0,43.0,80.0
2015,HUTCHINSON,72.5,BU / ACRE,57.0,57.0,100.0,95.0,11.0,73.0
2014,HUTCHINSON,43.3,BU / ACRE,67.0,67.0,100.0,97.0,97.0,83.0
2013,HUTCHINSON,72.8,BU / ACRE,64.0,64.0,64.0,98.0,40.0,77.0
2012,HUTCHINSON,81.9,BU / ACRE,65.0,65.0,65.0,94.0,94.0,90.0
2009,HUTCHINSON,46.0,BU / ACRE,61.0,61.0,97.0,95.0,95.0,80.0
2008,HUTCHINSON,63.0,BU / ACRE,65.0,65.0,97.0,95.0,95.0,72.0
2007,HUTCHINSON,56.0,BU / ACRE,62.0,62.0,98.0,94.0,94.0,72.0
2006,HUTCHINSON,34.0,BU / ACRE,66.0,66.0,66.0,94.0,94.0,77.0
2005,HUTCHINSON,58.9,BU / ACRE,47.0,47.0,94.0,89.0,89.0,60.0
2004,HUTCHINSON,54.4,BU / ACRE,50.0,50.0,92.0,91.0,91.0,74.0
2003,HUTCHINSON,41.4,BU / ACRE,48.0,48.0,91.0,84.0,29.0,59.0
2002,HUTCHINSON,48.9,BU / ACRE,46.0,46.0,46.0,93.0,35.0,61.0
2001,HUTCHINSON,58.9,BU / ACRE,42.0,42.0,42.0,92.0,92.0,67.0
2000,HUTCHINSON,43.5,BU / ACRE,46.0,46.0,46.0,95.0,95.0,70.0
2021,LIPSCOMB,47.6,BU / ACRE,65.0,4.0,4.0,100.0,45.0,82.0
2019,LIPSCOMB,42.9,BU / ACRE,65.0,65.0,100.0,100.0,43.0,80.0
2018,LIPSCOMB,56.0,BU / ACRE,81.0,81.0,81.0,100.0,32.0,92.0
2017,LIPSCOMB,89.5,BU / ACRE,72.0,72.0,72.0,100.0,39.0,87.0
2013,LIPSCOMB,73.5,BU / ACRE,64.0,64.0,64.0,98.0,40.0,77.0
2012,LIPSCOMB,23.9,BU / ACRE,65.0,65.0,65.0,94.0,94.0,90.0
2011,LIPSCOMB,38.2,BU / ACRE,55.0,55.0,95.0,92.0,92.0,74.0
2010,LIPSCOMB,76.0,BU / ACRE,56.0,56.0,98.0,95.0,95.0,77.0
2009,LIPSCOMB,59.0,BU / ACRE,61.0,61.0,97.0,95.0,95.0,80.0
2008,LIPSCOMB,84.0,BU / ACRE,65.0,65.0,97.0,95.0,95.0,72.0
2006,LIPSCOMB,69.0,BU / ACRE,66.0,66.0,66.0,94.0,94.0,77.0
2005,LIPSCOMB,53.8,BU / ACRE,47.0,47.0,94.0,89.0,89.0,60.0
2004,LIPSCOMB,61.2,BU / ACRE,50.0,50.0,92.0,91.0,91.0,74.0
2003,LIPSCOMB,57.1,BU / ACRE,48.0,48.0,91.0,84.0,29.0,59.0
2002,LIPSCOMB,52.3,BU / ACRE,46.0,46.0,46.0,93.0,35.0,61.0
2001,LIPSCOMB,51.6,BU / ACRE,42.0,42.0,42.0,92.0,92.0,67.0
2000,LIPSCOMB,21.3,BU / ACRE,46.0,46.0,46.0,95.0,95.0,70.0
2025,MOORE,89.5,BU / ACRE,67.0,67.0,100.0,100.0,46.0,81.0
2024,MOORE,96.4,BU / ACRE,65.0,65.0,100.0,100.0,42.0,82.0
2023,MOORE,43.7,BU / ACRE,69.0,69.0,100.0,98.0,38.0,83.0
2022,MOORE,58.6,BU / ACRE,63.0,2.0,100.0,99.0,39.0,81.0
2021,MOORE,98.5,BU / ACRE,65.0,4.0,4.0,100.0,45.0,82.0
2020,MOORE,89.5,BU / ACRE,67.0,67.0,67.0,98.0,45.0,87.0
2019,MOORE,68.4,BU / ACRE,65.0,65.0,100.0,100.0,43.0,80.0
2017,MOORE,94.8,BU / ACRE,72.0,72.0,72.0,100.0,39.0,87.0
2016,MOORE,87.2,BU / ACRE,50.0,50.0,50.0,96.0,31.0,73.0
2015,MOORE,96.7,BU / ACRE,57.0,57.0,100.0,95.0,11.0,73.0
2014,MOORE,82.9,BU / ACRE,67.0,67.0,100.0,97.0,97.0,83.0
2013,MOORE,97.0,BU / ACRE,64.0,64.0,64.0,98.0,40.0,77.0
2012,MOORE,86.4,BU / ACRE,65.0,65.0,65.0,94.0,94.0,90.0
2011,MOORE,53.8,BU / ACRE,55.0,55.0,95.0,92.0,92.0,74.0
2010,MOORE,90.0,BU / ACRE,56.0,56.0,98.0,95.0,95.0,77.0
2009,MOORE,96.0,BU / ACRE,61.0,61.0,97.0,95.0,95.0,80.0
2008,MOORE,76.0,BU / ACRE,65.0,65.0,97.0,95.0,95.0,72.0
2007,MOORE,91.0,BU / ACRE,62.0,62.0,98.0,94.0,94.0,72.0
2006,MOORE,80.0,BU / ACRE,66.0,66.0,66.0,94.0,94.0,77.0
2005,MOORE,81.2,BU / ACRE,47.0,47.0,94.0,89.0,89.0,60.0
2004,MOORE,61.6,BU / ACRE,50.0,50.0,92.0,91.0,91.0,74.0
2003,MOORE,69.8,BU / ACRE,48.0,48.0,91.0,84.0,29.0,59.0
2002,MOORE,81.2,BU / ACRE,46.0,46.0,46.0,93.0,35.0,61.0
2001,MOORE,61.0,BU / ACRE,42.0,42.0,42.0,92.0,92.0,67.0
2000,MOORE,42.5,BU / ACRE,46.0,46.0,46.0,95.0,95.0,70.0
2025,OCHILTREE,79.0,BU / ACRE,67.0,67.0,100.0,100.0,46.0,81.0
2023,OCHILTREE,41.4,BU / ACRE,69.0,69.0,100.0,98.0,38.0,83.0
2022,OCHILTREE,50.1,BU / ACRE,63.0,2.0,100.0,99.0,39.0,81.0
2021,OCHILTREE,72.1,BU / ACRE,65.0,4.0,4.0,100.0,45.0,82.0
2020,OCHILTREE,49.0,BU / ACRE,67.0,67.0,67.0,98.0,45.0,87.0
2019,OCHILTREE,59.5,BU / ACRE,65.0,65.0,100.0,100.0,43.0,80.0
2018,OCHILTREE,69.1,BU / ACRE,81.0,81.0,81.0,100.0,32.0,92.0
2017,OCHILTREE,63.5,BU / ACRE,72.0,72.0,72.0,100.0,39.0,87.0
2016,OCHILTREE,83.6,BU / ACRE,50.0,50.0,50.0,96.0,31.0,73.0
2015,OCHILTREE,68.3,BU / ACRE,57.0,57.0,100.0,95.0,11.0,73.0
2014,OCHILTREE,59.7,BU / ACRE,67.0,67.0,100.0,97.0,97.0,83.0
2013,OCHILTREE,51.4,BU / ACRE,64.0,64.0,64.0,98.0,40.0,77.0
2012,OCHILTREE,51.6,BU / ACRE,65.0,65.0,65.0,94.0,94.0,90.0
2010,OCHILTREE,78.8,BU / ACRE,56.0,56.0,98.0,95.0,95.0,77.0
2009,OCHILTREE,78.0,BU / ACRE,61.0,61.0,97.0,95.0,95.0,80.0
2008,OCHILTREE,58.0,BU / ACRE,65.0,65.0,97.0,95.0,95.0,72.0
2007,OCHILTREE,61.0,BU / ACRE,62.0,62.0,98.0,94.0,94.0,72.0
2006,OCHILTREE,55.0,BU / ACRE,66.0,66.0,66.0,94.0,94.0,77.0
2005,OCHILTREE,66.8,BU / ACRE,47.0,47.0,94.0,89.0,89.0,60.0
2004,OCHILTREE,69.9,BU / ACRE,50.0,50.0,92.0,91.0,91.0,74.0
2003,OCHILTREE,58.7,BU / ACRE,48.0,48.0,91.0,84.0,29.0,59.0
2002,OCHILTREE,45.8,BU / ACRE,46.0,46.0,46.0,93.0,35.0,61.0
2001,OCHILTREE,55.1,BU / ACRE,42.0,42.0,42.0,92.0,92.0,67.0
2000,OCHILTREE,38.3,BU / ACRE,46.0,46.0,46.0,95.0,95.0,70.0
2021,OLDHAM,36.5,BU / ACRE,65.0,4.0,4.0,100.0,45.0,82.0
2020,OLDHAM,47.7,BU / ACRE,67.0,67.0,67.0,98.0,45.0,87.0
2019,OLDHAM,41.7,BU / ACRE,65.0,65.0,100.0,100.0,43.0,80.0
2018,OLDHAM,32.7,BU / ACRE,81.0,81.0,81.0,100.0,32.0,92.0
2016,OLDHAM,47.7,BU / ACRE,50.0,50.0,50.0,96.0,31.0,73.0
2010,OLDHAM,41.9,BU / ACRE,56.0,56.0,98.0,95.0,95.0,77.0
2008,OLDHAM,32.0,BU / ACRE,65.0,65.0,97.0,95.0,95.0,72.0
2007,OLDHAM,34.0,BU / ACRE,62.0,62.0,98.0,94.0,94.0,72.0
2006,OLDHAM,38.0,BU / ACRE,66.0,66.0,66.0,94.0,94.0,77.0
2005,OLDHAM,50.3,BU / ACRE,47.0,47.0,94.0,89.0,89.0,60.0
2004,OLDHAM,33.6,BU / ACRE,50.0,50.0,92.0,91.0,91.0,74.0
2003,OLDHAM,37.3,BU / ACRE,48.0,48.0,91.0,84.0,29.0,59.0
2002,OLDHAM,26.5,BU / ACRE,46.0,46.0,46.0,93.0,35.0,61.0
2001,OLDHAM,34.0,BU / ACRE,42.0,42.0,42.0,92.0,92.0,67.0
2000,OLDHAM,22.9,BU / ACRE,46.0,46.0,46.0,95.0,95.0,70.0
2021,PARMER,46.0,BU / ACRE,65.0,4.0,4.0,100.0,45.0,82.0
2020,PARMER,52.6,BU / ACRE,67.0,67.0,67.0,98.0,45.0,87.0
2019,PARMER,40.9,BU / ACRE,65.0,65.0,100.0,100.0,43.0,80.0
2018,PARMER,45.6,BU / ACRE,81.0,81.0,81.0,100.0,32.0,92.0
2017,PARMER,69.7,BU / ACRE,72.0,72.0,72.0,100.0,39.0,87.0
2016,PARMER,65.9,BU / ACRE,50.0,50.0,50.0,96.0,31.0,73.0
2015,PARMER,51.6,BU / ACRE,57.0,57.0,100.0,95.0,11.0,73.0
2014,PARMER,47.7,BU / ACRE,67.0,67.0,100.0,97.0,97.0,83.0
2013,PARMER,59.8,BU / ACRE,64.0,64.0,64.0,98.0,40.0,77.0
2012,PARMER,49.5,BU / ACRE,65.0,65.0,65.0,94.0,94.0,90.0
2011,PARMER,31.9,BU / ACRE,55.0,55.0,95.0,92.0,92.0,74.0
2010,PARMER,67.9,BU / ACRE,56.0,56.0,98.0,95.0,95.0,77.0
2009,PARMER,58.0,BU / ACRE,61.0,61.0,97.0,95.0,95.0,80.0
2008,PARMER,63.0,BU / ACRE,65.0,65.0,97.0,95.0,95.0,72.0
2007,PARMER,88.0,BU / ACRE,62.0,62.0,98.0,94.0,94.0,72.0
2006,PARMER,65.0,BU / ACRE,66.0,66.0,66.0,94.0,94.0,77.0
2005,PARMER,73.0,BU / ACRE,47.0,47.0,94.0,89.0,89.0,60.0
2004,PARMER,59.8,BU / ACRE,50.0,50.0,92.0,91.0,91.0,74.0
2003,PARMER,71.4,BU / ACRE,48.0,48.0,91.0,84.0,29.0,59.0
2002,PARMER,73.4,BU / ACRE,46.0,46.0,46.0,93.0,35.0,61.0
2001,PARMER,72.1,BU / ACRE,42.0,42.0,42.0,92.0,92.0,67.0
2000,PARMER,59.7,BU / ACRE,46.0,46.0,46.0,95.0,95.0,70.0
2016,POTTER,71.2,BU / ACRE,50.0,50.0,50.0,96.0,31.0,73.0
2015,POTTER,78.0,BU / ACRE,57.0,57.0,100.0,95.0,11.0,73.0
2013,POTTER,36.6,BU / ACRE,64.0,64.0,64.0,98.0,40.0,77.0
2012,POTTER,37.8,BU / ACRE,65.0,65.0,65.0,94.0,94.0,90.0
2010,POTTER,62.2,BU / ACRE,56.0,56.0,98.0,95.0,95.0,77.0
2009,POTTER,55.0,BU / ACRE,61.0,61.0,97.0,95.0,95.0,80.0
2006,POTTER,60.0,BU / ACRE,66.0,66.0,66.0,94.0,94.0,77.0
2005,POTTER,50.0,BU / ACRE,47.0,47.0,94.0,89.0,89.0,60.0
2004,POTTER,57.3,BU / ACRE,50.0,50.0,92.0,91.0,91.0,74.0
2002,POTTER,38.1,BU / ACRE,46.0,46.0,46.0,93.0,35.0,61.0
2001,POTTER,32.8,BU / ACRE,42.0,42.0,42.0,92.0,92.0,67.0
2000,POTTER,40.4,BU / ACRE,46.0,46.0,46.0,95.0,95.0,70.0
2022,RANDALL,37.6,BU / ACRE,63.0,2.0,100.0,99.0,39.0,81.0
2021,RANDALL,41.0,BU / ACRE,65.0,4.0,4.0,100.0,45.0,82.0
2020,RANDALL,29.9,BU / ACRE,67.0,67.0,67.0,98.0,45.0,87.0
2019,RANDALL,45.7,BU / ACRE,65.0,65.0,100.0,100.0,43.0,80.0
2018,RANDALL,30.7,BU / ACRE,81.0,81.0,81.0,100.0,32.0,92.0
2017,RANDALL,59.1,BU / ACRE,72.0,72.0,72.0,100.0,39.0,87.0
2016,RANDALL,46.9,BU / ACRE,50.0,50.0,50.0,96.0,31.0,73.0
2015,RANDALL,55.7,BU / ACRE,57.0,57.0,100.0,95.0,11.0,73.0
2014,RANDALL,48.6,BU / ACRE,67.0,67.0,100.0,97.0,97.0,83.0
2013,RANDALL,40.7,BU / ACRE,64.0,64.0,64.0,98.0,40.0,77.0
2012,RANDALL,18.9,BU / ACRE,65.0,65.0,65.0,94.0,94.0,90.0
2010,RANDALL,51.3,BU / ACRE,56.0,56.0,98.0,95.0,95.0,77.0
2009,RANDALL,44.0,BU / ACRE,61.0,61.0,97.0,95.0,95.0,80.0
2007,RANDALL,66.0,BU / ACRE,62.0,62.0,98.0,94.0,94.0,72.0
2006,RANDALL,47.0,BU / ACRE,66.0,66.0,66.0,94.0,94.0,77.0
2005,RANDALL,54.0,BU / ACRE,47.0,47.0,94.0,89.0,89.0,60.0
2004,RANDALL,47.0,BU / ACRE,50.0,50.0,92.0,91.0,91.0,74.0
2003,RANDALL,42.0,BU / ACRE,48.0,48.0,91.0,84.0,29.0,59.0
2002,RANDALL,47.0,BU / ACRE,46.0,46.0,46.0,93.0,35.0,61.0
2001,RANDALL,43.4,BU / ACRE,42.0,42.0,42.0,92.0,92.0,67.0
2000,RANDALL,39.7,BU / ACRE,46.0,46.0,46.0,95.0,95.0,70.0
2014,ROBERTS,62.4,BU / ACRE,67.0,67.0,100.0,97.0,97.0,83.0
2003,ROBERTS,46.8,BU / ACRE,48.0,48.0,91.0,84.0,29.0,59.0
2002,ROBERTS,34.4,BU / ACRE,46.0,46.0,46.0,93.0,35.0,61.0
2001,ROBERTS,50.4,BU / ACRE,42.0,42.0,42.0,92.0,92.0,67.0
2000,ROBERTS,35.8,BU / ACRE,46.0,46.0,46.0,95.0,95.0,70.0
2024,SHERMAN,96.7,BU / ACRE,65.0,65.0,100.0,100.0,42.0,82.0
2023,SHERMAN,65.7,BU / ACRE,69.0,69.0,100.0,98.0,38.0,83.0
2022,SHERMAN,55.8,BU / ACRE,63.0,2.0,100.0,99.0,39.0,81.0
2021,SHERMAN,111.2,BU / ACRE,65.0,4.0,4.0,100.0,45.0,82.0
2020,SHERMAN,96.3,BU / ACRE,67.0,67.0,67.0,98.0,45.0,87.0
2019,SHERMAN,71.1,BU / ACRE,65.0,65.0,100.0,100.0,43.0,80.0
2017,SHERMAN,98.5,BU / ACRE,72.0,72.0,72.0,100.0,39.0,87.0
2016,SHERMAN,92.4,BU / ACRE,50.0,50.0,50.0,96.0,31.0,73.0
2015,SHERMAN,107.1,BU / ACRE,57.0,57.0,100.0,95.0,11.0,73.0
2012,SHERMAN,75.6,BU / ACRE,65.0,65.0,65.0,94.0,94.0,90.0
2011,SHERMAN,74.0,BU / ACRE,55.0,55.0,95.0,92.0,92.0,74.0
2010,SHERMAN,92.5,BU / ACRE,56.0,56.0,98.0,95.0,95.0,77.0
2009,SHERMAN,92.0,BU / ACRE,61.0,61.0,97.0,95.0,95.0,80.0
2008,SHERMAN,71.0,BU / ACRE,65.0,65.0,97.0,95.0,95.0,72.0
2007,SHERMAN,82.0,BU / ACRE,62.0,62.0,98.0,94.0,94.0,72.0
2006,SHERMAN,56.0,BU / ACRE,66.0,66.0,66.0,94.0,94.0,77.0
2005,SHERMAN,68.5,BU / ACRE,47.0,47.0,94.0,89.0,89.0,60.0
2004,SHERMAN,73.8,BU / ACRE,50.0,50.0,92.0,91.0,91.0,74.0
2003,SHERMAN,78.8,BU / ACRE,48.0,48.0,91.0,84.0,29.0,59.0
2002,SHERMAN,47.5,BU / ACRE,46.0,46.0,46.0,93.0,35.0,61.0
2001,SHERMAN,72.4,BU / ACRE,42.0,42.0,42.0,92.0,92.0,67.0
2000,SHERMAN,66.7,BU / ACRE,46.0,46.0,46.0,95.0,95.0,70.0
2023,SWISHER,34.5,BU / ACRE,69.0,69.0,100.0,98.0,38.0,83.0
2022,SWISHER,48.0,BU / ACRE,63.0,2.0,100.0,99.0,39.0,81.0
2019,SWISHER,45.0,BU / ACRE,65.0,65.0,100.0,100.0,43.0,80.0
2018,SWISHER,20.9,BU / ACRE,81.0,81.0,81.0,100.0,32.0,92.0
2017,SWISHER,49.7,BU / ACRE,72.0,72.0,72.0,100.0,39.0,87.0
2016,SWISHER,39.5,BU / ACRE,50.0,50.0,50.0,96.0,31.0,73.0
2015,SWISHER,55.6,BU / ACRE,57.0,57.0,100.0,95.0,11.0,73.0
2014,SWISHER,57.5,BU / ACRE,67.0,67.0,100.0,97.0,97.0,83.0
2013,SWISHER,71.0,BU / ACRE,64.0,64.0,64.0,98.0,40.0,77.0
2010,SWISHER,76.9,BU / ACRE,56.0,56.0,98.0,95.0,95.0,77.0
2009,SWISHER,63.0,BU / ACRE,61.0,61.0,97.0,95.0,95.0,80.0
2008,SWISHER,40.0,BU / ACRE,65.0,65.0,97.0,95.0,95.0,72.0
2007,SWISHER,61.0,BU / ACRE,62.0,62.0,98.0,94.0,94.0,72.0
2006,SWISHER,31.0,BU / ACRE,66.0,66.0,66.0,94.0,94.0,77.0
2005,SWISHER,67.7,BU / ACRE,47.0,47.0,94.0,89.0,89.0,60.0
2004,SWISHER,73.5,BU / ACRE,50.0,50.0,92.0,91.0,91.0,74.0
2003,SWISHER,42.9,BU / ACRE,48.0,48.0,91.0,84.0,29.0,59.0
2002,SWISHER,47.2,BU / ACRE,46.0,46.0,46.0,93.0,35.0,61.0
2001,SWISHER,47.0,BU / ACRE,42.0,42.0,42.0,92.0,92.0,67.0
2000,SWISHER,38.4,BU / ACRE,46.0,46.0,46.0,95.0,95.0,70.0
2019,OTHER (COMBINED) COUNTIES,38.2,BU / ACRE,65.0,65.0,100.0,100.0,43.0,80.0
2018,OTHER (COMBINED) COUNTIES,24.1,BU / ACRE,81.0,81.0,81.0,100.0,32.0,92.0
2017,OTHER (COMBINED) COUNTIES,32.5,BU / ACRE,72.0,72.0,72.0,100.0,39.0,87.0
2016,OTHER (COMBINED) COUNTIES,40.0,BU / ACRE,50.0,50.0,50.0,96.0,31.0,73.0
2015,OTHER (COMBINED) COUNTIES,41.3,BU / ACRE,57.0,57.0,100.0,95.0,11.0,73.0
2014,OTHER (COMBINED) COUNTIES,30.5,BU / ACRE,67.0,67.0,100.0,97.0,97.0,83.0
2013,OTHER (COMBINED) COUNTIES,31.0,BU / ACRE,64.0,64.0,64.0,98.0,40.0,77.0
2012,OTHER (COMBINED) COUNTIES,24.1,BU / ACRE,65.0,65.0,65.0,94.0,94.0,90.0
2011,OTHER (COMBINED) COUNTIES,24.1,BU / ACRE,55.0,55.0,95.0,92.0,92.0,74.0
2010,OTHER (COMBINED) COUNTIES,39.5,BU / ACRE,56.0,56.0,98.0,95.0,95.0,77.0
2009,OTHER (COMBINED) COUNTIES,20.0,BU / ACRE,61.0,61.0,97.0,95.0,95.0,80.0
2008,OTHER (COMBINED) COUNTIES,21.0,BU / ACRE,65.0,65.0,97.0,95.0,95.0,72.0
2007,OTHER (COMBINED) COUNTIES,54.0,BU / ACRE,62.0,62.0,98.0,94.0,94.0,72.0
2006,OTHER (COMBINED) COUNTIES,0.0,BU / ACRE,66.0,66.0,66.0,94.0,94.0,77.0
2005,OTHER (COMBINED) COUNTIES,27.5,BU / ACRE,47.0,47.0,94.0,89.0,89.0,60.0
2003,OTHER (COMBINED) COUNTIES,27.8,BU / ACRE,48.0,48.0,91.0,84.0,29.0,59.0
2007,ANDREWS,48.0,BU / ACRE,62.0,62.0,98.0,94.0,94.0,72.0
2006,ANDREWS,25.0,BU / ACRE,66.0,66.0,66.0,94.0,94.0,77.0
2005,ANDREWS,52.6,BU / ACRE,47.0,47.0,94.0,89.0,89.0,60.0
2004,ANDREWS,37.9,BU / ACRE,50.0,50.0,92.0,91.0,91.0,74.0
2003,ANDREWS,17.4,BU / ACRE,48.0,48.0,91.0,84.0,29.0,59.0
2002,ANDREWS,25.0,BU / ACRE,46.0,46.0,46.0,93.0,35.0,61.0
2001,ANDREWS,25.2,BU / ACRE,42.0,42.0,42.0,92.0,92.0,67.0
2000,ANDREWS,20.7,BU / ACRE,46.0,46.0,46.0,95.0,95.0,70.0
2022,BAILEY,31.6,BU / ACRE,63.0,2.0,100.0,99.0,39.0,81.0
2021,BAILEY,49.1,BU / ACRE,65.0,4.0,4.0,100.0,45.0,82.0
2020,BAILEY,21.6,BU / ACRE,67.0,67.0,67.0,98.0,45.0,87.0
2017,BAILEY,64.5,BU / ACRE,72.0,72.0,72.0,100.0,39.0,87.0
2015,BAILEY,47.0,BU / ACRE,57.0,57.0,100.0,95.0,11.0,73.0
2014,BAILEY,45.3,BU / ACRE,67.0,67.0,100.0,97.0,97.0,83.0
2013,BAILEY,33.4,BU / ACRE,64.0,64.0,64.0,98.0,40.0,77.0
2010,BAILEY,52.3,BU / ACRE,56.0,56.0,98.0,95.0,95.0,77.0
2009,BAILEY,29.0,BU / ACRE,61.0,61.0,97.0,95.0,95.0,80.0
2008,BAILEY,47.0,BU / ACRE,65.0,65.0,97.0,95.0,95.0,72.0
2007,BAILEY,50.0,BU / ACRE,62.0,62.0,98.0,94.0,94.0,72.0
2006,BAILEY,29.0,BU / ACRE,66.0,66.0,66.0,94.0,94.0,77.0
2005,BAILEY,44.3,BU / ACRE,47.0,47.0,94.0,89.0,89.0,60.0
2004,BAILEY,25.6,BU / ACRE,50.0,50.0,92.0,91.0,91.0,74.0
2003,BAILEY,32.7,BU / ACRE,48.0,48.0,91.0,84.0,29.0,59.0
2002,BAILEY,39.8,BU / ACRE,46.0,46.0,46.0,93.0,35.0,61.0
2001,BAILEY,35.4,BU / ACRE,42.0,42.0,42.0,92.0,92.0,67.0
2000,BAILEY,35.3,BU / ACRE,46.0,46.0,46.0,95.0,95.0,70.0
2024,COCHRAN,45.0,BU / ACRE,65.0,65.0,100.0,100.0,42.0,82.0
2021,COCHRAN,44.1,BU / ACRE,65.0,4.0,4.0,100.0,45.0,82.0
2017,COCHRAN,44.5,BU / ACRE,72.0,72.0,72.0,100.0,39.0,87.0
2015,COCHRAN,36.2,BU / ACRE,57.0,57.0,100.0,95.0,11.0,73.0
2013,COCHRAN,40.6,BU / ACRE,64.0,64.0,64.0,98.0,40.0,77.0
2012,COCHRAN,24.1,BU / ACRE,65.0,65.0,65.0,94.0,94.0,90.0
2010,COCHRAN,40.1,BU / ACRE,56.0,56.0,98.0,95.0,95.0,77.0
2009,COCHRAN,27.0,BU / ACRE,61.0,61.0,97.0,95.0,95.0,80.0
2008,COCHRAN,41.0,BU / ACRE,65.0,65.0,97.0,95.0,95.0,72.0
2007,COCHRAN,57.0,BU / ACRE,62.0,62.0,98.0,94.0,94.0,72.0
2006,COCHRAN,31.0,BU / ACRE,66.0,66.0,66.0,94.0,94.0,77.0
2005,COCHRAN,41.9,BU / ACRE,47.0,47.0,94.0,89.0,89.0,60.0
2004,COCHRAN,41.9,BU / ACRE,50.0,50.0,92.0,91.0,91.0,74.0
2003,COCHRAN,29.2,BU / ACRE,48.0,48.0,91.0,84.0,29.0,59.0
2002,COCHRAN,33.2,BU / ACRE,46.0,46.0,46.0,93.0,35.0,61.0
2001,COCHRAN,25.4,BU / ACRE,42.0,42.0,42.0,92.0,92.0,67.0
2000,COCHRAN,23.6,BU / ACRE,46.0,46.0,46.0,95.0,95.0,70.0
2021,CROSBY,55.3,BU / ACRE,65.0,4.0,4.0,100.0,45.0,82.0
2019,CROSBY,31.0,BU / ACRE,65.0,65.0,100.0,100.0,43.0,80.0
2015,CROSBY,50.0,BU / ACRE,57.0,57.0,100.0,95.0,11.0,73.0
2014,CROSBY,59.1,BU / ACRE,67.0,67.0,100.0,97.0,97.0,83.0
2013,CROSBY,48.4,BU / ACRE,64.0,64.0,64.0,98.0,40.0,77.0
2012,CROSBY,27.0,BU / ACRE,65.0,65.0,65.0,94.0,94.0,90.0
2011,CROSBY,22.0,BU / ACRE,55.0,55.0,95.0,92.0,92.0,74.0
2010,CROSBY,56.0,BU / ACRE,56.0,56.0,98.0,95.0,95.0,77.0
2009,CROSBY,38.0,BU / ACRE,61.0,61.0,97.0,95.0,95.0,80.0
2008,CROSBY,44.0,BU / ACRE,65.0,65.0,97.0,95.0,95.0,72.0
2006,CROSBY,17.0,BU / ACRE,66.0,66.0,66.0,94.0,94.0,77.0
2005,CROSBY,59.1,BU / ACRE,47.0,47.0,94.0,89.0,89.0,60.0
2004,CROSBY,68.9,BU / ACRE,50.0,50.0,92.0,91.0,91.0,74.0
2003,CROSBY,30.5,BU / ACRE,48.0,48.0,91.0,84.0,29.0,59.0
2002,CROSBY,31.5,BU / ACRE,46.0,46.0,46.0,93.0,35.0,61.0
2001,CROSBY,31.6,BU / ACRE,42.0,42.0,42.0,92.0,92.0,67.0
2000,CROSBY,39.3,BU / ACRE,46.0,46.0,46.0,95.0,95.0,70.0
2024,DAWSON,29.4,BU / ACRE,65.0,65.0,100.0,100.0,42.0,82.0
2023,DAWSON,22.5,BU / ACRE,69.0,69.0,100.0,98.0,38.0,83.0
2021,DAWSON,33.8,BU / ACRE,65.0,4.0,4.0,100.0,45.0,82.0
2019,DAWSON,35.7,BU / ACRE,65.0,65.0,100.0,100.0,43.0,80.0
2016,DAWSON,27.9,BU / ACRE,50.0,50.0,50.0,96.0,31.0,73.0
2015,DAWSON,44.0,BU / ACRE,57.0,57.0,100.0,95.0,11.0,73.0
2014,DAWSON,45.0,BU / ACRE,67.0,67.0,100.0,97.0,97.0,83.0
2013,DAWSON,42.8,BU / ACRE,64.0,64.0,64.0,98.0,40.0,77.0
2009,DAWSON,41.0,BU / ACRE,61.0,61.0,97.0,95.0,95.0,80.0
2008,DAWSON,37.0,BU / ACRE,65.0,65.0,97.0,95.0,95.0,72.0
2007,DAWSON,47.0,BU / ACRE,62.0,62.0,98.0,94.0,94.0,72.0
2006,DAWSON,45.0,BU / ACRE,66.0,66.0,66.0,94.0,94.0,77.0
2005,DAWSON,40.5,BU / ACRE,47.0,47.0,94.0,89.0,89.0,60.0
2004,DAWSON,31.8,BU / ACRE,50.0,50.0,92.0,91.0,91.0,74.0
2003,DAWSON,39.5,BU / ACRE,48.0,48.0,91.0,84.0,29.0,59.0
2002,DAWSON,28.0,BU / ACRE,46.0,46.0,46.0,93.0,35.0,61.0
2001,DAWSON,22.7,BU / ACRE,42.0,42.0,42.0,92.0,92.0,67.0
2000,DAWSON,30.4,BU / ACRE,46.0,46.0,46.0,95.0,95.0,70.0
2021,GAINES,26.0,BU / ACRE,65.0,4.0,4.0,100.0,45.0,82.0
2015,GAINES,34.3,BU / ACRE,57.0,57.0,100.0,95.0,11.0,73.0
2012,GAINES,25.4,BU / ACRE,65.0,65.0,65.0,94.0,94.0,90.0
2009,GAINES,36.0,BU / ACRE,61.0,61.0,97.0,95.0,95.0,80.0
2008,GAINES,40.0,BU / ACRE,65.0,65.0,97.0,95.0,95.0,72.0
2006,GAINES,30.0,BU / ACRE,66.0,66.0,66.0,94.0,94.0,77.0
2005,GAINES,53.8,BU / ACRE,47.0,47.0,94.0,89.0,89.0,60.0
2004,GAINES,28.0,BU / ACRE,50.0,50.0,92.0,91.0,91.0,74.0
2003,GAINES,31.3,BU / ACRE,48.0,48.0,91.0,84.0,29.0,59.0
2002,GAINES,24.2,BU / ACRE,46.0,46.0,46.0,93.0,35.0,61.0
2001,GAINES,26.6,BU / ACRE,42.0,42.0,42.0,92.0,92.0,67.0
2000,GAINES,19.7,BU / ACRE,46.0,46.0,46.0,95.0,95.0,70.0
2019,GLASSCOCK,32.0,BU / ACRE,65.0,65.0,100.0,100.0,43.0,80.0
2016,GLASSCOCK,27.8,BU / ACRE,50.0,50.0,50.0,96.0,31.0,73.0
2015,GLASSCOCK,26.3,BU / ACRE,57.0,57.0,100.0,95.0,11.0,73.0
2013,GLASSCOCK,30.2,BU / ACRE,64.0,64.0,64.0,98.0,40.0,77.0
2010,GLASSCOCK,38.1,BU / ACRE,56.0,56.0,98.0,95.0,95.0,77.0
2009,GLASSCOCK,15.0,BU / ACRE,61.0,61.0,97.0,95.0,95.0,80.0
2008,GLASSCOCK,24.0,BU / ACRE,65.0,65.0,97.0,95.0,95.0,72.0
2007,GLASSCOCK,52.0,BU / ACRE,62.0,62.0,98.0,94.0,94.0,72.0
2005,GLASSCOCK,66.8,BU / ACRE,47.0,47.0,94.0,89.0,89.0,60.0
2004,GLASSCOCK,38.5,BU / ACRE,50.0,50.0,92.0,91.0,91.0,74.0
2003,GLASSCOCK,20.9,BU / ACRE,48.0,48.0,91.0,84.0,29.0,59.0
2002,GLASSCOCK,15.4,BU / ACRE,46.0,46.0,46.0,93.0,35.0,61.0
2001,GLASSCOCK,24.3,BU / ACRE,42.0,42.0,42.0,92.0,92.0,67.0
2000,GLASSCOCK,21.3,BU / ACRE,46.0,46.0,46.0,95.0,95.0,70.0
2025,HOCKLEY,28.5,BU / ACRE,67.0,67.0,100.0,100.0,46.0,81.0
2021,HOCKLEY,61.2,BU / ACRE,65.0,4.0,4.0,100.0,45.0,82.0
2020,HOCKLEY,34.5,BU / ACRE,67.0,67.0,67.0,98.0,45.0,87.0
2019,HOCKLEY,35.7,BU / ACRE,65.0,65.0,100.0,100.0,43.0,80.0
2017,HOCKLEY,41.0,BU / ACRE,72.0,72.0,72.0,100.0,39.0,87.0
2015,HOCKLEY,46.1,BU / ACRE,57.0,57.0,100.0,95.0,11.0,73.0
2014,HOCKLEY,42.6,BU / ACRE,67.0,67.0,100.0,97.0,97.0,83.0
2013,HOCKLEY,43.4,BU / ACRE,64.0,64.0,64.0,98.0,40.0,77.0
2012,HOCKLEY,33.0,BU / ACRE,65.0,65.0,65.0,94.0,94.0,90.0
2010,HOCKLEY,70.1,BU / ACRE,56.0,56.0,98.0,95.0,95.0,77.0
2009,HOCKLEY,38.0,BU / ACRE,61.0,61.0,97.0,95.0,95.0,80.0
2008,HOCKLEY,49.0,BU / ACRE,65.0,65.0,97.0,95.0,95.0,72.0
2007,HOCKLEY,55.0,BU / ACRE,62.0,62.0,98.0,94.0,94.0,72.0
2006,HOCKLEY,38.0,BU / ACRE,66.0,66.0,66.0,94.0,94.0,77.0
2005,HOCKLEY,61.0,BU / ACRE,47.0,47.0,94.0,89.0,89.0,60.0
2004,HOCKLEY,38.3,BU / ACRE,50.0,50.0,92.0,91.0,91.0,74.0
2003,HOCKLEY,38.5,BU / ACRE,48.0,48.0,91.0,84.0,29.0,59.0
2002,HOCKLEY,27.2,BU / ACRE,46.0,46.0,46.0,93.0,35.0,61.0
2001,HOCKLEY,37.8,BU / ACRE,42.0,42.0,42.0,92.0,92.0,67.0
2000,HOCKLEY,30.1,BU / ACRE,46.0,46.0,46.0,95.0,95.0,70.0
2013,HOWARD,18.7,BU / ACRE,64.0,64.0,64.0,98.0,40.0,77.0
2007,HOWARD,52.0,BU / ACRE,62.0,62.0,98.0,94.0,94.0,72.0
2006,HOWARD,27.0,BU / ACRE,66.0,66.0,66.0,94.0,94.0,77.0
2005,HOWARD,36.4,BU / ACRE,47.0,47.0,94.0,89.0,89.0,60.0
2004,HOWARD,38.3,BU / ACRE,50.0,50.0,92.0,91.0,91.0,74.0
2002,HOWARD,19.8,BU / ACRE,46.0,46.0,46.0,93.0,35.0,61.0
2001,HOWARD,23.8,BU / ACRE,42.0,42.0,42.0,92.0,92.0,67.0
2000,HOWARD,20.3,BU / ACRE,46.0,46.0,46.0,95.0,95.0,70.0
2024,LAMB,53.0,BU / ACRE,65.0,65.0,100.0,100.0,42.0,82.0
2023,LAMB,40.0,BU / ACRE,69.0,69.0,100.0,98.0,38.0,83.0
2021,LAMB,61.0,BU / ACRE,65.0,4.0,4.0,100.0,45.0,82.0
2020,LAMB,55.1,BU / ACRE,67.0,67.0,67.0,98.0,45.0,87.0
2018,LAMB,56.1,BU / ACRE,81.0,81.0,81.0,100.0,32.0,92.0
2017,LAMB,47.4,BU / ACRE,72.0,72.0,72.0,100.0,39.0,87.0
2016,LAMB,51.1,BU / ACRE,50.0,50.0,50.0,96.0,31.0,73.0
2015,LAMB,65.2,BU / ACRE,57.0,57.0,100.0,95.0,11.0,73.0
2014,LAMB,64.0,BU / ACRE,67.0,67.0,100.0,97.0,97.0,83.0
2013,LAMB,59.0,BU / ACRE,64.0,64.0,64.0,98.0,40.0,77.0
2012,LAMB,35.1,BU / ACRE,65.0,65.0,65.0,94.0,94.0,90.0
2010,LAMB,72.8,BU / ACRE,56.0,56.0,98.0,95.0,95.0,77.0
2009,LAMB,59.0,BU / ACRE,61.0,61.0,97.0,95.0,95.0,80.0
2008,LAMB,62.0,BU / ACRE,65.0,65.0,97.0,95.0,95.0,72.0
2007,LAMB,78.0,BU / ACRE,62.0,62.0,98.0,94.0,94.0,72.0
2006,LAMB,74.0,BU / ACRE,66.0,66.0,66.0,94.0,94.0,77.0
2005,LAMB,72.8,BU / ACRE,47.0,47.0,94.0,89.0,89.0,60.0
2004,LAMB,64.3,BU / ACRE,50.0,50.0,92.0,91.0,91.0,74.0
2003,LAMB,54.8,BU / ACRE,48.0,48.0,91.0,84.0,29.0,59.0
2002,LAMB,58.5,BU / ACRE,46.0,46.0,46.0,93.0,35.0,61.0
2001,LAMB,43.5,BU / ACRE,42.0,42.0,42.0,92.0,92.0,67.0
2000,LAMB,50.7,BU / ACRE,46.0,46.0,46.0,95.0,95.0,70.0
2020,LUBBOCK,43.1,BU / ACRE,67.0,67.0,67.0,98.0,45.0,87.0
2017,LUBBOCK,42.7,BU / ACRE,72.0,72.0,72.0,100.0,39.0,87.0
2014,LUBBOCK,45.7,BU / ACRE,67.0,67.0,100.0,97.0,97.0,83.0
2013,LUBBOCK,60.5,BU / ACRE,64.0,64.0,64.0,98.0,40.0,77.0
2012,LUBBOCK,27.3,BU / ACRE,65.0,65.0,65.0,94.0,94.0,90.0
2010,LUBBOCK,61.1,BU / ACRE,56.0,56.0,98.0,95.0,95.0,77.0
2009,LUBBOCK,39.0,BU / ACRE,61.0,61.0,97.0,95.0,95.0,80.0
2008,LUBBOCK,56.0,BU / ACRE,65.0,65.0,97.0,95.0,95.0,72.0
2007,LUBBOCK,57.0,BU / ACRE,62.0,62.0,98.0,94.0,94.0,72.0
2006,LUBBOCK,37.0,BU / ACRE,66.0,66.0,66.0,94.0,94.0,77.0
2005,LUBBOCK,51.4,BU / ACRE,47.0,47.0,94.0,89.0,89.0,60.0
2004,LUBBOCK,43.6,BU / ACRE,50.0,50.0,92.0,91.0,91.0,74.0
2003,LUBBOCK,43.6,BU / ACRE,48.0,48.0,91.0,84.0,29.0,59.0
2002,LUBBOCK,38.1,BU / ACRE,46.0,46.0,46.0,93.0,35.0,61.0
2001,LUBBOCK,31.6,BU / ACRE,42.0,42.0,42.0,92.0,92.0,67.0
2000,LUBBOCK,38.0,BU / ACRE,46.0,46.0,46.0,95.0,95.0,70.0
2025,LYNN,50.0,BU / ACRE,67.0,67.0,100.0,100.0,46.0,81.0
2021,LYNN,66.9,BU / ACRE,65.0,4.0,4.0,100.0,45.0,82.0
2019,LYNN,46.7,BU / ACRE,65.0,65.0,100.0,100.0,43.0,80.0
2017,LYNN,38.0,BU / ACRE,72.0,72.0,72.0,100.0,39.0,87.0
2016,LYNN,40.6,BU / ACRE,50.0,50.0,50.0,96.0,31.0,73.0
2015,LYNN,50.7,BU / ACRE,57.0,57.0,100.0,95.0,11.0,73.0
2014,LYNN,36.8,BU / ACRE,67.0,67.0,100.0,97.0,97.0,83.0
2013,LYNN,36.7,BU / ACRE,64.0,64.0,64.0,98.0,40.0,77.0
2012,LYNN,36.8,BU / ACRE,65.0,65.0,65.0,94.0,94.0,90.0
2010,LYNN,54.5,BU / ACRE,56.0,56.0,98.0,95.0,95.0,77.0
2009,LYNN,29.0,BU / ACRE,61.0,61.0,97.0,95.0,95.0,80.0
2008,LYNN,41.0,BU / ACRE,65.0,65.0,97.0,95.0,95.0,72.0
2007,LYNN,44.0,BU / ACRE,62.0,62.0,98.0,94.0,94.0,72.0
2006,LYNN,35.0,BU / ACRE,66.0,66.0,66.0,94.0,94.0,77.0
2005,LYNN,27.8,BU / ACRE,47.0,47.0,94.0,89.0,89.0,60.0
2004,LYNN,41.9,BU / ACRE,50.0,50.0,92.0,91.0,91.0,74.0
2003,LYNN,35.0,BU / ACRE,48.0,48.0,91.0,84.0,29.0,59.0
2002,LYNN,21.7,BU / ACRE,46.0,46.0,46.0,93.0,35.0,61.0
2001,LYNN,29.9,BU / ACRE,42.0,42.0,42.0,92.0,92.0,67.0
2000,LYNN,34.0,BU / ACRE,46.0,46.0,46.0,95.0,95.0,70.0
2015,MARTIN,31.4,BU / ACRE,57.0,57.0,100.0,95.0,11.0,73.0
2013,MARTIN,23.2,BU / ACRE,64.0,64.0,64.0,98.0,40.0,77.0
2009,MARTIN,33.0,BU / ACRE,61.0,61.0,97.0,95.0,95.0,80.0
2008,MARTIN,33.0,BU / ACRE,65.0,65.0,97.0,95.0,95.0,72.0
2007,MARTIN,35.0,BU / ACRE,62.0,62.0,98.0,94.0,94.0,72.0
2006,MARTIN,49.0,BU / ACRE,66.0,66.0,66.0,94.0,94.0,77.0
2004,MARTIN,37.9,BU / ACRE,50.0,50.0,92.0,91.0,91.0,74.0
2002,MARTIN,34.2,BU / ACRE,46.0,46.0,46.0,93.0,35.0,61.0
2001,MARTIN,25.2,BU / ACRE,42.0,42.0,42.0,92.0,92.0,67.0
2000,MARTIN,24.5,BU / ACRE,46.0,46.0,46.0,95.0,95.0,70.0
2008,MIDLAND,22.0,BU / ACRE,65.0,65.0,97.0,95.0,95.0,72.0
2004,MIDLAND,31.4,BU / ACRE,50.0,50.0,92.0,91.0,91.0,74.0
2003,MIDLAND,22.7,BU / ACRE,48.0,48.0,91.0,84.0,29.0,59.0
2002,MIDLAND,31.4,BU / ACRE,46.0,46.0,46.0,93.0,35.0,61.0
2001,MIDLAND,25.4,BU / ACRE,42.0,42.0,42.0,92.0,92.0,67.0
2000,MIDLAND,20.9,BU / ACRE,46.0,46.0,46.0,95.0,95.0,70.0
2016,TERRY,30.7,BU / ACRE,50.0,50.0,50.0,96.0,31.0,73.0
2014,TERRY,25.3,BU / ACRE,67.0,67.0,100.0,97.0,97.0,83.0
2013,TERRY,33.7,BU / ACRE,64.0,64.0,64.0,98.0,40.0,77.0
2012,TERRY,24.4,BU / ACRE,65.0,65.0,65.0,94.0,94.0,90.0
2010,TERRY,56.5,BU / ACRE,56.0,56.0,98.0,95.0,95.0,77.0
2009,TERRY,24.0,BU / ACRE,61.0,61.0,97.0,95.0,95.0,80.0
2008,TERRY,39.0,BU / ACRE,65.0,65.0,97.0,95.0,95.0,72.0
2007,TERRY,46.0,BU / ACRE,62.0,62.0,98.0,94.0,94.0,72.0
2006,TERRY,23.0,BU / ACRE,66.0,66.0,66.0,94.0,94.0,77.0
2005,TERRY,42.1,BU / ACRE,47.0,47.0,94.0,89.0,89.0,60.0
2004,TERRY,42.2,BU / ACRE,50.0,50.0,92.0,91.0,91.0,74.0
2003,TERRY,28.2,BU / ACRE,48.0,48.0,91.0,84.0,29.0,59.0
2002,TERRY,24.2,BU / ACRE,46.0,46.0,46.0,93.0,35.0,61.0
2001,TERRY,37.7,BU / ACRE,42.0,42.0,42.0,92.0,92.0,67.0
2000,TERRY,26.4,BU / ACRE,46.0,46.0,46.0,95.0,95.0,70.0
2015,YOAKUM,41.9,BU / ACRE,57.0,57.0,100.0,95.0,11.0,73.0
2013,YOAKUM,32.8,BU / ACRE,64.0,64.0,64.0,98.0,40.0,77.0
2010,YOAKUM,42.4,BU / ACRE,56.0,56.0,98.0,95.0,95.0,77.0
2009,YOAKUM,23.0,BU / ACRE,61.0,61.0,97.0,95.0,95.0,80.0
2008,YOAKUM,37.0,BU / ACRE,65.0,65.0,97.0,95.0,95.0,72.0
2007,YOAKUM,67.0,BU / ACRE,62.0,62.0,98.0,94.0,94.0,72.0
2006,YOAKUM,21.0,BU / ACRE,66.0,66.0,66.0,94.0,94.0,77.0
2005,YOAKUM,60.2,BU / ACRE,47.0,47.0,94.0,89.0,89.0,60.0
2004,YOAKUM,40.3,BU / ACRE,50.0,50.0,92.0,91.0,91.0,74.0
2003,YOAKUM,31.9,BU / ACRE,48.0,48.0,91.0,84.0,29.0,59.0
2002,YOAKUM,25.9,BU / ACRE,46.0,46.0,46.0,93.0,35.0,61.0
2001,YOAKUM,25.2,BU / ACRE,42.0,42.0,42.0,92.0,92.0,67.0
2000,YOAKUM,19.1,BU / ACRE,46.0,46.0,46.0,95.0,95.0,70.0
2013,OTHER (COMBINED) COUNTIES,48.3,BU / ACRE,64.0,64.0,64.0,98.0,40.0,77.0
2012,OTHER (COMBINED) COUNTIES,47.5,BU / ACRE,65.0,65.0,65.0,94.0,94.0,90.0
2010,OTHER (COMBINED) COUNTIES,56.8,BU / ACRE,56.0,56.0,98.0,95.0,95.0,77.0
2009,OTHER (COMBINED) COUNTIES,21.0,BU / ACRE,61.0,61.0,97.0,95.0,95.0,80.0
2008,OTHER (COMBINED) COUNTIES,27.0,BU / ACRE,65.0,65.0,97.0,95.0,95.0,72.0
2007,OTHER (COMBINED) COUNTIES,49.0,BU / ACRE,62.0,62.0,98.0,94.0,94.0,72.0
2006,OTHER (COMBINED) COUNTIES,26.0,BU / ACRE,66.0,66.0,66.0,94.0,94.0,77.0
2005,OTHER (COMBINED) COUNTIES,53.7,BU / ACRE,47.0,47.0,94.0,89.0,89.0,60.0
2004,OTHER (COMBINED) COUNTIES,27.7,BU / ACRE,50.0,50.0,92.0,91.0,91.0,74.0
2003,OTHER (COMBINED) COUNTIES,28.0,BU / ACRE,48.0,48.0,91.0,84.0,29.0,59.0
2002,OTHER (COMBINED) COUNTIES,46.0,BU / ACRE,46.0,46.0,46.0,93.0,35.0,61.0
2001,OTHER (COMBINED) COUNTIES,45.0,BU / ACRE,42.0,42.0,42.0,92.0,92.0,67.0
2000,OTHER (COMBINED) COUNTIES,42.0,BU / ACRE,46.0,46.0,46.0,95.0,95.0,70.0
2013,BORDEN,36.6,BU / ACRE,64.0,64.0,64.0,98.0,40.0,77.0
2009,BORDEN,27.0,BU / ACRE,61.0,61.0,97.0,95.0,95.0,80.0
2002,BORDEN,28.2,BU / ACRE,46.0,46.0,46.0,93.0,35.0,61.0
2001,BORDEN,44.5,BU / ACRE,42.0,42.0,42.0,92.0,92.0,67.0
2000,BORDEN,44.0,BU / ACRE,46.0,46.0,46.0,95.0,95.0,70.0
2009,CHILDRESS,29.0,BU / ACRE,61.0,61.0,97.0,95.0,95.0,80.0
2007,CHILDRESS,37.0,BU / ACRE,62.0,62.0,98.0,94.0,94.0,72.0
2003,CHILDRESS,22.5,BU / ACRE,48.0,48.0,91.0,84.0,29.0,59.0
2002,CHILDRESS,51.3,BU / ACRE,46.0,46.0,46.0,93.0,35.0,61.0
2001,CHILDRESS,50.0,BU / ACRE,42.0,42.0,42.0,92.0,92.0,67.0
2000,CHILDRESS,50.0,BU / ACRE,46.0,46.0,46.0,95.0,95.0,70.0
2009,COLLINGSWORTH,46.0,BU / ACRE,61.0,61.0,97.0,95.0,95.0,80.0
2008,COLLINGSWORTH,47.0,BU / ACRE,65.0,65.0,97.0,95.0,95.0,72.0
2003,COLLINGSWORTH,40.4,BU / ACRE,48.0,48.0,91.0,84.0,29.0,59.0
2002,COLLINGSWORTH,53.3,BU / ACRE,46.0,46.0,46.0,93.0,35.0,61.0
2001,COLLINGSWORTH,63.6,BU / ACRE,42.0,42.0,42.0,92.0,92.0,67.0
2000,COLLINGSWORTH,69.0,BU / ACRE,46.0,46.0,46.0,95.0,95.0,70.0
2007,COTTLE,21.0,BU / ACRE,62.0,62.0,98.0,94.0,94.0,72.0
2001,COTTLE,45.6,BU / ACRE,42.0,42.0,42.0,92.0,92.0,67.0
2005,DICKENS,52.9,BU / ACRE,47.0,47.0,94.0,89.0,89.0,60.0
2003,DICKENS,36.1,BU / ACRE,48.0,48.0,91.0,84.0,29.0,59.0
2002,DICKENS,44.6,BU / ACRE,46.0,46.0,46.0,93.0,35.0,61.0
2001,DICKENS,43.3,BU / ACRE,42.0,42.0,42.0,92.0,92.0,67.0
2000,DICKENS,51.3,BU / ACRE,46.0,46.0,46.0,95.0,95.0,70.0
2013,DONLEY,66.0,BU / ACRE,64.0,64.0,64.0,98.0,40.0,77.0
2009,DONLEY,42.0,BU / ACRE,61.0,61.0,97.0,95.0,95.0,80.0
2006,DONLEY,18.0,BU / ACRE,66.0,66.0,66.0,94.0,94.0,77.0
2005,DONLEY,48.0,BU / ACRE,47.0,47.0,94.0,89.0,89.0,60.0
2004,DONLEY,36.2,BU / ACRE,50.0,50.0,92.0,91.0,91.0,74.0
2003,DONLEY,29.6,BU / ACRE,48.0,48.0,91.0,84.0,29.0,59.0
2002,DONLEY,45.3,BU / ACRE,46.0,46.0,46.0,93.0,35.0,61.0
2001,DONLEY,51.7,BU / ACRE,42.0,42.0,42.0,92.0,92.0,67.0
2000,DONLEY,64.6,BU / ACRE,46.0,46.0,46.0,95.0,95.0,70.0
2006,FOARD,17.0,BU / ACRE,66.0,66.0,66.0,94.0,94.0,77.0
2005,FOARD,34.5,BU / ACRE,47.0,47.0,94.0,89.0,89.0,60.0
2004,FOARD,40.4,BU / ACRE,50.0,50.0,92.0,91.0,91.0,74.0
2003,FOARD,23.7,BU / ACRE,48.0,48.0,91.0,84.0,29.0,59.0
2002,FOARD,55.7,BU / ACRE,46.0,46.0,46.0,93.0,35.0,61.0
2001,FOARD,44.1,BU / ACRE,42.0,42.0,42.0,92.0,92.0,67.0
2000,FOARD,45.8,BU / ACRE,46.0,46.0,46.0,95.0,95.0,70.0
2002,GARZA,53.3,BU / ACRE,46.0,46.0,46.0,93.0,35.0,61.0
2001,GARZA,45.1,BU / ACRE,42.0,42.0,42.0,92.0,92.0,67.0
2003,HALL,19.2,BU / ACRE,48.0,48.0,91.0,84.0,29.0,59.0
2002,HALL,48.0,BU / ACRE,46.0,46.0,46.0,93.0,35.0,61.0
2003,HARDEMAN,35.6,BU / ACRE,48.0,48.0,91.0,84.0,29.0,59.0
2002,HARDEMAN,42.3,BU / ACRE,46.0,46.0,46.0,93.0,35.0,61.0
2001,HARDEMAN,46.7,BU / ACRE,42.0,42.0,42.0,92.0,92.0,67.0
2000,HARDEMAN,51.8,BU / ACRE,46.0,46.0,46.0,95.0,95.0,70.0
2003,KENT,25.0,BU / ACRE,48.0,48.0,91.0,84.0,29.0,59.0
2002,KENT,23.6,BU / ACRE,46.0,46.0,46.0,93.0,35.0,61.0
2001,KENT,43.0,BU / ACRE,42.0,42.0,42.0,92.0,92.0,67.0
2000,KENT,44.0,BU / ACRE,46.0,46.0,46.0,95.0,95.0,70.0
2008,MOTLEY,38.0,BU / ACRE,65.0,65.0,97.0,95.0,95.0,72.0
2003,MOTLEY,30.0,BU / ACRE,48.0,48.0,91.0,84.0,29.0,59.0
2002,MOTLEY,37.5,BU / ACRE,46.0,46.0,46.0,93.0,35.0,61.0
2001,MOTLEY,50.0,BU / ACRE,42.0,42.0,42.0,92.0,92.0,67.0
2009,WHEELER,59.0,BU / ACRE,61.0,61.0,97.0,95.0,95.0,80.0
2008,WHEELER,37.0,BU / ACRE,65.0,65.0,97.0,95.0,95.0,72.0
2007,WHEELER,53.0,BU / ACRE,62.0,62.0,98.0,94.0,94.0,72.0
2006,WHEELER,45.0,BU / ACRE,66.0,66.0,66.0,94.0,94.0,77.0
2005,WHEELER,47.3,BU / ACRE,47.0,47.0,94.0,89.0,89.0,60.0
2004,WHEELER,33.9,BU / ACRE,50.0,50.0,92.0,91.0,91.0,74.0
2003,WHEELER,29.3,BU / ACRE,48.0,48.0,91.0,84.0,29.0,59.0
2002,WHEELER,32.5,BU / ACRE,46.0,46.0,46.0,93.0,35.0,61.0
2001,WHEELER,43.8,BU / ACRE,42.0,42.0,42.0,92.0,92.0,67.0
2000,WHEELER,43.6,BU / ACRE,46.0,46.0,46.0,95.0,95.0,70.0
2021,WICHITA,45.9,BU / ACRE,65.0,4.0,4.0,100.0,45.0,82.0
2010,WICHITA,62.3,BU / ACRE,56.0,56.0,98.0,95.0,95.0,77.0
2007,WICHITA,51.0,BU / ACRE,62.0,62.0,98.0,94.0,94.0,72.0
2006,WICHITA,17.0,BU / ACRE,66.0,66.0,66.0,94.0,94.0,77.0
2005,WICHITA,27.4,BU / ACRE,47.0,47.0,94.0,89.0,89.0,60.0
2004,WICHITA,22.7,BU / ACRE,50.0,50.0,92.0,91.0,91.0,74.0
2003,WICHITA,16.3,BU / ACRE,48.0,48.0,91.0,84.0,29.0,59.0
2002,WICHITA,40.6,BU / ACRE,46.0,46.0,46.0,93.0,35.0,61.0
2001,WICHITA,42.8,BU / ACRE,42.0,42.0,42.0,92.0,92.0,67.0
2010,WILBARGER,69.5,BU / ACRE,56.0,56.0,98.0,95.0,95.0,77.0
2009,WILBARGER,41.0,BU / ACRE,61.0,61.0,97.0,95.0,95.0,80.0
2007,WILBARGER,52.0,BU / ACRE,62.0,62.0,98.0,94.0,94.0,72.0
2006,WILBARGER,17.0,BU / ACRE,66.0,66.0,66.0,94.0,94.0,77.0
2005,WILBARGER,35.3,BU / ACRE,47.0,47.0,94.0,89.0,89.0,60.0
2004,WILBARGER,32.3,BU / ACRE,50.0,50.0,92.0,91.0,91.0,74.0
2003,WILBARGER,25.7,BU / ACRE,48.0,48.0,91.0,84.0,29.0,59.0
2002,WILBARGER,43.3,BU / ACRE,46.0,46.0,46.0,93.0,35.0,61.0
2001,WILBARGER,38.3,BU / ACRE,42.0,42.0,42.0,92.0,92.0,67.0
2000,WILBARGER,42.1,BU / ACRE,46.0,46.0,46.0,95.0,95.0,70.0
2017,OTHER (COMBINED) COUNTIES,39.1,BU / ACRE,72.0,72.0,72.0,100.0,39.0,87.0
2016,OTHER (COMBINED) COUNTIES,31.3,BU / ACRE,50.0,50.0,50.0,96.0,31.0,73.0
2015,OTHER (COMBINED) COUNTIES,40.8,BU / ACRE,57.0,57.0,100.0,95.0,11.0,73.0
2014,OTHER (COMBINED) COUNTIES,43.2,BU / ACRE,67.0,67.0,100.0,97.0,97.0,83.0
2013,OTHER (COMBINED) COUNTIES,34.1,BU / ACRE,64.0,64.0,64.0,98.0,40.0,77.0
2012,OTHER (COMBINED) COUNTIES,27.2,BU / ACRE,65.0,65.0,65.0,94.0,94.0,90.0
2010,OTHER (COMBINED) COUNTIES,57.8,BU / ACRE,56.0,56.0,98.0,95.0,95.0,77.0
2009,OTHER (COMBINED) COUNTIES,31.0,BU / ACRE,61.0,61.0,97.0,95.0,95.0,80.0
2008,OTHER (COMBINED) COUNTIES,28.0,BU / ACRE,65.0,65.0,97.0,95.0,95.0,72.0
2007,OTHER (COMBINED) COUNTIES,54.0,BU / ACRE,62.0,62.0,98.0,94.0,94.0,72.0
2006,OTHER (COMBINED) COUNTIES,18.0,BU / ACRE,66.0,66.0,66.0,94.0,94.0,77.0
2004,OTHER (COMBINED) COUNTIES,41.7,BU / ACRE,50.0,50.0,92.0,91.0,91.0,74.0
2003,OTHER (COMBINED) COUNTIES,29.6,BU / ACRE,48.0,48.0,91.0,84.0,29.0,59.0
2007,BAYLOR,25.0,BU / ACRE,62.0,62.0,98.0,94.0,94.0,72.0
2006,BAYLOR,58.0,BU / ACRE,66.0,66.0,66.0,94.0,94.0,77.0
2005,BAYLOR,21.2,BU / ACRE,47.0,47.0,94.0,89.0,89.0,60.0
2002,BAYLOR,50.0,BU / ACRE,46.0,46.0,46.0,93.0,35.0,61.0
2001,BAYLOR,32.2,BU / ACRE,42.0,42.0,42.0,92.0,92.0,67.0
2000,BAYLOR,45.0,BU / ACRE,46.0,46.0,46.0,95.0,95.0,70.0
2017,COLEMAN,54.5,BU / ACRE,72.0,72.0,72.0,100.0,39.0,87.0
2015,COLEMAN,20.6,BU / ACRE,57.0,57.0,100.0,95.0,11.0,73.0
2013,COLEMAN,30.0,BU / ACRE,64.0,64.0,64.0,98.0,40.0,77.0
2012,COLEMAN,29.2,BU / ACRE,65.0,65.0,65.0,94.0,94.0,90.0
2010,COLEMAN,27.6,BU / ACRE,56.0,56.0,98.0,95.0,95.0,77.0
2007,COLEMAN,44.0,BU / ACRE,62.0,62.0,98.0,94.0,94.0,72.0
2006,COLEMAN,25.0,BU / ACRE,66.0,66.0,66.0,94.0,94.0,77.0
2005,COLEMAN,18.8,BU / ACRE,47.0,47.0,94.0,89.0,89.0,60.0
2004,COLEMAN,23.3,BU / ACRE,50.0,50.0,92.0,91.0,91.0,74.0
2003,COLEMAN,42.8,BU / ACRE,48.0,48.0,91.0,84.0,29.0,59.0
2002,COLEMAN,25.0,BU / ACRE,46.0,46.0,46.0,93.0,35.0,61.0
2001,COLEMAN,22.4,BU / ACRE,42.0,42.0,42.0,92.0,92.0,67.0
2000,COLEMAN,29.7,BU / ACRE,46.0,46.0,46.0,95.0,95.0,70.0
2016,FISHER,50.0,BU / ACRE,50.0,50.0,50.0,96.0,31.0,73.0
2010,FISHER,33.6,BU / ACRE,56.0,56.0,98.0,95.0,95.0,77.0
2006,FISHER,20.0,BU / ACRE,66.0,66.0,66.0,94.0,94.0,77.0
2005,FISHER,25.2,BU / ACRE,47.0,47.0,94.0,89.0,89.0,60.0
2004,FISHER,26.7,BU / ACRE,50.0,50.0,92.0,91.0,91.0,74.0
2003,FISHER,35.7,BU / ACRE,48.0,48.0,91.0,84.0,29.0,59.0
2002,FISHER,34.5,BU / ACRE,46.0,46.0,46.0,93.0,35.0,61.0
2001,FISHER,26.7,BU / ACRE,42.0,42.0,42.0,92.0,92.0,67.0
2000,FISHER,33.5,BU / ACRE,46.0,46.0,46.0,95.0,95.0,70.0
2015,HASKELL,25.2,BU / ACRE,57.0,57.0,100.0,95.0,11.0,73.0
2012,HASKELL,38.6,BU / ACRE,65.0,65.0,65.0,94.0,94.0,90.0
2010,HASKELL,35.1,BU / ACRE,56.0,56.0,98.0,95.0,95.0,77.0
2008,HASKELL,40.0,BU / ACRE,65.0,65.0,97.0,95.0,95.0,72.0
2007,HASKELL,40.0,BU / ACRE,62.0,62.0,98.0,94.0,94.0,72.0
2006,HASKELL,20.0,BU / ACRE,66.0,66.0,66.0,94.0,94.0,77.0
2005,HASKELL,41.6,BU / ACRE,47.0,47.0,94.0,89.0,89.0,60.0
2004,HASKELL,45.2,BU / ACRE,50.0,50.0,92.0,91.0,91.0,74.0
2003,HASKELL,36.1,BU / ACRE,48.0,48.0,91.0,84.0,29.0,59.0
2002,HASKELL,48.0,BU / ACRE,46.0,46.0,46.0,93.0,35.0,61.0
2001,HASKELL,30.1,BU / ACRE,42.0,42.0,42.0,92.0,92.0,67.0
2000,HASKELL,31.3,BU / ACRE,46.0,46.0,46.0,95.0,95.0,70.0
2025,JONES,30.0,BU / ACRE,67.0,67.0,100.0,100.0,46.0,81.0
2017,JONES,36.7,BU / ACRE,72.0,72.0,72.0,100.0,39.0,87.0
2015,JONES,42.5,BU / ACRE,57.0,57.0,100.0,95.0,11.0,73.0
2012,JONES,46.0,BU / ACRE,65.0,65.0,65.0,94.0,94.0,90.0
2010,JONES,30.0,BU / ACRE,56.0,56.0,98.0,95.0,95.0,77.0
2008,JONES,20.0,BU / ACRE,65.0,65.0,97.0,95.0,95.0,72.0
2007,JONES,38.0,BU / ACRE,62.0,62.0,98.0,94.0,94.0,72.0
2006,JONES,25.0,BU / ACRE,66.0,66.0,66.0,94.0,94.0,77.0
2005,JONES,30.2,BU / ACRE,47.0,47.0,94.0,89.0,89.0,60.0
2004,JONES,37.4,BU / ACRE,50.0,50.0,92.0,91.0,91.0,74.0
2003,JONES,25.5,BU / ACRE,48.0,48.0,91.0,84.0,29.0,59.0
2002,JONES,38.3,BU / ACRE,46.0,46.0,46.0,93.0,35.0,61.0
2001,JONES,56.6,BU / ACRE,42.0,42.0,42.0,92.0,92.0,67.0
2000,JONES,25.1,BU / ACRE,46.0,46.0,46.0,95.0,95.0,70.0
2006,KNOX,0.0,BU / ACRE,66.0,66.0,66.0,94.0,94.0,77.0
2005,KNOX,31.6,BU / ACRE,47.0,47.0,94.0,89.0,89.0,60.0
2004,KNOX,25.7,BU / ACRE,50.0,50.0,92.0,91.0,91.0,74.0
2003,KNOX,32.0,BU / ACRE,48.0,48.0,91.0,84.0,29.0,59.0
2002,KNOX,42.0,BU / ACRE,46.0,46.0,46.0,93.0,35.0,61.0
2001,KNOX,34.8,BU / ACRE,42.0,42.0,42.0,92.0,92.0,67.0
2000,KNOX,41.9,BU / ACRE,46.0,46.0,46.0,95.0,95.0,70.0
2009,MITCHELL,0.0,BU / ACRE,61.0,61.0,97.0,95.0,95.0,80.0
2007,MITCHELL,41.0,BU / ACRE,62.0,62.0,98.0,94.0,94.0,72.0
2006,MITCHELL,40.0,BU / ACRE,66.0,66.0,66.0,94.0,94.0,77.0
2005,MITCHELL,25.0,BU / ACRE,47.0,47.0,94.0,89.0,89.0,60.0
2004,MITCHELL,28.3,BU / ACRE,50.0,50.0,92.0,91.0,91.0,74.0
2003,MITCHELL,18.4,BU / ACRE,48.0,48.0,91.0,84.0,29.0,59.0
2002,MITCHELL,30.0,BU / ACRE,46.0,46.0,46.0,93.0,35.0,61.0
2001,MITCHELL,18.4,BU / ACRE,42.0,42.0,42.0,92.0,92.0,67.0
2000,MITCHELL,28.6,BU / ACRE,46.0,46.0,46.0,95.0,95.0,70.0
2015,NOLAN,27.5,BU / ACRE,57.0,57.0,100.0,95.0,11.0,73.0
2012,NOLAN,27.4,BU / ACRE,65.0,65.0,65.0,94.0,94.0,90.0
2010,NOLAN,34.5,BU / ACRE,56.0,56.0,98.0,95.0,95.0,77.0
2009,NOLAN,21.0,BU / ACRE,61.0,61.0,97.0,95.0,95.0,80.0
2008,NOLAN,35.0,BU / ACRE,65.0,65.0,97.0,95.0,95.0,72.0
2007,NOLAN,54.0,BU / ACRE,62.0,62.0,98.0,94.0,94.0,72.0
2006,NOLAN,28.0,BU / ACRE,66.0,66.0,66.0,94.0,94.0,77.0
2005,NOLAN,39.8,BU / ACRE,47.0,47.0,94.0,89.0,89.0,60.0
2004,NOLAN,37.3,BU / ACRE,50.0,50.0,92.0,91.0,91.0,74.0
2003,NOLAN,23.3,BU / ACRE,48.0,48.0,91.0,84.0,29.0,59.0
2002,NOLAN,28.3,BU / ACRE,46.0,46.0,46.0,93.0,35.0,61.0
2001,NOLAN,32.0,BU / ACRE,42.0,42.0,42.0,92.0,92.0,67.0
2000,NOLAN,27.8,BU / ACRE,46.0,46.0,46.0,95.0,95.0,70.0
2025,RUNNELS,51.2,BU / ACRE,67.0,67.0,100.0,100.0,46.0,81.0
2024,RUNNELS,25.2,BU / ACRE,65.0,65.0,100.0,100.0,42.0,82.0
2021,RUNNELS,33.0,BU / ACRE,65.0,4.0,4.0,100.0,45.0,82.0
2020,RUNNELS,33.2,BU / ACRE,67.0,67.0,67.0,98.0,45.0,87.0
2017,RUNNELS,44.9,BU / ACRE,72.0,72.0,72.0,100.0,39.0,87.0
2016,RUNNELS,58.8,BU / ACRE,50.0,50.0,50.0,96.0,31.0,73.0
2015,RUNNELS,42.2,BU / ACRE,57.0,57.0,100.0,95.0,11.0,73.0
2014,RUNNELS,39.3,BU / ACRE,67.0,67.0,100.0,97.0,97.0,83.0
2013,RUNNELS,38.2,BU / ACRE,64.0,64.0,64.0,98.0,40.0,77.0
2012,RUNNELS,32.6,BU / ACRE,65.0,65.0,65.0,94.0,94.0,90.0
2010,RUNNELS,33.5,BU / ACRE,56.0,56.0,98.0,95.0,95.0,77.0
2009,RUNNELS,19.0,BU / ACRE,61.0,61.0,97.0,95.0,95.0,80.0
2008,RUNNELS,22.0,BU / ACRE,65.0,65.0,97.0,95.0,95.0,72.0
2007,RUNNELS,55.0,BU / ACRE,62.0,62.0,98.0,94.0,94.0,72.0
2006,RUNNELS,19.0,BU / ACRE,66.0,66.0,66.0,94.0,94.0,77.0
2005,RUNNELS,43.5,BU / ACRE,47.0,47.0,94.0,89.0,89.0,60.0
2004,RUNNELS,47.4,BU / ACRE,50.0,50.0,92.0,91.0,91.0,74.0
2003,RUNNELS,36.7,BU / ACRE,48.0,48.0,91.0,84.0,29.0,59.0
2002,RUNNELS,31.3,BU / ACRE,46.0,46.0,46.0,93.0,35.0,61.0
2001,RUNNELS,30.7,BU / ACRE,42.0,42.0,42.0,92.0,92.0,67.0
2000,RUNNELS,29.3,BU / ACRE,46.0,46.0,46.0,95.0,95.0,70.0
2007,SCURRY,44.0,BU / ACRE,62.0,62.0,98.0,94.0,94.0,72.0
2006,SCURRY,45.0,BU / ACRE,66.0,66.0,66.0,94.0,94.0,77.0
2005,SCURRY,36.3,BU / ACRE,47.0,47.0,94.0,89.0,89.0,60.0
2004,SCURRY,17.9,BU / ACRE,50.0,50.0,92.0,91.0,91.0,74.0
2003,SCURRY,32.2,BU / ACRE,48.0,48.0,91.0,84.0,29.0,59.0
2002,SCURRY,27.9,BU / ACRE,46.0,46.0,46.0,93.0,35.0,61.0
2001,SCURRY,17.8,BU / ACRE,42.0,42.0,42.0,92.0,92.0,67.0
2000,SCURRY,29.5,BU / ACRE,46.0,46.0,46.0,95.0,95.0,70.0
2005,STONEWALL,35.7,BU / ACRE,47.0,47.0,94.0,89.0,89.0,60.0
2002,STONEWALL,27.3,BU / ACRE,46.0,46.0,46.0,93.0,35.0,61.0
2001,STONEWALL,24.0,BU / ACRE,42.0,42.0,42.0,92.0,92.0,67.0
2000,STONEWALL,29.0,BU / ACRE,46.0,46.0,46.0,95.0,95.0,70.0
2017,TAYLOR,56.3,BU / ACRE,72.0,72.0,72.0,100.0,39.0,87.0
2016,TAYLOR,31.0,BU / ACRE,50.0,50.0,50.0,96.0,31.0,73.0
2010,TAYLOR,48.1,BU / ACRE,56.0,56.0,98.0,95.0,95.0,77.0
2007,TAYLOR,42.0,BU / ACRE,62.0,62.0,98.0,94.0,94.0,72.0
2006,TAYLOR,19.0,BU / ACRE,66.0,66.0,66.0,94.0,94.0,77.0
2005,TAYLOR,32.9,BU / ACRE,47.0,47.0,94.0,89.0,89.0,60.0
2004,TAYLOR,50.4,BU / ACRE,50.0,50.0,92.0,91.0,91.0,74.0
2003,TAYLOR,31.6,BU / ACRE,48.0,48.0,91.0,84.0,29.0,59.0
2002,TAYLOR,42.0,BU / ACRE,46.0,46.0,46.0,93.0,35.0,61.0
2001,TAYLOR,20.8,BU / ACRE,42.0,42.0,42.0,92.0,92.0,67.0
2000,TAYLOR,29.7,BU / ACRE,46.0,46.0,46.0,95.0,95.0,70.0
2016,OTHER (COMBINED) COUNTIES,42.4,BU / ACRE,50.0,50.0,50.0,96.0,31.0,73.0
2015,OTHER (COMBINED) COUNTIES,43.9,BU / ACRE,57.0,57.0,100.0,95.0,11.0,73.0
2010,OTHER (COMBINED) COUNTIES,45.3,BU / ACRE,56.0,56.0,98.0,95.0,95.0,77.0
2006,OTHER (COMBINED) COUNTIES,41.0,BU / ACRE,66.0,66.0,66.0,94.0,94.0,77.0
2005,OTHER (COMBINED) COUNTIES,43.5,BU / ACRE,47.0,47.0,94.0,89.0,89.0,60.0
2004,OTHER (COMBINED) COUNTIES,38.3,BU / ACRE,50.0,50.0,92.0,91.0,91.0,74.0
2003,OTHER (COMBINED) COUNTIES,38.0,BU / ACRE,48.0,48.0,91.0,84.0,29.0,59.0
2002,OTHER (COMBINED) COUNTIES,48.8,BU / ACRE,46.0,46.0,46.0,93.0,35.0,61.0
2001,OTHER (COMBINED) COUNTIES,51.8,BU / ACRE,42.0,42.0,42.0,92.0,92.0,67.0
2000,OTHER (COMBINED) COUNTIES,72.5,BU / ACRE,46.0,46.0,46.0,95.0,95.0,70.0
2006,BROWN,42.0,BU / ACRE,66.0,66.0,66.0,94.0,94.0,77.0
2004,BROWN,43.3,BU / ACRE,50.0,50.0,92.0,91.0,91.0,74.0
2003,BROWN,38.3,BU / ACRE,48.0,48.0,91.0,84.0,29.0,59.0
2002,BROWN,41.3,BU / ACRE,46.0,46.0,46.0,93.0,35.0,61.0
2001,BROWN,35.0,BU / ACRE,42.0,42.0,42.0,92.0,92.0,67.0
2000,BROWN,78.0,BU / ACRE,46.0,46.0,46.0,95.0,95.0,70.0
2005,CALLAHAN,38.0,BU / ACRE,47.0,47.0,94.0,89.0,89.0,60.0
2004,CALLAHAN,40.0,BU / ACRE,50.0,50.0,92.0,91.0,91.0,74.0
2000,CALLAHAN,75.6,BU / ACRE,46.0,46.0,46.0,95.0,95.0,70.0
2006,COMANCHE,56.0,BU / ACRE,66.0,66.0,66.0,94.0,94.0,77.0
2005,COMANCHE,28.0,BU / ACRE,47.0,47.0,94.0,89.0,89.0,60.0
2004,COMANCHE,42.9,BU / ACRE,50.0,50.0,92.0,91.0,91.0,74.0
2003,COMANCHE,40.9,BU / ACRE,48.0,48.0,91.0,84.0,29.0,59.0
2002,COMANCHE,59.3,BU / ACRE,46.0,46.0,46.0,93.0,35.0,61.0
2001,COMANCHE,38.9,BU / ACRE,42.0,42.0,42.0,92.0,92.0,67.0
2000,COMANCHE,48.2,BU / ACRE,46.0,46.0,46.0,95.0,95.0,70.0
2004,EASTLAND,28.6,BU / ACRE,50.0,50.0,92.0,91.0,91.0,74.0
2003,EASTLAND,41.8,BU / ACRE,48.0,48.0,91.0,84.0,29.0,59.0
2002,EASTLAND,60.0,BU / ACRE,46.0,46.0,46.0,93.0,35.0,61.0
2000,EASTLAND,71.4,BU / ACRE,46.0,46.0,46.0,95.0,95.0,70.0
2006,ERATH,42.0,BU / ACRE,66.0,66.0,66.0,94.0,94.0,77.0
2003,ERATH,44.6,BU / ACRE,48.0,48.0,91.0,84.0,29.0,59.0
2002,ERATH,27.5,BU / ACRE,46.0,46.0,46.0,93.0,35.0,61.0
2001,ERATH,18.6,BU / ACRE,42.0,42.0,42.0,92.0,92.0,67.0
2000,ERATH,72.0,BU / ACRE,46.0,46.0,46.0,95.0,95.0,70.0
2001,MILLS,45.0,BU / ACRE,42.0,42.0,42.0,92.0,92.0,67.0
2000,MILLS,64.0,BU / ACRE,46.0,46.0,46.0,95.0,95.0,70.0
2000,SHACKELFORD,75.0,BU / ACRE,46.0,46.0,46.0,95.0,95.0,70.0
2006,THROCKMORTON,0.0,BU / ACRE,66.0,66.0,66.0,94.0,94.0,77.0
2003,THROCKMORTON,40.0,BU / ACRE,48.0,48.0,91.0,84.0,29.0,59.0
2002,THROCKMORTON,59.4,BU / ACRE,46.0,46.0,46.0,93.0,35.0,61.0
2010,WISE,57.7,BU / ACRE,56.0,56.0,98.0,95.0,95.0,77.0
2006,WISE,43.0,BU / ACRE,66.0,66.0,66.0,94.0,94.0,77.0
2004,WISE,55.5,BU / ACRE,50.0,50.0,92.0,91.0,91.0,74.0
2003,WISE,32.0,BU / ACRE,48.0,48.0,91.0,84.0,29.0,59.0
2001,WISE,38.6,BU / ACRE,42.0,42.0,42.0,92.0,92.0,67.0
2000,WISE,70.8,BU / ACRE,46.0,46.0,46.0,95.0,95.0,70.0
2004,YOUNG,45.0,BU / ACRE,50.0,50.0,92.0,91.0,91.0,74.0
2003,YOUNG,43.0,BU / ACRE,48.0,48.0,91.0,84.0,29.0,59.0
2002,YOUNG,45.0,BU / ACRE,46.0,46.0,46.0,93.0,35.0,61.0
2001,YOUNG,41.3,BU / ACRE,42.0,42.0,42.0,92.0,92.0,67.0
2000,YOUNG,71.3,BU / ACRE,46.0,46.0,46.0,95.0,95.0,70.0
2019,OTHER (COMBINED) COUNTIES,57.3,BU / ACRE,65.0,65.0,100.0,100.0,43.0,80.0
2018,OTHER (COMBINED) COUNTIES,42.4,BU / ACRE,81.0,81.0,81.0,100.0,32.0,92.0
2017,OTHER (COMBINED) COUNTIES,76.3,BU / ACRE,72.0,72.0,72.0,100.0,39.0,87.0
2016,OTHER (COMBINED) COUNTIES,54.7,BU / ACRE,50.0,50.0,50.0,96.0,31.0,73.0
2015,OTHER (COMBINED) COUNTIES,57.1,BU / ACRE,57.0,57.0,100.0,95.0,11.0,73.0
2014,OTHER (COMBINED) COUNTIES,53.6,BU / ACRE,67.0,67.0,100.0,97.0,97.0,83.0
2013,OTHER (COMBINED) COUNTIES,81.2,BU / ACRE,64.0,64.0,64.0,98.0,40.0,77.0
2012,OTHER (COMBINED) COUNTIES,64.1,BU / ACRE,65.0,65.0,65.0,94.0,94.0,90.0
2011,OTHER (COMBINED) COUNTIES,35.6,BU / ACRE,55.0,55.0,95.0,92.0,92.0,74.0
2010,OTHER (COMBINED) COUNTIES,69.7,BU / ACRE,56.0,56.0,98.0,95.0,95.0,77.0
2009,OTHER (COMBINED) COUNTIES,32.0,BU / ACRE,61.0,61.0,97.0,95.0,95.0,80.0
2008,OTHER (COMBINED) COUNTIES,60.0,BU / ACRE,65.0,65.0,97.0,95.0,95.0,72.0
2007,OTHER (COMBINED) COUNTIES,48.0,BU / ACRE,62.0,62.0,98.0,94.0,94.0,72.0
2006,OTHER (COMBINED) COUNTIES,45.0,BU / ACRE,66.0,66.0,66.0,94.0,94.0,77.0
2005,OTHER (COMBINED) COUNTIES,48.8,BU / ACRE,47.0,47.0,94.0,89.0,89.0,60.0
2004,OTHER (COMBINED) COUNTIES,78.6,BU / ACRE,50.0,50.0,92.0,91.0,91.0,74.0
2002,OTHER (COMBINED) COUNTIES,74.6,BU / ACRE,46.0,46.0,46.0,93.0,35.0,61.0
2001,OTHER (COMBINED) COUNTIES,60.0,BU / ACRE,42.0,42.0,42.0,92.0,92.0,67.0
2022,BELL,65.2,BU / ACRE,63.0,2.0,100.0,99.0,39.0,81.0
2021,BELL,71.6,BU / ACRE,65.0,4.0,4.0,100.0,45.0,82.0
2019,BELL,85.9,BU / ACRE,65.0,65.0,100.0,100.0,43.0,80.0
2018,BELL,55.5,BU / ACRE,81.0,81.0,81.0,100.0,32.0,92.0
2017,BELL,79.6,BU / ACRE,72.0,72.0,72.0,100.0,39.0,87.0
2016,BELL,54.3,BU / ACRE,50.0,50.0,50.0,96.0,31.0,73.0
2015,BELL,63.3,BU / ACRE,57.0,57.0,100.0,95.0,11.0,73.0
2014,BELL,95.1,BU / ACRE,67.0,67.0,100.0,97.0,97.0,83.0
2013,BELL,86.1,BU / ACRE,64.0,64.0,64.0,98.0,40.0,77.0
2012,BELL,80.0,BU / ACRE,65.0,65.0,65.0,94.0,94.0,90.0
2011,BELL,41.6,BU / ACRE,55.0,55.0,95.0,92.0,92.0,74.0
2010,BELL,80.0,BU / ACRE,56.0,56.0,98.0,95.0,95.0,77.0
2009,BELL,54.0,BU / ACRE,61.0,61.0,97.0,95.0,95.0,80.0
2008,BELL,57.0,BU / ACRE,65.0,65.0,97.0,95.0,95.0,72.0
2007,BELL,59.0,BU / ACRE,62.0,62.0,98.0,94.0,94.0,72.0
2006,BELL,69.0,BU / ACRE,66.0,66.0,66.0,94.0,94.0,77.0
2005,BELL,72.3,BU / ACRE,47.0,47.0,94.0,89.0,89.0,60.0
2004,BELL,71.2,BU / ACRE,50.0,50.0,92.0,91.0,91.0,74.0
2003,BELL,68.8,BU / ACRE,48.0,48.0,91.0,84.0,29.0,59.0
2002,BELL,61.7,BU / ACRE,46.0,46.0,46.0,93.0,35.0,61.0
2001,BELL,85.9,BU / ACRE,42.0,42.0,42.0,92.0,92.0,67.0
2000,BELL,84.3,BU / ACRE,46.0,46.0,46.0,95.0,95.0,70.0
2025,BOSQUE,55.4,BU / ACRE,67.0,67.0,100.0,100.0,46.0,81.0
2020,BOSQUE,36.2,BU / ACRE,67.0,67.0,67.0,98.0,45.0,87.0
2019,BOSQUE,56.0,BU / ACRE,65.0,65.0,100.0,100.0,43.0,80.0
2013,BOSQUE,50.1,BU / ACRE,64.0,64.0,64.0,98.0,40.0,77.0
2011,BOSQUE,22.3,BU / ACRE,55.0,55.0,95.0,92.0,92.0,74.0
2007,BOSQUE,55.0,BU / ACRE,62.0,62.0,98.0,94.0,94.0,72.0
2006,BOSQUE,42.0,BU / ACRE,66.0,66.0,66.0,94.0,94.0,77.0
2005,BOSQUE,40.0,BU / ACRE,47.0,47.0,94.0,89.0,89.0,60.0
2004,BOSQUE,48.0,BU / ACRE,50.0,50.0,92.0,91.0,91.0,74.0
2003,BOSQUE,70.0,BU / ACRE,48.0,48.0,91.0,84.0,29.0,59.0
2001,BOSQUE,31.8,BU / ACRE,42.0,42.0,42.0,92.0,92.0,67.0
2000,BOSQUE,48.9,BU / ACRE,46.0,46.0,46.0,95.0,95.0,70.0
2021,COLLIN,61.8,BU / ACRE,65.0,4.0,4.0,100.0,45.0,82.0
2019,COLLIN,76.8,BU / ACRE,65.0,65.0,100.0,100.0,43.0,80.0
2018,COLLIN,62.9,BU / ACRE,81.0,81.0,81.0,100.0,32.0,92.0
2017,COLLIN,83.7,BU / ACRE,72.0,72.0,72.0,100.0,39.0,87.0
2016,COLLIN,59.7,BU / ACRE,50.0,50.0,50.0,96.0,31.0,73.0
2015,COLLIN,50.4,BU / ACRE,57.0,57.0,100.0,95.0,11.0,73.0
2014,COLLIN,75.8,BU / ACRE,67.0,67.0,100.0,97.0,97.0,83.0
2013,COLLIN,70.7,BU / ACRE,64.0,64.0,64.0,98.0,40.0,77.0
2012,COLLIN,43.6,BU / ACRE,65.0,65.0,65.0,94.0,94.0,90.0
2011,COLLIN,47.6,BU / ACRE,55.0,55.0,95.0,92.0,92.0,74.0
2010,COLLIN,52.3,BU / ACRE,56.0,56.0,98.0,95.0,95.0,77.0
2009,COLLIN,48.0,BU / ACRE,61.0,61.0,97.0,95.0,95.0,80.0
2008,COLLIN,66.0,BU / ACRE,65.0,65.0,97.0,95.0,95.0,72.0
2007,COLLIN,61.0,BU / ACRE,62.0,62.0,98.0,94.0,94.0,72.0
2006,COLLIN,37.0,BU / ACRE,66.0,66.0,66.0,94.0,94.0,77.0
2005,COLLIN,63.5,BU / ACRE,47.0,47.0,94.0,89.0,89.0,60.0
2004,COLLIN,77.5,BU / ACRE,50.0,50.0,92.0,91.0,91.0,74.0
2003,COLLIN,82.2,BU / ACRE,48.0,48.0,91.0,84.0,29.0,59.0
2002,COLLIN,71.5,BU / ACRE,46.0,46.0,46.0,93.0,35.0,61.0
2001,COLLIN,80.2,BU / ACRE,42.0,42.0,42.0,92.0,92.0,67.0
2000,COLLIN,85.8,BU / ACRE,46.0,46.0,46.0,95.0,95.0,70.0
2023,COOKE,57.8,BU / ACRE,69.0,69.0,100.0,98.0,38.0,83.0
2022,COOKE,42.7,BU / ACRE,63.0,2.0,100.0,99.0,39.0,81.0
2021,COOKE,39.5,BU / ACRE,65.0,4.0,4.0,100.0,45.0,82.0
2020,COOKE,65.5,BU / ACRE,67.0,67.0,67.0,98.0,45.0,87.0
2019,COOKE,76.3,BU / ACRE,65.0,65.0,100.0,100.0,43.0,80.0
2018,COOKE,44.9,BU / ACRE,81.0,81.0,81.0,100.0,32.0,92.0
2017,COOKE,57.9,BU / ACRE,72.0,72.0,72.0,100.0,39.0,87.0
2016,COOKE,44.8,BU / ACRE,50.0,50.0,50.0,96.0,31.0,73.0
2015,COOKE,28.9,BU / ACRE,57.0,57.0,100.0,95.0,11.0,73.0
2014,COOKE,53.8,BU / ACRE,67.0,67.0,100.0,97.0,97.0,83.0
2013,COOKE,71.9,BU / ACRE,64.0,64.0,64.0,98.0,40.0,77.0
2012,COOKE,57.9,BU / ACRE,65.0,65.0,65.0,94.0,94.0,90.0
2011,COOKE,37.7,BU / ACRE,55.0,55.0,95.0,92.0,92.0,74.0
2010,COOKE,63.0,BU / ACRE,56.0,56.0,98.0,95.0,95.0,77.0
2009,COOKE,50.0,BU / ACRE,61.0,61.0,97.0,95.0,95.0,80.0
2007,COOKE,60.0,BU / ACRE,62.0,62.0,98.0,94.0,94.0,72.0
2006,COOKE,38.0,BU / ACRE,66.0,66.0,66.0,94.0,94.0,77.0
2005,COOKE,53.9,BU / ACRE,47.0,47.0,94.0,89.0,89.0,60.0
2004,COOKE,72.2,BU / ACRE,50.0,50.0,92.0,91.0,91.0,74.0
2003,COOKE,76.5,BU / ACRE,48.0,48.0,91.0,84.0,29.0,59.0
2002,COOKE,59.7,BU / ACRE,46.0,46.0,46.0,93.0,35.0,61.0
2001,COOKE,48.6,BU / ACRE,42.0,42.0,42.0,92.0,92.0,67.0
2000,COOKE,84.3,BU / ACRE,46.0,46.0,46.0,95.0,95.0,70.0
2021,CORYELL,49.8,BU / ACRE,65.0,4.0,4.0,100.0,45.0,82.0
2020,CORYELL,64.7,BU / ACRE,67.0,67.0,67.0,98.0,45.0,87.0
2018,CORYELL,31.2,BU / ACRE,81.0,81.0,81.0,100.0,32.0,92.0
2017,CORYELL,64.3,BU / ACRE,72.0,72.0,72.0,100.0,39.0,87.0
2015,CORYELL,57.1,BU / ACRE,57.0,57.0,100.0,95.0,11.0,73.0
2014,CORYELL,55.5,BU / ACRE,67.0,67.0,100.0,97.0,97.0,83.0
2013,CORYELL,44.3,BU / ACRE,64.0,64.0,64.0,98.0,40.0,77.0
2011,CORYELL,13.3,BU / ACRE,55.0,55.0,95.0,92.0,92.0,74.0
2010,CORYELL,41.9,BU / ACRE,56.0,56.0,98.0,95.0,95.0,77.0
2009,CORYELL,40.0,BU / ACRE,61.0,61.0,97.0,95.0,95.0,80.0
2007,CORYELL,57.0,BU / ACRE,62.0,62.0,98.0,94.0,94.0,72.0
2006,CORYELL,32.0,BU / ACRE,66.0,66.0,66.0,94.0,94.0,77.0
2005,CORYELL,54.0,BU / ACRE,47.0,47.0,94.0,89.0,89.0,60.0
2004,CORYELL,75.8,BU / ACRE,50.0,50.0,92.0,91.0,91.0,74.0
2003,CORYELL,51.8,BU / ACRE,48.0,48.0,91.0,84.0,29.0,59.0
2002,CORYELL,46.4,BU / ACRE,46.0,46.0,46.0,93.0,35.0,61.0
2001,CORYELL,35.2,BU / ACRE,42.0,42.0,42.0,92.0,92.0,67.0
2000,CORYELL,86.0,BU / ACRE,46.0,46.0,46.0,95.0,95.0,70.0
2007,DALLAS,64.0,BU / ACRE,62.0,62.0,98.0,94.0,94.0,72.0
2004,DALLAS,77.8,BU / ACRE,50.0,50.0,92.0,91.0,91.0,74.0
2003,DALLAS,89.5,BU / ACRE,48.0,48.0,91.0,84.0,29.0,59.0
2002,DALLAS,53.3,BU / ACRE,46.0,46.0,46.0,93.0,35.0,61.0
2001,DALLAS,49.1,BU / ACRE,42.0,42.0,42.0,92.0,92.0,67.0
2000,DALLAS,78.5,BU / ACRE,46.0,46.0,46.0,95.0,95.0,70.0
2014,DELTA,90.3,BU / ACRE,67.0,67.0,100.0,97.0,97.0,83.0
2007,DELTA,87.0,BU / ACRE,62.0,62.0,98.0,94.0,94.0,72.0
2003,DELTA,64.2,BU / ACRE,48.0,48.0,91.0,84.0,29.0,59.0
2000,DELTA,72.5,BU / ACRE,46.0,46.0,46.0,95.0,95.0,70.0
2025,DENTON,46.1,BU / ACRE,67.0,67.0,100.0,100.0,46.0,81.0
2024,DENTON,66.8,BU / ACRE,65.0,65.0,100.0,100.0,42.0,82.0
2023,DENTON,36.6,BU / ACRE,69.0,69.0,100.0,98.0,38.0,83.0
2022,DENTON,29.8,BU / ACRE,63.0,2.0,100.0,99.0,39.0,81.0
2021,DENTON,30.1,BU / ACRE,65.0,4.0,4.0,100.0,45.0,82.0
2020,DENTON,48.9,BU / ACRE,67.0,67.0,67.0,98.0,45.0,87.0
2019,DENTON,47.7,BU / ACRE,65.0,65.0,100.0,100.0,43.0,80.0
2017,DENTON,48.3,BU / ACRE,72.0,72.0,72.0,100.0,39.0,87.0
2016,DENTON,52.4,BU / ACRE,50.0,50.0,50.0,96.0,31.0,73.0
2015,DENTON,38.2,BU / ACRE,57.0,57.0,100.0,95.0,11.0,73.0
2013,DENTON,47.1,BU / ACRE,64.0,64.0,64.0,98.0,40.0,77.0
2012,DENTON,42.0,BU / ACRE,65.0,65.0,65.0,94.0,94.0,90.0
2011,DENTON,17.2,BU / ACRE,55.0,55.0,95.0,92.0,92.0,74.0
2010,DENTON,48.9,BU / ACRE,56.0,56.0,98.0,95.0,95.0,77.0
2009,DENTON,34.0,BU / ACRE,61.0,61.0,97.0,95.0,95.0,80.0
2006,DENTON,35.0,BU / ACRE,66.0,66.0,66.0,94.0,94.0,77.0
2005,DENTON,44.0,BU / ACRE,47.0,47.0,94.0,89.0,89.0,60.0
2004,DENTON,57.3,BU / ACRE,50.0,50.0,92.0,91.0,91.0,74.0
2003,DENTON,61.5,BU / ACRE,48.0,48.0,91.0,84.0,29.0,59.0
2002,DENTON,63.4,BU / ACRE,46.0,46.0,46.0,93.0,35.0,61.0
2001,DENTON,54.6,BU / ACRE,42.0,42.0,42.0,92.0,92.0,67.0
2000,DENTON,82.9,BU / ACRE,46.0,46.0,46.0,95.0,95.0,70.0
2021,ELLIS,48.0,BU / ACRE,65.0,4.0,4.0,100.0,45.0,82.0
2019,ELLIS,43.1,BU / ACRE,65.0,65.0,100.0,100.0,43.0,80.0
2018,ELLIS,19.7,BU / ACRE,81.0,81.0,81.0,100.0,32.0,92.0
2017,ELLIS,91.5,BU / ACRE,72.0,72.0,72.0,100.0,39.0,87.0
2016,ELLIS,52.2,BU / ACRE,50.0,50.0,50.0,96.0,31.0,73.0
2015,ELLIS,55.8,BU / ACRE,57.0,57.0,100.0,95.0,11.0,73.0
2014,ELLIS,82.7,BU / ACRE,67.0,67.0,100.0,97.0,97.0,83.0
2013,ELLIS,76.8,BU / ACRE,64.0,64.0,64.0,98.0,40.0,77.0
2012,ELLIS,84.6,BU / ACRE,65.0,65.0,65.0,94.0,94.0,90.0
2011,ELLIS,45.5,BU / ACRE,55.0,55.0,95.0,92.0,92.0,74.0
2010,ELLIS,63.3,BU / ACRE,56.0,56.0,98.0,95.0,95.0,77.0
2009,ELLIS,66.0,BU / ACRE,61.0,61.0,97.0,95.0,95.0,80.0
2008,ELLIS,60.0,BU / ACRE,65.0,65.0,97.0,95.0,95.0,72.0
2007,ELLIS,61.0,BU / ACRE,62.0,62.0,98.0,94.0,94.0,72.0
2006,ELLIS,48.0,BU / ACRE,66.0,66.0,66.0,94.0,94.0,77.0
2005,ELLIS,62.6,BU / ACRE,47.0,47.0,94.0,89.0,89.0,60.0
2004,ELLIS,84.4,BU / ACRE,50.0,50.0,92.0,91.0,91.0,74.0
2003,ELLIS,80.4,BU / ACRE,48.0,48.0,91.0,84.0,29.0,59.0
2002,ELLIS,69.7,BU / ACRE,46.0,46.0,46.0,93.0,35.0,61.0
2001,ELLIS,95.4,BU / ACRE,42.0,42.0,42.0,92.0,92.0,67.0
2000,ELLIS,98.6,BU / ACRE,46.0,46.0,46.0,95.0,95.0,70.0
2025,FALLS,60.1,BU / ACRE,67.0,67.0,100.0,100.0,46.0,81.0
2023,FALLS,67.9,BU / ACRE,69.0,69.0,100.0,98.0,38.0,83.0
2021,FALLS,68.9,BU / ACRE,65.0,4.0,4.0,100.0,45.0,82.0
2019,FALLS,72.3,BU / ACRE,65.0,65.0,100.0,100.0,43.0,80.0
2017,FALLS,76.4,BU / ACRE,72.0,72.0,72.0,100.0,39.0,87.0
2016,FALLS,69.8,BU / ACRE,50.0,50.0,50.0,96.0,31.0,73.0
2015,FALLS,81.9,BU / ACRE,57.0,57.0,100.0,95.0,11.0,73.0
2014,FALLS,82.4,BU / ACRE,67.0,67.0,100.0,97.0,97.0,83.0
2013,FALLS,83.5,BU / ACRE,64.0,64.0,64.0,98.0,40.0,77.0
2012,FALLS,72.8,BU / ACRE,65.0,65.0,65.0,94.0,94.0,90.0
2010,FALLS,75.0,BU / ACRE,56.0,56.0,98.0,95.0,95.0,77.0
2009,FALLS,36.0,BU / ACRE,61.0,61.0,97.0,95.0,95.0,80.0
2008,FALLS,55.0,BU / ACRE,65.0,65.0,97.0,95.0,95.0,72.0
2007,FALLS,53.0,BU / ACRE,62.0,62.0,98.0,94.0,94.0,72.0
2006,FALLS,58.0,BU / ACRE,66.0,66.0,66.0,94.0,94.0,77.0
2005,FALLS,43.9,BU / ACRE,47.0,47.0,94.0,89.0,89.0,60.0
2004,FALLS,72.2,BU / ACRE,50.0,50.0,92.0,91.0,91.0,74.0
2003,FALLS,64.2,BU / ACRE,48.0,48.0,91.0,84.0,29.0,59.0
2002,FALLS,44.1,BU / ACRE,46.0,46.0,46.0,93.0,35.0,61.0
2001,FALLS,70.1,BU / ACRE,42.0,42.0,42.0,92.0,92.0,67.0
2000,FALLS,79.9,BU / ACRE,46.0,46.0,46.0,95.0,95.0,70.0
2016,FANNIN,53.4,BU / ACRE,50.0,50.0,50.0,96.0,31.0,73.0
2014,FANNIN,87.8,BU / ACRE,67.0,67.0,100.0,97.0,97.0,83.0
2013,FANNIN,88.4,BU / ACRE,64.0,64.0,64.0,98.0,40.0,77.0
2012,FANNIN,89.6,BU / ACRE,65.0,65.0,65.0,94.0,94.0,90.0
2011,FANNIN,50.0,BU / ACRE,55.0,55.0,95.0,92.0,92.0,74.0
2010,FANNIN,52.9,BU / ACRE,56.0,56.0,98.0,95.0,95.0,77.0
2009,FANNIN,45.0,BU / ACRE,61.0,61.0,97.0,95.0,95.0,80.0
2008,FANNIN,31.0,BU / ACRE,65.0,65.0,97.0,95.0,95.0,72.0
2006,FANNIN,31.0,BU / ACRE,66.0,66.0,66.0,94.0,94.0,77.0
2005,FANNIN,56.8,BU / ACRE,47.0,47.0,94.0,89.0,89.0,60.0
2004,FANNIN,66.0,BU / ACRE,50.0,50.0,92.0,91.0,91.0,74.0
2003,FANNIN,75.8,BU / ACRE,48.0,48.0,91.0,84.0,29.0,59.0
2002,FANNIN,77.1,BU / ACRE,46.0,46.0,46.0,93.0,35.0,61.0
2001,FANNIN,57.6,BU / ACRE,42.0,42.0,42.0,92.0,92.0,67.0
2000,FANNIN,61.5,BU / ACRE,46.0,46.0,46.0,95.0,95.0,70.0
2025,GRAYSON,56.8,BU / ACRE,67.0,67.0,100.0,100.0,46.0,81.0
2024,GRAYSON,59.3,BU / ACRE,65.0,65.0,100.0,100.0,42.0,82.0
2023,GRAYSON,73.2,BU / ACRE,69.0,69.0,100.0,98.0,38.0,83.0
2022,GRAYSON,35.5,BU / ACRE,63.0,2.0,100.0,99.0,39.0,81.0
2021,GRAYSON,59.3,BU / ACRE,65.0,4.0,4.0,100.0,45.0,82.0
2020,GRAYSON,70.6,BU / ACRE,67.0,67.0,67.0,98.0,45.0,87.0
2019,GRAYSON,61.6,BU / ACRE,65.0,65.0,100.0,100.0,43.0,80.0
2018,GRAYSON,49.2,BU / ACRE,81.0,81.0,81.0,100.0,32.0,92.0
2017,GRAYSON,68.0,BU / ACRE,72.0,72.0,72.0,100.0,39.0,87.0
2015,GRAYSON,61.0,BU / ACRE,57.0,57.0,100.0,95.0,11.0,73.0
2014,GRAYSON,86.4,BU / ACRE,67.0,67.0,100.0,97.0,97.0,83.0
2013,GRAYSON,72.0,BU / ACRE,64.0,64.0,64.0,98.0,40.0,77.0
2012,GRAYSON,75.2,BU / ACRE,65.0,65.0,65.0,94.0,94.0,90.0
2011,GRAYSON,49.9,BU / ACRE,55.0,55.0,95.0,92.0,92.0,74.0
2010,GRAYSON,54.0,BU / ACRE,56.0,56.0,98.0,95.0,95.0,77.0
2009,GRAYSON,71.0,BU / ACRE,61.0,61.0,97.0,95.0,95.0,80.0
2008,GRAYSON,71.0,BU / ACRE,65.0,65.0,97.0,95.0,95.0,72.0
2007,GRAYSON,67.0,BU / ACRE,62.0,62.0,98.0,94.0,94.0,72.0
2006,GRAYSON,37.0,BU / ACRE,66.0,66.0,66.0,94.0,94.0,77.0
2005,GRAYSON,51.9,BU / ACRE,47.0,47.0,94.0,89.0,89.0,60.0
2004,GRAYSON,79.4,BU / ACRE,50.0,50.0,92.0,91.0,91.0,74.0
2003,GRAYSON,85.8,BU / ACRE,48.0,48.0,91.0,84.0,29.0,59.0
2002,GRAYSON,77.3,BU / ACRE,46.0,46.0,46.0,93.0,35.0,61.0
2001,GRAYSON,52.2,BU / ACRE,42.0,42.0,42.0,92.0,92.0,67.0
2000,GRAYSON,81.1,BU / ACRE,46.0,46.0,46.0,95.0,95.0,70.0
2023,HAMILTON,37.9,BU / ACRE,69.0,69.0,100.0,98.0,38.0,83.0
2017,HAMILTON,72.0,BU / ACRE,72.0,72.0,72.0,100.0,39.0,87.0
2016,HAMILTON,44.4,BU / ACRE,50.0,50.0,50.0,96.0,31.0,73.0
2015,HAMILTON,67.6,BU / ACRE,57.0,57.0,100.0,95.0,11.0,73.0
2014,HAMILTON,77.3,BU / ACRE,67.0,67.0,100.0,97.0,97.0,83.0
2013,HAMILTON,53.7,BU / ACRE,64.0,64.0,64.0,98.0,40.0,77.0
2012,HAMILTON,50.0,BU / ACRE,65.0,65.0,65.0,94.0,94.0,90.0
2011,HAMILTON,48.2,BU / ACRE,55.0,55.0,95.0,92.0,92.0,74.0
2010,HAMILTON,50.0,BU / ACRE,56.0,56.0,98.0,95.0,95.0,77.0
2009,HAMILTON,58.0,BU / ACRE,61.0,61.0,97.0,95.0,95.0,80.0
2008,HAMILTON,40.0,BU / ACRE,65.0,65.0,97.0,95.0,95.0,72.0
2007,HAMILTON,45.0,BU / ACRE,62.0,62.0,98.0,94.0,94.0,72.0
2006,HAMILTON,42.0,BU / ACRE,66.0,66.0,66.0,94.0,94.0,77.0
2005,HAMILTON,52.9,BU / ACRE,47.0,47.0,94.0,89.0,89.0,60.0
2004,HAMILTON,60.4,BU / ACRE,50.0,50.0,92.0,91.0,91.0,74.0
2003,HAMILTON,68.1,BU / ACRE,48.0,48.0,91.0,84.0,29.0,59.0
2002,HAMILTON,61.7,BU / ACRE,46.0,46.0,46.0,93.0,35.0,61.0
2001,HAMILTON,34.1,BU / ACRE,42.0,42.0,42.0,92.0,92.0,67.0
2000,HAMILTON,57.5,BU / ACRE,46.0,46.0,46.0,95.0,95.0,70.0
2020,HILL,94.7,BU / ACRE,67.0,67.0,67.0,98.0,45.0,87.0
2019,HILL,68.8,BU / ACRE,65.0,65.0,100.0,100.0,43.0,80.0
2018,HILL,51.9,BU / ACRE,81.0,81.0,81.0,100.0,32.0,92.0
2017,HILL,77.0,BU / ACRE,72.0,72.0,72.0,100.0,39.0,87.0
2016,HILL,58.4,BU / ACRE,50.0,50.0,50.0,96.0,31.0,73.0
2015,HILL,56.6,BU / ACRE,57.0,57.0,100.0,95.0,11.0,73.0
2014,HILL,83.4,BU / ACRE,67.0,67.0,100.0,97.0,97.0,83.0
2013,HILL,87.9,BU / ACRE,64.0,64.0,64.0,98.0,40.0,77.0
2012,HILL,85.3,BU / ACRE,65.0,65.0,65.0,94.0,94.0,90.0
2011,HILL,54.5,BU / ACRE,55.0,55.0,95.0,92.0,92.0,74.0
2010,HILL,67.1,BU / ACRE,56.0,56.0,98.0,95.0,95.0,77.0
2009,HILL,52.0,BU / ACRE,61.0,61.0,97.0,95.0,95.0,80.0
2008,HILL,57.0,BU / ACRE,65.0,65.0,97.0,95.0,95.0,72.0
2007,HILL,59.0,BU / ACRE,62.0,62.0,98.0,94.0,94.0,72.0
2006,HILL,51.0,BU / ACRE,66.0,66.0,66.0,94.0,94.0,77.0
2005,HILL,65.9,BU / ACRE,47.0,47.0,94.0,89.0,89.0,60.0
2004,HILL,88.3,BU / ACRE,50.0,50.0,92.0,91.0,91.0,74.0
2003,HILL,86.6,BU / ACRE,48.0,48.0,91.0,84.0,29.0,59.0
2002,HILL,80.5,BU / ACRE,46.0,46.0,46.0,93.0,35.0,61.0
2001,HILL,76.0,BU / ACRE,42.0,42.0,42.0,92.0,92.0,67.0
2000,HILL,89.8,BU / ACRE,46.0,46.0,46.0,95.0,95.0,70.0
2020,HUNT,69.8,BU / ACRE,67.0,67.0,67.0,98.0,45.0,87.0
2014,HUNT,89.3,BU / ACRE,67.0,67.0,100.0,97.0,97.0,83.0
2013,HUNT,71.3,BU / ACRE,64.0,64.0,64.0,98.0,40.0,77.0
2012,HUNT,71.0,BU / ACRE,65.0,65.0,65.0,94.0,94.0,90.0
2011,HUNT,9.4,BU / ACRE,55.0,55.0,95.0,92.0,92.0,74.0
2010,HUNT,51.9,BU / ACRE,56.0,56.0,98.0,95.0,95.0,77.0
2009,HUNT,39.0,BU / ACRE,61.0,61.0,97.0,95.0,95.0,80.0
2008,HUNT,45.0,BU / ACRE,65.0,65.0,97.0,95.0,95.0,72.0
2007,HUNT,64.0,BU / ACRE,62.0,62.0,98.0,94.0,94.0,72.0
2006,HUNT,36.0,BU / ACRE,66.0,66.0,66.0,94.0,94.0,77.0
2005,HUNT,55.3,BU / ACRE,47.0,47.0,94.0,89.0,89.0,60.0
2004,HUNT,60.7,BU / ACRE,50.0,50.0,92.0,91.0,91.0,74.0
2003,HUNT,77.9,BU / ACRE,48.0,48.0,91.0,84.0,29.0,59.0
2002,HUNT,85.8,BU / ACRE,46.0,46.0,46.0,93.0,35.0,61.0
2001,HUNT,41.4,BU / ACRE,42.0,42.0,42.0,92.0,92.0,67.0
2000,HUNT,67.0,BU / ACRE,46.0,46.0,46.0,95.0,95.0,70.0
2020,JOHNSON,89.1,BU / ACRE,67.0,67.0,67.0,98.0,45.0,87.0
2016,JOHNSON,43.6,BU / ACRE,50.0,50.0,50.0,96.0,31.0,73.0
2015,JOHNSON,55.0,BU / ACRE,57.0,57.0,100.0,95.0,11.0,73.0
2014,JOHNSON,79.9,BU / ACRE,67.0,67.0,100.0,97.0,97.0,83.0
2013,JOHNSON,76.1,BU / ACRE,64.0,64.0,64.0,98.0,40.0,77.0
2012,JOHNSON,60.6,BU / ACRE,65.0,65.0,65.0,94.0,94.0,90.0
2011,JOHNSON,47.2,BU / ACRE,55.0,55.0,95.0,92.0,92.0,74.0
2010,JOHNSON,51.9,BU / ACRE,56.0,56.0,98.0,95.0,95.0,77.0
2009,JOHNSON,56.0,BU / ACRE,61.0,61.0,97.0,95.0,95.0,80.0
2006,JOHNSON,40.0,BU / ACRE,66.0,66.0,66.0,94.0,94.0,77.0
2005,JOHNSON,61.3,BU / ACRE,47.0,47.0,94.0,89.0,89.0,60.0
2004,JOHNSON,68.5,BU / ACRE,50.0,50.0,92.0,91.0,91.0,74.0
2003,JOHNSON,89.8,BU / ACRE,48.0,48.0,91.0,84.0,29.0,59.0
2002,JOHNSON,64.9,BU / ACRE,46.0,46.0,46.0,93.0,35.0,61.0
2001,JOHNSON,37.6,BU / ACRE,42.0,42.0,42.0,92.0,92.0,67.0
2000,JOHNSON,41.1,BU / ACRE,46.0,46.0,46.0,95.0,95.0,70.0
2007,KAUFMAN,56.0,BU / ACRE,62.0,62.0,98.0,94.0,94.0,72.0
2005,KAUFMAN,45.0,BU / ACRE,47.0,47.0,94.0,89.0,89.0,60.0
2004,KAUFMAN,77.8,BU / ACRE,50.0,50.0,92.0,91.0,91.0,74.0
2003,KAUFMAN,76.1,BU / ACRE,48.0,48.0,91.0,84.0,29.0,59.0
2002,KAUFMAN,87.9,BU / ACRE,46.0,46.0,46.0,93.0,35.0,61.0
2001,KAUFMAN,78.8,BU / ACRE,42.0,42.0,42.0,92.0,92.0,67.0
2000,KAUFMAN,81.2,BU / ACRE,46.0,46.0,46.0,95.0,95.0,70.0
2021,LAMAR,68.9,BU / ACRE,65.0,4.0,4.0,100.0,45.0,82.0
2015,LAMAR,60.0,BU / ACRE,57.0,57.0,100.0,95.0,11.0,73.0
2014,LAMAR,64.0,BU / ACRE,67.0,67.0,100.0,97.0,97.0,83.0
2013,LAMAR,84.7,BU / ACRE,64.0,64.0,64.0,98.0,40.0,77.0
2012,LAMAR,72.6,BU / ACRE,65.0,65.0,65.0,94.0,94.0,90.0
2010,LAMAR,63.3,BU / ACRE,56.0,56.0,98.0,95.0,95.0,77.0
2009,LAMAR,50.0,BU / ACRE,61.0,61.0,97.0,95.0,95.0,80.0
2007,LAMAR,65.0,BU / ACRE,62.0,62.0,98.0,94.0,94.0,72.0
2006,LAMAR,56.0,BU / ACRE,66.0,66.0,66.0,94.0,94.0,77.0
2005,LAMAR,57.1,BU / ACRE,47.0,47.0,94.0,89.0,89.0,60.0
2004,LAMAR,78.4,BU / ACRE,50.0,50.0,92.0,91.0,91.0,74.0
2003,LAMAR,72.2,BU / ACRE,48.0,48.0,91.0,84.0,29.0,59.0
2002,LAMAR,85.6,BU / ACRE,46.0,46.0,46.0,93.0,35.0,61.0
2001,LAMAR,85.2,BU / ACRE,42.0,42.0,42.0,92.0,92.0,67.0
2000,LAMAR,80.0,BU / ACRE,46.0,46.0,46.0,95.0,95.0,70.0
2015,LIMESTONE,45.4,BU / ACRE,57.0,57.0,100.0,95.0,11.0,73.0
2014,LIMESTONE,84.1,BU / ACRE,67.0,67.0,100.0,97.0,97.0,83.0
2013,LIMESTONE,48.6,BU / ACRE,64.0,64.0,64.0,98.0,40.0,77.0
2012,LIMESTONE,100.0,BU / ACRE,65.0,65.0,65.0,94.0,94.0,90.0
2011,LIMESTONE,37.1,BU / ACRE,55.0,55.0,95.0,92.0,92.0,74.0
2010,LIMESTONE,63.8,BU / ACRE,56.0,56.0,98.0,95.0,95.0,77.0
2007,LIMESTONE,70.0,BU / ACRE,62.0,62.0,98.0,94.0,94.0,72.0
2006,LIMESTONE,30.0,BU / ACRE,66.0,66.0,66.0,94.0,94.0,77.0
2005,LIMESTONE,61.3,BU / ACRE,47.0,47.0,94.0,89.0,89.0,60.0
2003,LIMESTONE,89.4,BU / ACRE,48.0,48.0,91.0,84.0,29.0,59.0
2002,LIMESTONE,76.5,BU / ACRE,46.0,46.0,46.0,93.0,35.0,61.0
2001,LIMESTONE,47.4,BU / ACRE,42.0,42.0,42.0,92.0,92.0,67.0
2000,LIMESTONE,82.7,BU / ACRE,46.0,46.0,46.0,95.0,95.0,70.0
2023,MCLENNAN,47.8,BU / ACRE,69.0,69.0,100.0,98.0,38.0,83.0
2022,MCLENNAN,75.1,BU / ACRE,63.0,2.0,100.0,99.0,39.0,81.0
2021,MCLENNAN,40.8,BU / ACRE,65.0,4.0,4.0,100.0,45.0,82.0
2020,MCLENNAN,66.7,BU / ACRE,67.0,67.0,67.0,98.0,45.0,87.0
2019,MCLENNAN,57.6,BU / ACRE,65.0,65.0,100.0,100.0,43.0,80.0
2018,MCLENNAN,43.5,BU / ACRE,81.0,81.0,81.0,100.0,32.0,92.0
2017,MCLENNAN,64.0,BU / ACRE,72.0,72.0,72.0,100.0,39.0,87.0
2016,MCLENNAN,46.1,BU / ACRE,50.0,50.0,50.0,96.0,31.0,73.0
2013,MCLENNAN,51.0,BU / ACRE,64.0,64.0,64.0,98.0,40.0,77.0
2012,MCLENNAN,73.4,BU / ACRE,65.0,65.0,65.0,94.0,94.0,90.0
2011,MCLENNAN,42.0,BU / ACRE,55.0,55.0,95.0,92.0,92.0,74.0
2010,MCLENNAN,58.9,BU / ACRE,56.0,56.0,98.0,95.0,95.0,77.0
2009,MCLENNAN,43.0,BU / ACRE,61.0,61.0,97.0,95.0,95.0,80.0
2008,MCLENNAN,55.0,BU / ACRE,65.0,65.0,97.0,95.0,95.0,72.0
2007,MCLENNAN,63.0,BU / ACRE,62.0,62.0,98.0,94.0,94.0,72.0
2006,MCLENNAN,52.0,BU / ACRE,66.0,66.0,66.0,94.0,94.0,77.0
2005,MCLENNAN,63.6,BU / ACRE,47.0,47.0,94.0,89.0,89.0,60.0
2004,MCLENNAN,78.1,BU / ACRE,50.0,50.0,92.0,91.0,91.0,74.0
2003,MCLENNAN,75.4,BU / ACRE,48.0,48.0,91.0,84.0,29.0,59.0
2002,MCLENNAN,56.6,BU / ACRE,46.0,46.0,46.0,93.0,35.0,61.0
2001,MCLENNAN,64.0,BU / ACRE,42.0,42.0,42.0,92.0,92.0,67.0
2000,MCLENNAN,101.4,BU / ACRE,46.0,46.0,46.0,95.0,95.0,70.0
2023,MILAM,69.2,BU / ACRE,69.0,69.0,100.0,98.0,38.0,83.0
2022,MILAM,88.6,BU / ACRE,63.0,2.0,100.0,99.0,39.0,81.0
2021,MILAM,71.2,BU / ACRE,65.0,4.0,4.0,100.0,45.0,82.0
2020,MILAM,88.2,BU / ACRE,67.0,67.0,67.0,98.0,45.0,87.0
2019,MILAM,75.8,BU / ACRE,65.0,65.0,100.0,100.0,43.0,80.0
2018,MILAM,60.3,BU / ACRE,81.0,81.0,81.0,100.0,32.0,92.0
2017,MILAM,71.8,BU / ACRE,72.0,72.0,72.0,100.0,39.0,87.0
2016,MILAM,60.0,BU / ACRE,50.0,50.0,50.0,96.0,31.0,73.0
2015,MILAM,54.1,BU / ACRE,57.0,57.0,100.0,95.0,11.0,73.0
2014,MILAM,88.3,BU / ACRE,67.0,67.0,100.0,97.0,97.0,83.0
2013,MILAM,68.6,BU / ACRE,64.0,64.0,64.0,98.0,40.0,77.0
2012,MILAM,85.8,BU / ACRE,65.0,65.0,65.0,94.0,94.0,90.0
2011,MILAM,30.1,BU / ACRE,55.0,55.0,95.0,92.0,92.0,74.0
2010,MILAM,82.6,BU / ACRE,56.0,56.0,98.0,95.0,95.0,77.0
2009,MILAM,41.0,BU / ACRE,61.0,61.0,97.0,95.0,95.0,80.0
2008,MILAM,74.0,BU / ACRE,65.0,65.0,97.0,95.0,95.0,72.0
2007,MILAM,37.0,BU / ACRE,62.0,62.0,98.0,94.0,94.0,72.0
2006,MILAM,56.0,BU / ACRE,66.0,66.0,66.0,94.0,94.0,77.0
2005,MILAM,42.2,BU / ACRE,47.0,47.0,94.0,89.0,89.0,60.0
2004,MILAM,62.2,BU / ACRE,50.0,50.0,92.0,91.0,91.0,74.0
2003,MILAM,52.5,BU / ACRE,48.0,48.0,91.0,84.0,29.0,59.0
2002,MILAM,70.4,BU / ACRE,46.0,46.0,46.0,93.0,35.0,61.0
2001,MILAM,97.4,BU / ACRE,42.0,42.0,42.0,92.0,92.0,67.0
2000,MILAM,100.0,BU / ACRE,46.0,46.0,46.0,95.0,95.0,70.0
2020,NAVARRO,76.3,BU / ACRE,67.0,67.0,67.0,98.0,45.0,87.0
2019,NAVARRO,43.5,BU / ACRE,65.0,65.0,100.0,100.0,43.0,80.0
2017,NAVARRO,90.7,BU / ACRE,72.0,72.0,72.0,100.0,39.0,87.0
2016,NAVARRO,49.3,BU / ACRE,50.0,50.0,50.0,96.0,31.0,73.0
2014,NAVARRO,75.1,BU / ACRE,67.0,67.0,100.0,97.0,97.0,83.0
2013,NAVARRO,66.7,BU / ACRE,64.0,64.0,64.0,98.0,40.0,77.0
2012,NAVARRO,73.6,BU / ACRE,65.0,65.0,65.0,94.0,94.0,90.0
2011,NAVARRO,50.0,BU / ACRE,55.0,55.0,95.0,92.0,92.0,74.0
2010,NAVARRO,66.0,BU / ACRE,56.0,56.0,98.0,95.0,95.0,77.0
2009,NAVARRO,55.0,BU / ACRE,61.0,61.0,97.0,95.0,95.0,80.0
2008,NAVARRO,53.0,BU / ACRE,65.0,65.0,97.0,95.0,95.0,72.0
2007,NAVARRO,58.0,BU / ACRE,62.0,62.0,98.0,94.0,94.0,72.0
2006,NAVARRO,43.0,BU / ACRE,66.0,66.0,66.0,94.0,94.0,77.0
2005,NAVARRO,57.0,BU / ACRE,47.0,47.0,94.0,89.0,89.0,60.0
2004,NAVARRO,71.7,BU / ACRE,50.0,50.0,92.0,91.0,91.0,74.0
2003,NAVARRO,71.7,BU / ACRE,48.0,48.0,91.0,84.0,29.0,59.0
2002,NAVARRO,86.3,BU / ACRE,46.0,46.0,46.0,93.0,35.0,61.0
2001,NAVARRO,65.2,BU / ACRE,42.0,42.0,42.0,92.0,92.0,67.0
2000,NAVARRO,70.6,BU / ACRE,46.0,46.0,46.0,95.0,95.0,70.0
2007,ROCKWALL,73.0,BU / ACRE,62.0,62.0,98.0,94.0,94.0,72.0
2006,ROCKWALL,66.0,BU / ACRE,66.0,66.0,66.0,94.0,94.0,77.0
2005,ROCKWALL,75.0,BU / ACRE,47.0,47.0,94.0,89.0,89.0,60.0
2004,ROCKWALL,99.4,BU / ACRE,50.0,50.0,92.0,91.0,91.0,74.0
2003,ROCKWALL,89.4,BU / ACRE,48.0,48.0,91.0,84.0,29.0,59.0
2002,ROCKWALL,67.5,BU / ACRE,46.0,46.0,46.0,93.0,35.0,61.0
2001,ROCKWALL,71.8,BU / ACRE,42.0,42.0,42.0,92.0,92.0,67.0
2000,ROCKWALL,85.8,BU / ACRE,46.0,46.0,46.0,95.0,95.0,70.0
2005,TARRANT,51.3,BU / ACRE,47.0,47.0,94.0,89.0,89.0,60.0
2004,TARRANT,72.7,BU / ACRE,50.0,50.0,92.0,91.0,91.0,74.0
2003,TARRANT,89.3,BU / ACRE,48.0,48.0,91.0,84.0,29.0,59.0
2002,TARRANT,69.5,BU / ACRE,46.0,46.0,46.0,93.0,35.0,61.0
2001,TARRANT,76.2,BU / ACRE,42.0,42.0,42.0,92.0,92.0,67.0
2000,TARRANT,95.3,BU / ACRE,46.0,46.0,46.0,95.0,95.0,70.0
2022,WILLIAMSON,47.5,BU / ACRE,63.0,2.0,100.0,99.0,39.0,81.0
2021,WILLIAMSON,66.9,BU / ACRE,65.0,4.0,4.0,100.0,45.0,82.0
2020,WILLIAMSON,58.2,BU / ACRE,67.0,67.0,67.0,98.0,45.0,87.0
2019,WILLIAMSON,53.4,BU / ACRE,65.0,65.0,100.0,100.0,43.0,80.0
2018,WILLIAMSON,33.6,BU / ACRE,81.0,81.0,81.0,100.0,32.0,92.0
2017,WILLIAMSON,66.3,BU / ACRE,72.0,72.0,72.0,100.0,39.0,87.0
2016,WILLIAMSON,56.4,BU / ACRE,50.0,50.0,50.0,96.0,31.0,73.0
2015,WILLIAMSON,46.3,BU / ACRE,57.0,57.0,100.0,95.0,11.0,73.0
2014,WILLIAMSON,82.3,BU / ACRE,67.0,67.0,100.0,97.0,97.0,83.0
2013,WILLIAMSON,63.5,BU / ACRE,64.0,64.0,64.0,98.0,40.0,77.0
2012,WILLIAMSON,73.8,BU / ACRE,65.0,65.0,65.0,94.0,94.0,90.0
2009,WILLIAMSON,46.0,BU / ACRE,61.0,61.0,97.0,95.0,95.0,80.0
2008,WILLIAMSON,69.0,BU / ACRE,65.0,65.0,97.0,95.0,95.0,72.0
2007,WILLIAMSON,59.0,BU / ACRE,62.0,62.0,98.0,94.0,94.0,72.0
2006,WILLIAMSON,60.0,BU / ACRE,66.0,66.0,66.0,94.0,94.0,77.0
2005,WILLIAMSON,69.6,BU / ACRE,47.0,47.0,94.0,89.0,89.0,60.0
2004,WILLIAMSON,80.2,BU / ACRE,50.0,50.0,92.0,91.0,91.0,74.0
2003,WILLIAMSON,67.2,BU / ACRE,48.0,48.0,91.0,84.0,29.0,59.0
2002,WILLIAMSON,61.7,BU / ACRE,46.0,46.0,46.0,93.0,35.0,61.0
2001,WILLIAMSON,55.4,BU / ACRE,42.0,42.0,42.0,92.0,92.0,67.0
2000,WILLIAMSON,88.9,BU / ACRE,46.0,46.0,46.0,95.0,95.0,70.0
2013,OTHER (COMBINED) COUNTIES,69.7,BU / ACRE,64.0,64.0,64.0,98.0,40.0,77.0
2012,OTHER (COMBINED) COUNTIES,59.2,BU / ACRE,65.0,65.0,65.0,94.0,94.0,90.0
2007,OTHER (COMBINED) COUNTIES,67.0,BU / ACRE,62.0,62.0,98.0,94.0,94.0,72.0
2006,OTHER (COMBINED) COUNTIES,40.0,BU / ACRE,66.0,66.0,66.0,94.0,94.0,77.0
2005,OTHER (COMBINED) COUNTIES,55.6,BU / ACRE,47.0,47.0,94.0,89.0,89.0,60.0
2004,OTHER (COMBINED) COUNTIES,35.9,BU / ACRE,50.0,50.0,92.0,91.0,91.0,74.0
2003,OTHER (COMBINED) COUNTIES,65.2,BU / ACRE,48.0,48.0,91.0,84.0,29.0,59.0
2002,OTHER (COMBINED) COUNTIES,60.8,BU / ACRE,46.0,46.0,46.0,93.0,35.0,61.0
2001,OTHER (COMBINED) COUNTIES,71.3,BU / ACRE,42.0,42.0,42.0,92.0,92.0,67.0
2000,OTHER (COMBINED) COUNTIES,60.7,BU / ACRE,46.0,46.0,46.0,95.0,95.0,70.0
2002,ANDERSON,69.0,BU / ACRE,46.0,46.0,46.0,93.0,35.0,61.0
2001,ANDERSON,45.4,BU / ACRE,42.0,42.0,42.0,92.0,92.0,67.0
2000,ANDERSON,64.7,BU / ACRE,46.0,46.0,46.0,95.0,95.0,70.0
2001,BOWIE,89.2,BU / ACRE,42.0,42.0,42.0,92.0,92.0,67.0
2000,BOWIE,52.5,BU / ACRE,46.0,46.0,46.0,95.0,95.0,70.0
2003,HOPKINS,62.0,BU / ACRE,48.0,48.0,91.0,84.0,29.0,59.0
2000,HOPKINS,63.3,BU / ACRE,46.0,46.0,46.0,95.0,95.0,70.0
2003,RED RIVER,61.3,BU / ACRE,48.0,48.0,91.0,84.0,29.0,59.0
2000,RED RIVER,68.5,BU / ACRE,46.0,46.0,46.0,95.0,95.0,70.0
2017,OTHER (COMBINED) COUNTIES,101.9,BU / ACRE,72.0,72.0,72.0,100.0,39.0,87.0
2016,OTHER (COMBINED) COUNTIES,73.2,BU / ACRE,50.0,50.0,50.0,96.0,31.0,73.0
2015,OTHER (COMBINED) COUNTIES,68.4,BU / ACRE,57.0,57.0,100.0,95.0,11.0,73.0
2014,OTHER (COMBINED) COUNTIES,64.0,BU / ACRE,67.0,67.0,100.0,97.0,97.0,83.0
2013,OTHER (COMBINED) COUNTIES,69.3,BU / ACRE,64.0,64.0,64.0,98.0,40.0,77.0
2012,OTHER (COMBINED) COUNTIES,72.7,BU / ACRE,65.0,65.0,65.0,94.0,94.0,90.0
2010,OTHER (COMBINED) COUNTIES,50.0,BU / ACRE,56.0,56.0,98.0,95.0,95.0,77.0
2009,OTHER (COMBINED) COUNTIES,46.0,BU / ACRE,61.0,61.0,97.0,95.0,95.0,80.0
2007,OTHER (COMBINED) COUNTIES,55.0,BU / ACRE,62.0,62.0,98.0,94.0,94.0,72.0
2006,OTHER (COMBINED) COUNTIES,35.0,BU / ACRE,66.0,66.0,66.0,94.0,94.0,77.0
2005,OTHER (COMBINED) COUNTIES,83.1,BU / ACRE,47.0,47.0,94.0,89.0,89.0,60.0
2004,OTHER (COMBINED) COUNTIES,79.1,BU / ACRE,50.0,50.0,92.0,91.0,91.0,74.0
2003,OTHER (COMBINED) COUNTIES,76.5,BU / ACRE,48.0,48.0,91.0,84.0,29.0,59.0
2002,OTHER (COMBINED) COUNTIES,67.9,BU / ACRE,46.0,46.0,46.0,93.0,35.0,61.0
2001,OTHER (COMBINED) COUNTIES,67.7,BU / ACRE,42.0,42.0,42.0,92.0,92.0,67.0
2021,BRAZOS,84.5,BU / ACRE,65.0,4.0,4.0,100.0,45.0,82.0
2004,BRAZOS,78.4,BU / ACRE,50.0,50.0,92.0,91.0,91.0,74.0
2003,BRAZOS,90.3,BU / ACRE,48.0,48.0,91.0,84.0,29.0,59.0
2002,BRAZOS,75.9,BU / ACRE,46.0,46.0,46.0,93.0,35.0,61.0
2001,BRAZOS,78.8,BU / ACRE,42.0,42.0,42.0,92.0,92.0,67.0
2000,BRAZOS,65.5,BU / ACRE,46.0,46.0,46.0,95.0,95.0,70.0
2004,GRIMES,78.9,BU / ACRE,50.0,50.0,92.0,91.0,91.0,74.0
2006,HARDIN,30.0,BU / ACRE,66.0,66.0,66.0,94.0,94.0,77.0
2001,HARDIN,57.5,BU / ACRE,42.0,42.0,42.0,92.0,92.0,67.0
2000,HARDIN,47.3,BU / ACRE,46.0,46.0,46.0,95.0,95.0,70.0
2022,ROBERTSON,64.2,BU / ACRE,63.0,2.0,100.0,99.0,39.0,81.0
2017,ROBERTSON,107.0,BU / ACRE,72.0,72.0,72.0,100.0,39.0,87.0
2014,ROBERTSON,84.1,BU / ACRE,67.0,67.0,100.0,97.0,97.0,83.0
2013,ROBERTSON,77.3,BU / ACRE,64.0,64.0,64.0,98.0,40.0,77.0
2009,ROBERTSON,49.0,BU / ACRE,61.0,61.0,97.0,95.0,95.0,80.0
2007,ROBERTSON,62.0,BU / ACRE,62.0,62.0,98.0,94.0,94.0,72.0
2006,ROBERTSON,49.0,BU / ACRE,66.0,66.0,66.0,94.0,94.0,77.0
2005,ROBERTSON,94.5,BU / ACRE,47.0,47.0,94.0,89.0,89.0,60.0
2004,ROBERTSON,78.5,BU / ACRE,50.0,50.0,92.0,91.0,91.0,74.0
2003,ROBERTSON,75.2,BU / ACRE,48.0,48.0,91.0,84.0,29.0,59.0
2002,ROBERTSON,68.8,BU / ACRE,46.0,46.0,46.0,93.0,35.0,61.0
2001,ROBERTSON,65.3,BU / ACRE,42.0,42.0,42.0,92.0,92.0,67.0
2000,ROBERTSON,68.2,BU / ACRE,46.0,46.0,46.0,95.0,95.0,70.0
2003,WALKER,92.5,BU / ACRE,48.0,48.0,91.0,84.0,29.0,59.0
2001,WALKER,57.1,BU / ACRE,42.0,42.0,42.0,92.0,92.0,67.0
2000,WALKER,53.3,BU / ACRE,46.0,46.0,46.0,95.0,95.0,70.0
2000,WALLER,65.6,BU / ACRE,46.0,46.0,46.0,95.0,95.0,70.0
2015,OTHER (COMBINED) COUNTIES,52.6,BU / ACRE,57.0,57.0,100.0,95.0,11.0,73.0
2007,OTHER (COMBINED) COUNTIES,55.0,BU / ACRE,62.0,62.0,98.0,94.0,94.0,72.0
2006,OTHER (COMBINED) COUNTIES,60.0,BU / ACRE,66.0,66.0,66.0,94.0,94.0,77.0
2005,OTHER (COMBINED) COUNTIES,52.0,BU / ACRE,47.0,47.0,94.0,89.0,89.0,60.0
2004,OTHER (COMBINED) COUNTIES,74.0,BU / ACRE,50.0,50.0,92.0,91.0,91.0,74.0
2003,OTHER (COMBINED) COUNTIES,61.1,BU / ACRE,48.0,48.0,91.0,84.0,29.0,59.0
2002,OTHER (COMBINED) COUNTIES,72.5,BU / ACRE,46.0,46.0,46.0,93.0,35.0,61.0
2001,OTHER (COMBINED) COUNTIES,55.9,BU / ACRE,42.0,42.0,42.0,92.0,92.0,67.0
2000,OTHER (COMBINED) COUNTIES,54.3,BU / ACRE,46.0,46.0,46.0,95.0,95.0,70.0
2000,EL PASO,66.3,BU / ACRE,46.0,46.0,46.0,95.0,95.0,70.0
2001,HUDSPETH,31.3,BU / ACRE,42.0,42.0,42.0,92.0,92.0,67.0
2007,PECOS,48.0,BU / ACRE,62.0,62.0,98.0,94.0,94.0,72.0
2000,PECOS,51.3,BU / ACRE,46.0,46.0,46.0,95.0,95.0,70.0
2006,REEVES,80.0,BU / ACRE,66.0,66.0,66.0,94.0,94.0,77.0
2005,REEVES,0.0,BU / ACRE,47.0,47.0,94.0,89.0,89.0,60.0
2003,REEVES,60.0,BU / ACRE,48.0,48.0,91.0,84.0,29.0,59.0
2000,REEVES,54.3,BU / ACRE,46.0,46.0,46.0,95.0,95.0,70.0
2019,OTHER (COMBINED) COUNTIES,64.4,BU / ACRE,65.0,65.0,100.0,100.0,43.0,80.0
2018,OTHER (COMBINED) COUNTIES,19.3,BU / ACRE,81.0,81.0,81.0,100.0,32.0,92.0
2017,OTHER (COMBINED) COUNTIES,34.1,BU / ACRE,72.0,72.0,72.0,100.0,39.0,87.0
2016,OTHER (COMBINED) COUNTIES,59.6,BU / ACRE,50.0,50.0,50.0,96.0,31.0,73.0
2015,OTHER (COMBINED) COUNTIES,43.8,BU / ACRE,57.0,57.0,100.0,95.0,11.0,73.0
2014,OTHER (COMBINED) COUNTIES,43.8,BU / ACRE,67.0,67.0,100.0,97.0,97.0,83.0
2013,OTHER (COMBINED) COUNTIES,35.2,BU / ACRE,64.0,64.0,64.0,98.0,40.0,77.0
2012,OTHER (COMBINED) COUNTIES,39.7,BU / ACRE,65.0,65.0,65.0,94.0,94.0,90.0
2011,OTHER (COMBINED) COUNTIES,32.9,BU / ACRE,55.0,55.0,95.0,92.0,92.0,74.0
2010,OTHER (COMBINED) COUNTIES,37.7,BU / ACRE,56.0,56.0,98.0,95.0,95.0,77.0
2009,OTHER (COMBINED) COUNTIES,26.0,BU / ACRE,61.0,61.0,97.0,95.0,95.0,80.0
2008,OTHER (COMBINED) COUNTIES,27.0,BU / ACRE,65.0,65.0,97.0,95.0,95.0,72.0
2007,OTHER (COMBINED) COUNTIES,84.0,BU / ACRE,62.0,62.0,98.0,94.0,94.0,72.0
2006,OTHER (COMBINED) COUNTIES,32.0,BU / ACRE,66.0,66.0,66.0,94.0,94.0,77.0
2005,OTHER (COMBINED) COUNTIES,44.2,BU / ACRE,47.0,47.0,94.0,89.0,89.0,60.0
2004,OTHER (COMBINED) COUNTIES,51.2,BU / ACRE,50.0,50.0,92.0,91.0,91.0,74.0
2003,OTHER (COMBINED) COUNTIES,45.8,BU / ACRE,48.0,48.0,91.0,84.0,29.0,59.0
2002,OTHER (COMBINED) COUNTIES,51.1,BU / ACRE,46.0,46.0,46.0,93.0,35.0,61.0
2001,OTHER (COMBINED) COUNTIES,50.0,BU / ACRE,42.0,42.0,42.0,92.0,92.0,67.0
2000,OTHER (COMBINED) COUNTIES,43.6,BU / ACRE,46.0,46.0,46.0,95.0,95.0,70.0
2019,COKE,19.8,BU / ACRE,65.0,65.0,100.0,100.0,43.0,80.0
2007,COKE,45.0,BU / ACRE,62.0,62.0,98.0,94.0,94.0,72.0
2005,COKE,50.0,BU / ACRE,47.0,47.0,94.0,89.0,89.0,60.0
2003,COKE,41.4,BU / ACRE,48.0,48.0,91.0,84.0,29.0,59.0
2001,COKE,40.0,BU / ACRE,42.0,42.0,42.0,92.0,92.0,67.0
2000,COKE,54.0,BU / ACRE,46.0,46.0,46.0,95.0,95.0,70.0
2025,CONCHO,26.7,BU / ACRE,67.0,67.0,100.0,100.0,46.0,81.0
2023,CONCHO,20.0,BU / ACRE,69.0,69.0,100.0,98.0,38.0,83.0
2021,CONCHO,46.6,BU / ACRE,65.0,4.0,4.0,100.0,45.0,82.0
2020,CONCHO,43.1,BU / ACRE,67.0,67.0,67.0,98.0,45.0,87.0
2019,CONCHO,58.8,BU / ACRE,65.0,65.0,100.0,100.0,43.0,80.0
2018,CONCHO,36.2,BU / ACRE,81.0,81.0,81.0,100.0,32.0,92.0
2017,CONCHO,50.4,BU / ACRE,72.0,72.0,72.0,100.0,39.0,87.0
2016,CONCHO,46.7,BU / ACRE,50.0,50.0,50.0,96.0,31.0,73.0
2014,CONCHO,38.4,BU / ACRE,67.0,67.0,100.0,97.0,97.0,83.0
2013,CONCHO,40.9,BU / ACRE,64.0,64.0,64.0,98.0,40.0,77.0
2012,CONCHO,34.0,BU / ACRE,65.0,65.0,65.0,94.0,94.0,90.0
2010,CONCHO,42.6,BU / ACRE,56.0,56.0,98.0,95.0,95.0,77.0
2009,CONCHO,15.0,BU / ACRE,61.0,61.0,97.0,95.0,95.0,80.0
2008,CONCHO,19.0,BU / ACRE,65.0,65.0,97.0,95.0,95.0,72.0
2007,CONCHO,57.0,BU / ACRE,62.0,62.0,98.0,94.0,94.0,72.0
2006,CONCHO,16.0,BU / ACRE,66.0,66.0,66.0,94.0,94.0,77.0
2005,CONCHO,42.3,BU / ACRE,47.0,47.0,94.0,89.0,89.0,60.0
2004,CONCHO,40.6,BU / ACRE,50.0,50.0,92.0,91.0,91.0,74.0
2003,CONCHO,37.5,BU / ACRE,48.0,48.0,91.0,84.0,29.0,59.0
2002,CONCHO,41.2,BU / ACRE,46.0,46.0,46.0,93.0,35.0,61.0
2001,CONCHO,24.8,BU / ACRE,42.0,42.0,42.0,92.0,92.0,67.0
2000,CONCHO,34.5,BU / ACRE,46.0,46.0,46.0,95.0,95.0,70.0
2021,GILLESPIE,39.4,BU / ACRE,65.0,4.0,4.0,100.0,45.0,82.0
2020,GILLESPIE,57.5,BU / ACRE,67.0,67.0,67.0,98.0,45.0,87.0
2019,GILLESPIE,62.9,BU / ACRE,65.0,65.0,100.0,100.0,43.0,80.0
2018,GILLESPIE,43.3,BU / ACRE,81.0,81.0,81.0,100.0,32.0,92.0
2017,GILLESPIE,61.0,BU / ACRE,72.0,72.0,72.0,100.0,39.0,87.0
2014,GILLESPIE,44.8,BU / ACRE,67.0,67.0,100.0,97.0,97.0,83.0
2013,GILLESPIE,46.9,BU / ACRE,64.0,64.0,64.0,98.0,40.0,77.0
2012,GILLESPIE,45.5,BU / ACRE,65.0,65.0,65.0,94.0,94.0,90.0
2010,GILLESPIE,60.0,BU / ACRE,56.0,56.0,98.0,95.0,95.0,77.0
2007,GILLESPIE,53.0,BU / ACRE,62.0,62.0,98.0,94.0,94.0,72.0
2005,GILLESPIE,47.3,BU / ACRE,47.0,47.0,94.0,89.0,89.0,60.0
2004,GILLESPIE,59.4,BU / ACRE,50.0,50.0,92.0,91.0,91.0,74.0
2003,GILLESPIE,31.8,BU / ACRE,48.0,48.0,91.0,84.0,29.0,59.0
2002,GILLESPIE,39.3,BU / ACRE,46.0,46.0,46.0,93.0,35.0,61.0
2001,GILLESPIE,42.0,BU / ACRE,42.0,42.0,42.0,92.0,92.0,67.0
2000,GILLESPIE,68.4,BU / ACRE,46.0,46.0,46.0,95.0,95.0,70.0
2000,LAMPASAS,53.3,BU / ACRE,46.0,46.0,46.0,95.0,95.0,70.0
2019,MCCULLOCH,65.4,BU / ACRE,65.0,65.0,100.0,100.0,43.0,80.0
2017,MCCULLOCH,59.0,BU / ACRE,72.0,72.0,72.0,100.0,39.0,87.0
2010,MCCULLOCH,40.6,BU / ACRE,56.0,56.0,98.0,95.0,95.0,77.0
2009,MCCULLOCH,32.0,BU / ACRE,61.0,61.0,97.0,95.0,95.0,80.0
2007,MCCULLOCH,41.0,BU / ACRE,62.0,62.0,98.0,94.0,94.0,72.0
2005,MCCULLOCH,43.2,BU / ACRE,47.0,47.0,94.0,89.0,89.0,60.0
2004,MCCULLOCH,47.5,BU / ACRE,50.0,50.0,92.0,91.0,91.0,74.0
2002,MCCULLOCH,38.9,BU / ACRE,46.0,46.0,46.0,93.0,35.0,61.0
2001,MCCULLOCH,33.8,BU / ACRE,42.0,42.0,42.0,92.0,92.0,67.0
2000,MCCULLOCH,52.0,BU / ACRE,46.0,46.0,46.0,95.0,95.0,70.0
2014,REAGAN,34.5,BU / ACRE,67.0,67.0,100.0,97.0,97.0,83.0
2012,REAGAN,57.5,BU / ACRE,65.0,65.0,65.0,94.0,94.0,90.0
2007,REAGAN,33.0,BU / ACRE,62.0,62.0,98.0,94.0,94.0,72.0
2004,REAGAN,19.4,BU / ACRE,50.0,50.0,92.0,91.0,91.0,74.0
2003,REAGAN,37.1,BU / ACRE,48.0,48.0,91.0,84.0,29.0,59.0
2002,REAGAN,70.0,BU / ACRE,46.0,46.0,46.0,93.0,35.0,61.0
2001,REAGAN,40.0,BU / ACRE,42.0,42.0,42.0,92.0,92.0,67.0
2000,REAGAN,32.7,BU / ACRE,46.0,46.0,46.0,95.0,95.0,70.0
2001,SAN SABA,64.3,BU / ACRE,42.0,42.0,42.0,92.0,92.0,67.0
2021,SCHLEICHER,48.0,BU / ACRE,65.0,4.0,4.0,100.0,45.0,82.0
2019,SCHLEICHER,28.4,BU / ACRE,65.0,65.0,100.0,100.0,43.0,80.0
2018,SCHLEICHER,29.6,BU / ACRE,81.0,81.0,81.0,100.0,32.0,92.0
2017,SCHLEICHER,45.0,BU / ACRE,72.0,72.0,72.0,100.0,39.0,87.0
2016,SCHLEICHER,53.3,BU / ACRE,50.0,50.0,50.0,96.0,31.0,73.0
2015,SCHLEICHER,43.9,BU / ACRE,57.0,57.0,100.0,95.0,11.0,73.0
2009,SCHLEICHER,37.0,BU / ACRE,61.0,61.0,97.0,95.0,95.0,80.0
2007,SCHLEICHER,53.0,BU / ACRE,62.0,62.0,98.0,94.0,94.0,72.0
2005,SCHLEICHER,36.7,BU / ACRE,47.0,47.0,94.0,89.0,89.0,60.0
2004,SCHLEICHER,46.9,BU / ACRE,50.0,50.0,92.0,91.0,91.0,74.0
2003,SCHLEICHER,31.3,BU / ACRE,48.0,48.0,91.0,84.0,29.0,59.0
2002,SCHLEICHER,16.0,BU / ACRE,46.0,46.0,46.0,93.0,35.0,61.0
2001,SCHLEICHER,45.6,BU / ACRE,42.0,42.0,42.0,92.0,92.0,67.0
2000,SCHLEICHER,52.3,BU / ACRE,46.0,46.0,46.0,95.0,95.0,70.0
2000,STERLING,54.0,BU / ACRE,46.0,46.0,46.0,95.0,95.0,70.0
2023,TOM GREEN,32.0,BU / ACRE,69.0,69.0,100.0,98.0,38.0,83.0
2022,TOM GREEN,52.2,BU / ACRE,63.0,2.0,100.0,99.0,39.0,81.0
2021,TOM GREEN,43.4,BU / ACRE,65.0,4.0,4.0,100.0,45.0,82.0
2020,TOM GREEN,25.1,BU / ACRE,67.0,67.0,67.0,98.0,45.0,87.0
2019,TOM GREEN,49.8,BU / ACRE,65.0,65.0,100.0,100.0,43.0,80.0
2018,TOM GREEN,41.3,BU / ACRE,81.0,81.0,81.0,100.0,32.0,92.0
2017,TOM GREEN,44.8,BU / ACRE,72.0,72.0,72.0,100.0,39.0,87.0
2016,TOM GREEN,55.0,BU / ACRE,50.0,50.0,50.0,96.0,31.0,73.0
2015,TOM GREEN,52.2,BU / ACRE,57.0,57.0,100.0,95.0,11.0,73.0
2014,TOM GREEN,31.3,BU / ACRE,67.0,67.0,100.0,97.0,97.0,83.0
2013,TOM GREEN,39.8,BU / ACRE,64.0,64.0,64.0,98.0,40.0,77.0
2012,TOM GREEN,35.5,BU / ACRE,65.0,65.0,65.0,94.0,94.0,90.0
2010,TOM GREEN,40.1,BU / ACRE,56.0,56.0,98.0,95.0,95.0,77.0
2009,TOM GREEN,21.0,BU / ACRE,61.0,61.0,97.0,95.0,95.0,80.0
2008,TOM GREEN,27.0,BU / ACRE,65.0,65.0,97.0,95.0,95.0,72.0
2007,TOM GREEN,53.0,BU / ACRE,62.0,62.0,98.0,94.0,94.0,72.0
2006,TOM GREEN,23.0,BU / ACRE,66.0,66.0,66.0,94.0,94.0,77.0
2005,TOM GREEN,44.0,BU / ACRE,47.0,47.0,94.0,89.0,89.0,60.0
2004,TOM GREEN,42.1,BU / ACRE,50.0,50.0,92.0,91.0,91.0,74.0
2003,TOM GREEN,39.6,BU / ACRE,48.0,48.0,91.0,84.0,29.0,59.0
2002,TOM GREEN,34.6,BU / ACRE,46.0,46.0,46.0,93.0,35.0,61.0
2001,TOM GREEN,45.9,BU / ACRE,42.0,42.0,42.0,92.0,92.0,67.0
2000,TOM GREEN,73.1,BU / ACRE,46.0,46.0,46.0,95.0,95.0,70.0
2008,UPTON,27.0,BU / ACRE,65.0,65.0,97.0,95.0,95.0,72.0
2004,UPTON,43.0,BU / ACRE,50.0,50.0,92.0,91.0,91.0,74.0
2002,UPTON,37.8,BU / ACRE,46.0,46.0,46.0,93.0,35.0,61.0
2023,UVALDE,64.1,BU / ACRE,69.0,69.0,100.0,98.0,38.0,83.0
2022,UVALDE,42.5,BU / ACRE,63.0,2.0,100.0,99.0,39.0,81.0
2021,UVALDE,48.6,BU / ACRE,65.0,4.0,4.0,100.0,45.0,82.0
2020,UVALDE,70.2,BU / ACRE,67.0,67.0,67.0,98.0,45.0,87.0
2019,UVALDE,76.2,BU / ACRE,65.0,65.0,100.0,100.0,43.0,80.0
2018,UVALDE,53.2,BU / ACRE,81.0,81.0,81.0,100.0,32.0,92.0
2017,UVALDE,77.7,BU / ACRE,72.0,72.0,72.0,100.0,39.0,87.0
2016,UVALDE,81.2,BU / ACRE,50.0,50.0,50.0,96.0,31.0,73.0
2015,UVALDE,71.8,BU / ACRE,57.0,57.0,100.0,95.0,11.0,73.0
2014,UVALDE,37.3,BU / ACRE,67.0,67.0,100.0,97.0,97.0,83.0
2013,UVALDE,51.1,BU / ACRE,64.0,64.0,64.0,98.0,40.0,77.0
2012,UVALDE,48.7,BU / ACRE,65.0,65.0,65.0,94.0,94.0,90.0
2011,UVALDE,79.9,BU / ACRE,55.0,55.0,95.0,92.0,92.0,74.0
2010,UVALDE,67.9,BU / ACRE,56.0,56.0,98.0,95.0,95.0,77.0
2009,UVALDE,35.0,BU / ACRE,61.0,61.0,97.0,95.0,95.0,80.0
2008,UVALDE,60.0,BU / ACRE,65.0,65.0,97.0,95.0,95.0,72.0
2007,UVALDE,80.0,BU / ACRE,62.0,62.0,98.0,94.0,94.0,72.0
2006,UVALDE,84.0,BU / ACRE,66.0,66.0,66.0,94.0,94.0,77.0
2005,UVALDE,60.6,BU / ACRE,47.0,47.0,94.0,89.0,89.0,60.0
2004,UVALDE,67.2,BU / ACRE,50.0,50.0,92.0,91.0,91.0,74.0
2003,UVALDE,64.9,BU / ACRE,48.0,48.0,91.0,84.0,29.0,59.0
2002,UVALDE,74.3,BU / ACRE,46.0,46.0,46.0,93.0,35.0,61.0
2001,UVALDE,70.6,BU / ACRE,42.0,42.0,42.0,92.0,92.0,67.0
2000,UVALDE,68.9,BU / ACRE,46.0,46.0,46.0,95.0,95.0,70.0
2019,OTHER (COMBINED) COUNTIES,57.6,BU / ACRE,65.0,65.0,100.0,100.0,43.0,80.0
2018,OTHER (COMBINED) COUNTIES,60.4,BU / ACRE,81.0,81.0,81.0,100.0,32.0,92.0
2017,OTHER (COMBINED) COUNTIES,70.4,BU / ACRE,72.0,72.0,72.0,100.0,39.0,87.0
2016,OTHER (COMBINED) COUNTIES,71.9,BU / ACRE,50.0,50.0,50.0,96.0,31.0,73.0
2015,OTHER (COMBINED) COUNTIES,53.3,BU / ACRE,57.0,57.0,100.0,95.0,11.0,73.0
2014,OTHER (COMBINED) COUNTIES,65.3,BU / ACRE,67.0,67.0,100.0,97.0,97.0,83.0
2013,OTHER (COMBINED) COUNTIES,57.9,BU / ACRE,64.0,64.0,64.0,98.0,40.0,77.0
2012,OTHER (COMBINED) COUNTIES,52.6,BU / ACRE,65.0,65.0,65.0,94.0,94.0,90.0
2011,OTHER (COMBINED) COUNTIES,34.4,BU / ACRE,55.0,55.0,95.0,92.0,92.0,74.0
2010,OTHER (COMBINED) COUNTIES,70.8,BU / ACRE,56.0,56.0,98.0,95.0,95.0,77.0
2009,OTHER (COMBINED) COUNTIES,34.0,BU / ACRE,61.0,61.0,97.0,95.0,95.0,80.0
2008,OTHER (COMBINED) COUNTIES,56.0,BU / ACRE,65.0,65.0,97.0,95.0,95.0,72.0
2007,OTHER (COMBINED) COUNTIES,59.0,BU / ACRE,62.0,62.0,98.0,94.0,94.0,72.0
2006,OTHER (COMBINED) COUNTIES,40.0,BU / ACRE,66.0,66.0,66.0,94.0,94.0,77.0
2005,OTHER (COMBINED) COUNTIES,65.1,BU / ACRE,47.0,47.0,94.0,89.0,89.0,60.0
2004,OTHER (COMBINED) COUNTIES,77.0,BU / ACRE,50.0,50.0,92.0,91.0,91.0,74.0
2003,OTHER (COMBINED) COUNTIES,42.5,BU / ACRE,48.0,48.0,91.0,84.0,29.0,59.0
2002,OTHER (COMBINED) COUNTIES,44.5,BU / ACRE,46.0,46.0,46.0,93.0,35.0,61.0
2001,OTHER (COMBINED) COUNTIES,55.6,BU / ACRE,42.0,42.0,42.0,92.0,92.0,67.0
2000,OTHER (COMBINED) COUNTIES,73.3,BU / ACRE,46.0,46.0,46.0,95.0,95.0,70.0
2025,AUSTIN,56.7,BU / ACRE,67.0,67.0,100.0,100.0,46.0,81.0
2020,AUSTIN,67.3,BU / ACRE,67.0,67.0,67.0,98.0,45.0,87.0
2018,AUSTIN,66.4,BU / ACRE,81.0,81.0,81.0,100.0,32.0,92.0
2017,AUSTIN,64.8,BU / ACRE,72.0,72.0,72.0,100.0,39.0,87.0
2015,AUSTIN,61.5,BU / ACRE,57.0,57.0,100.0,95.0,11.0,73.0
2014,AUSTIN,64.1,BU / ACRE,67.0,67.0,100.0,97.0,97.0,83.0
2013,AUSTIN,75.0,BU / ACRE,64.0,64.0,64.0,98.0,40.0,77.0
2012,AUSTIN,62.3,BU / ACRE,65.0,65.0,65.0,94.0,94.0,90.0
2011,AUSTIN,50.8,BU / ACRE,55.0,55.0,95.0,92.0,92.0,74.0
2010,AUSTIN,88.5,BU / ACRE,56.0,56.0,98.0,95.0,95.0,77.0
2009,AUSTIN,50.0,BU / ACRE,61.0,61.0,97.0,95.0,95.0,80.0
2007,AUSTIN,59.0,BU / ACRE,62.0,62.0,98.0,94.0,94.0,72.0
2006,AUSTIN,107.0,BU / ACRE,66.0,66.0,66.0,94.0,94.0,77.0
2005,AUSTIN,71.3,BU / ACRE,47.0,47.0,94.0,89.0,89.0,60.0
2004,AUSTIN,73.0,BU / ACRE,50.0,50.0,92.0,91.0,91.0,74.0
2003,AUSTIN,42.3,BU / ACRE,48.0,48.0,91.0,84.0,29.0,59.0
2002,AUSTIN,85.7,BU / ACRE,46.0,46.0,46.0,93.0,35.0,61.0
2001,AUSTIN,68.2,BU / ACRE,42.0,42.0,42.0,92.0,92.0,67.0
2000,AUSTIN,79.4,BU / ACRE,46.0,46.0,46.0,95.0,95.0,70.0
2007,BASTROP,66.0,BU / ACRE,62.0,62.0,98.0,94.0,94.0,72.0
2005,BASTROP,63.6,BU / ACRE,47.0,47.0,94.0,89.0,89.0,60.0
2004,BASTROP,77.9,BU / ACRE,50.0,50.0,92.0,91.0,91.0,74.0
2003,BASTROP,42.7,BU / ACRE,48.0,48.0,91.0,84.0,29.0,59.0
2002,BASTROP,71.9,BU / ACRE,46.0,46.0,46.0,93.0,35.0,61.0
2001,BASTROP,57.1,BU / ACRE,42.0,42.0,42.0,92.0,92.0,67.0
2000,BASTROP,81.4,BU / ACRE,46.0,46.0,46.0,95.0,95.0,70.0
2025,BEE,43.2,BU / ACRE,67.0,67.0,100.0,100.0,46.0,81.0
2023,BEE,68.8,BU / ACRE,69.0,69.0,100.0,98.0,38.0,83.0
2020,BEE,51.8,BU / ACRE,67.0,67.0,67.0,98.0,45.0,87.0
2018,BEE,36.2,BU / ACRE,81.0,81.0,81.0,100.0,32.0,92.0
2017,BEE,59.3,BU / ACRE,72.0,72.0,72.0,100.0,39.0,87.0
2016,BEE,74.5,BU / ACRE,50.0,50.0,50.0,96.0,31.0,73.0
2015,BEE,78.2,BU / ACRE,57.0,57.0,100.0,95.0,11.0,73.0
2014,BEE,62.4,BU / ACRE,67.0,67.0,100.0,97.0,97.0,83.0
2013,BEE,55.0,BU / ACRE,64.0,64.0,64.0,98.0,40.0,77.0
2012,BEE,51.8,BU / ACRE,65.0,65.0,65.0,94.0,94.0,90.0
2011,BEE,49.2,BU / ACRE,55.0,55.0,95.0,92.0,92.0,74.0
2010,BEE,79.2,BU / ACRE,56.0,56.0,98.0,95.0,95.0,77.0
2009,BEE,35.0,BU / ACRE,61.0,61.0,97.0,95.0,95.0,80.0
2008,BEE,45.0,BU / ACRE,65.0,65.0,97.0,95.0,95.0,72.0
2007,BEE,74.0,BU / ACRE,62.0,62.0,98.0,94.0,94.0,72.0
2006,BEE,44.0,BU / ACRE,66.0,66.0,66.0,94.0,94.0,77.0
2005,BEE,71.3,BU / ACRE,47.0,47.0,94.0,89.0,89.0,60.0
2004,BEE,68.8,BU / ACRE,50.0,50.0,92.0,91.0,91.0,74.0
2003,BEE,45.9,BU / ACRE,48.0,48.0,91.0,84.0,29.0,59.0
2002,BEE,41.8,BU / ACRE,46.0,46.0,46.0,93.0,35.0,61.0
2001,BEE,53.8,BU / ACRE,42.0,42.0,42.0,92.0,92.0,67.0
2000,BEE,66.1,BU / ACRE,46.0,46.0,46.0,95.0,95.0,70.0
2023,BEXAR,63.0,BU / ACRE,69.0,69.0,100.0,98.0,38.0,83.0
2022,BEXAR,44.1,BU / ACRE,63.0,2.0,100.0,99.0,39.0,81.0
2021,BEXAR,52.2,BU / ACRE,65.0,4.0,4.0,100.0,45.0,82.0
2020,BEXAR,71.6,BU / ACRE,67.0,67.0,67.0,98.0,45.0,87.0
2019,BEXAR,74.6,BU / ACRE,65.0,65.0,100.0,100.0,43.0,80.0
2017,BEXAR,58.0,BU / ACRE,72.0,72.0,72.0,100.0,39.0,87.0
2016,BEXAR,71.2,BU / ACRE,50.0,50.0,50.0,96.0,31.0,73.0
2015,BEXAR,65.2,BU / ACRE,57.0,57.0,100.0,95.0,11.0,73.0
2014,BEXAR,60.0,BU / ACRE,67.0,67.0,100.0,97.0,97.0,83.0
2013,BEXAR,39.5,BU / ACRE,64.0,64.0,64.0,98.0,40.0,77.0
2012,BEXAR,38.5,BU / ACRE,65.0,65.0,65.0,94.0,94.0,90.0
2011,BEXAR,17.1,BU / ACRE,55.0,55.0,95.0,92.0,92.0,74.0
2010,BEXAR,56.2,BU / ACRE,56.0,56.0,98.0,95.0,95.0,77.0
2009,BEXAR,23.0,BU / ACRE,61.0,61.0,97.0,95.0,95.0,80.0
2008,BEXAR,26.0,BU / ACRE,65.0,65.0,97.0,95.0,95.0,72.0
2007,BEXAR,43.0,BU / ACRE,62.0,62.0,98.0,94.0,94.0,72.0
2006,BEXAR,17.0,BU / ACRE,66.0,66.0,66.0,94.0,94.0,77.0
2005,BEXAR,46.4,BU / ACRE,47.0,47.0,94.0,89.0,89.0,60.0
2004,BEXAR,58.5,BU / ACRE,50.0,50.0,92.0,91.0,91.0,74.0
2003,BEXAR,32.6,BU / ACRE,48.0,48.0,91.0,84.0,29.0,59.0
2002,BEXAR,43.7,BU / ACRE,46.0,46.0,46.0,93.0,35.0,61.0
2001,BEXAR,54.6,BU / ACRE,42.0,42.0,42.0,92.0,92.0,67.0
2000,BEXAR,75.6,BU / ACRE,46.0,46.0,46.0,95.0,95.0,70.0
2017,BURLESON,91.9,BU / ACRE,72.0,72.0,72.0,100.0,39.0,87.0
2014,BURLESON,88.4,BU / ACRE,67.0,67.0,100.0,97.0,97.0,83.0
2012,BURLESON,74.3,BU / ACRE,65.0,65.0,65.0,94.0,94.0,90.0
2011,BURLESON,19.0,BU / ACRE,55.0,55.0,95.0,92.0,92.0,74.0
2010,BURLESON,81.9,BU / ACRE,56.0,56.0,98.0,95.0,95.0,77.0
2009,BURLESON,56.0,BU / ACRE,61.0,61.0,97.0,95.0,95.0,80.0
2007,BURLESON,94.0,BU / ACRE,62.0,62.0,98.0,94.0,94.0,72.0
2006,BURLESON,65.0,BU / ACRE,66.0,66.0,66.0,94.0,94.0,77.0
2005,BURLESON,82.9,BU / ACRE,47.0,47.0,94.0,89.0,89.0,60.0
2004,BURLESON,72.6,BU / ACRE,50.0,50.0,92.0,91.0,91.0,74.0
2003,BURLESON,66.0,BU / ACRE,48.0,48.0,91.0,84.0,29.0,59.0
2002,BURLESON,61.2,BU / ACRE,46.0,46.0,46.0,93.0,35.0,61.0
2001,BURLESON,75.0,BU / ACRE,42.0,42.0,42.0,92.0,92.0,67.0
2000,BURLESON,56.0,BU / ACRE,46.0,46.0,46.0,95.0,95.0,70.0
2022,CALDWELL,51.6,BU / ACRE,63.0,2.0,100.0,99.0,39.0,81.0
2020,CALDWELL,62.6,BU / ACRE,67.0,67.0,67.0,98.0,45.0,87.0
2017,CALDWELL,72.0,BU / ACRE,72.0,72.0,72.0,100.0,39.0,87.0
2016,CALDWELL,83.7,BU / ACRE,50.0,50.0,50.0,96.0,31.0,73.0
2015,CALDWELL,68.5,BU / ACRE,57.0,57.0,100.0,95.0,11.0,73.0
2014,CALDWELL,79.1,BU / ACRE,67.0,67.0,100.0,97.0,97.0,83.0
2013,CALDWELL,56.2,BU / ACRE,64.0,64.0,64.0,98.0,40.0,77.0
2012,CALDWELL,80.4,BU / ACRE,65.0,65.0,65.0,94.0,94.0,90.0
2011,CALDWELL,40.0,BU / ACRE,55.0,55.0,95.0,92.0,92.0,74.0
2010,CALDWELL,80.9,BU / ACRE,56.0,56.0,98.0,95.0,95.0,77.0
2009,CALDWELL,22.0,BU / ACRE,61.0,61.0,97.0,95.0,95.0,80.0
2008,CALDWELL,27.0,BU / ACRE,65.0,65.0,97.0,95.0,95.0,72.0
2007,CALDWELL,52.0,BU / ACRE,62.0,62.0,98.0,94.0,94.0,72.0
2006,CALDWELL,25.0,BU / ACRE,66.0,66.0,66.0,94.0,94.0,77.0
2005,CALDWELL,73.3,BU / ACRE,47.0,47.0,94.0,89.0,89.0,60.0
2004,CALDWELL,79.2,BU / ACRE,50.0,50.0,92.0,91.0,91.0,74.0
2003,CALDWELL,31.7,BU / ACRE,48.0,48.0,91.0,84.0,29.0,59.0
2002,CALDWELL,61.4,BU / ACRE,46.0,46.0,46.0,93.0,35.0,61.0
2001,CALDWELL,78.0,BU / ACRE,42.0,42.0,42.0,92.0,92.0,67.0
2000,CALDWELL,86.2,BU / ACRE,46.0,46.0,46.0,95.0,95.0,70.0
2014,COLORADO,50.0,BU / ACRE,67.0,67.0,100.0,97.0,97.0,83.0
2013,COLORADO,63.9,BU / ACRE,64.0,64.0,64.0,98.0,40.0,77.0
2005,COLORADO,64.5,BU / ACRE,47.0,47.0,94.0,89.0,89.0,60.0
2004,COLORADO,32.2,BU / ACRE,50.0,50.0,92.0,91.0,91.0,74.0
2003,COLORADO,36.3,BU / ACRE,48.0,48.0,91.0,84.0,29.0,59.0
2002,COLORADO,64.0,BU / ACRE,46.0,46.0,46.0,93.0,35.0,61.0
2001,COLORADO,76.4,BU / ACRE,42.0,42.0,42.0,92.0,92.0,67.0
2000,COLORADO,93.3,BU / ACRE,46.0,46.0,46.0,95.0,95.0,70.0
2005,COMAL,45.0,BU / ACRE,47.0,47.0,94.0,89.0,89.0,60.0
2004,COMAL,68.8,BU / ACRE,50.0,50.0,92.0,91.0,91.0,74.0
2003,COMAL,32.2,BU / ACRE,48.0,48.0,91.0,84.0,29.0,59.0
2002,COMAL,59.1,BU / ACRE,46.0,46.0,46.0,93.0,35.0,61.0
2001,COMAL,91.1,BU / ACRE,42.0,42.0,42.0,92.0,92.0,67.0
2000,COMAL,77.5,BU / ACRE,46.0,46.0,46.0,95.0,95.0,70.0
2004,DE WITT,43.3,BU / ACRE,50.0,50.0,92.0,91.0,91.0,74.0
2003,DE WITT,53.8,BU / ACRE,48.0,48.0,91.0,84.0,29.0,59.0
2001,DE WITT,78.9,BU / ACRE,42.0,42.0,42.0,92.0,92.0,67.0
2000,DE WITT,95.0,BU / ACRE,46.0,46.0,46.0,95.0,95.0,70.0
2014,FAYETTE,72.0,BU / ACRE,67.0,67.0,100.0,97.0,97.0,83.0
2012,FAYETTE,50.8,BU / ACRE,65.0,65.0,65.0,94.0,94.0,90.0
2007,FAYETTE,36.0,BU / ACRE,62.0,62.0,98.0,94.0,94.0,72.0
2006,FAYETTE,28.0,BU / ACRE,66.0,66.0,66.0,94.0,94.0,77.0
2005,FAYETTE,48.9,BU / ACRE,47.0,47.0,94.0,89.0,89.0,60.0
2004,FAYETTE,63.0,BU / ACRE,50.0,50.0,92.0,91.0,91.0,74.0
2003,FAYETTE,57.2,BU / ACRE,48.0,48.0,91.0,84.0,29.0,59.0
2002,FAYETTE,42.3,BU / ACRE,46.0,46.0,46.0,93.0,35.0,61.0
2001,FAYETTE,72.9,BU / ACRE,42.0,42.0,42.0,92.0,92.0,67.0
2000,FAYETTE,94.2,BU / ACRE,46.0,46.0,46.0,95.0,95.0,70.0
2015,GOLIAD,73.4,BU / ACRE,57.0,57.0,100.0,95.0,11.0,73.0
2013,GOLIAD,65.6,BU / ACRE,64.0,64.0,64.0,98.0,40.0,77.0
2004,GOLIAD,57.3,BU / ACRE,50.0,50.0,92.0,91.0,91.0,74.0
2003,GOLIAD,55.7,BU / ACRE,48.0,48.0,91.0,84.0,29.0,59.0
2001,GOLIAD,45.7,BU / ACRE,42.0,42.0,42.0,92.0,92.0,67.0
2000,GOLIAD,59.3,BU / ACRE,46.0,46.0,46.0,95.0,95.0,70.0
2013,GONZALES,65.0,BU / ACRE,64.0,64.0,64.0,98.0,40.0,77.0
2012,GONZALES,96.0,BU / ACRE,65.0,65.0,65.0,94.0,94.0,90.0
2006,GONZALES,0.0,BU / ACRE,66.0,66.0,66.0,94.0,94.0,77.0
2004,GONZALES,86.4,BU / ACRE,50.0,50.0,92.0,91.0,91.0,74.0
2003,GONZALES,52.2,BU / ACRE,48.0,48.0,91.0,84.0,29.0,59.0
2002,GONZALES,60.0,BU / ACRE,46.0,46.0,46.0,93.0,35.0,61.0
2001,GONZALES,94.2,BU / ACRE,42.0,42.0,42.0,92.0,92.0,67.0
2000,GONZALES,85.8,BU / ACRE,46.0,46.0,46.0,95.0,95.0,70.0
2025,GUADALUPE,47.5,BU / ACRE,67.0,67.0,100.0,100.0,46.0,81.0
2023,GUADALUPE,71.6,BU / ACRE,69.0,69.0,100.0,98.0,38.0,83.0
2022,GUADALUPE,35.3,BU / ACRE,63.0,2.0,100.0,99.0,39.0,81.0
2021,GUADALUPE,60.9,BU / ACRE,65.0,4.0,4.0,100.0,45.0,82.0
2020,GUADALUPE,66.8,BU / ACRE,67.0,67.0,67.0,98.0,45.0,87.0
2019,GUADALUPE,68.6,BU / ACRE,65.0,65.0,100.0,100.0,43.0,80.0
2018,GUADALUPE,49.1,BU / ACRE,81.0,81.0,81.0,100.0,32.0,92.0
2017,GUADALUPE,58.6,BU / ACRE,72.0,72.0,72.0,100.0,39.0,87.0
2016,GUADALUPE,75.4,BU / ACRE,50.0,50.0,50.0,96.0,31.0,73.0
2015,GUADALUPE,63.7,BU / ACRE,57.0,57.0,100.0,95.0,11.0,73.0
2014,GUADALUPE,64.8,BU / ACRE,67.0,67.0,100.0,97.0,97.0,83.0
2013,GUADALUPE,60.5,BU / ACRE,64.0,64.0,64.0,98.0,40.0,77.0
2012,GUADALUPE,68.4,BU / ACRE,65.0,65.0,65.0,94.0,94.0,90.0
2011,GUADALUPE,23.8,BU / ACRE,55.0,55.0,95.0,92.0,92.0,74.0
2010,GUADALUPE,80.5,BU / ACRE,56.0,56.0,98.0,95.0,95.0,77.0
2008,GUADALUPE,41.0,BU / ACRE,65.0,65.0,97.0,95.0,95.0,72.0
2007,GUADALUPE,56.0,BU / ACRE,62.0,62.0,98.0,94.0,94.0,72.0
2006,GUADALUPE,23.0,BU / ACRE,66.0,66.0,66.0,94.0,94.0,77.0
2005,GUADALUPE,59.5,BU / ACRE,47.0,47.0,94.0,89.0,89.0,60.0
2004,GUADALUPE,66.2,BU / ACRE,50.0,50.0,92.0,91.0,91.0,74.0
2003,GUADALUPE,38.5,BU / ACRE,48.0,48.0,91.0,84.0,29.0,59.0
2002,GUADALUPE,44.5,BU / ACRE,46.0,46.0,46.0,93.0,35.0,61.0
2001,GUADALUPE,61.7,BU / ACRE,42.0,42.0,42.0,92.0,92.0,67.0
2000,GUADALUPE,80.6,BU / ACRE,46.0,46.0,46.0,95.0,95.0,70.0
2020,HAYS,56.6,BU / ACRE,67.0,67.0,67.0,98.0,45.0,87.0
2018,HAYS,42.6,BU / ACRE,81.0,81.0,81.0,100.0,32.0,92.0
2016,HAYS,73.3,BU / ACRE,50.0,50.0,50.0,96.0,31.0,73.0
2015,HAYS,76.0,BU / ACRE,57.0,57.0,100.0,95.0,11.0,73.0
2014,HAYS,76.7,BU / ACRE,67.0,67.0,100.0,97.0,97.0,83.0
2012,HAYS,87.5,BU / ACRE,65.0,65.0,65.0,94.0,94.0,90.0
2009,HAYS,32.0,BU / ACRE,61.0,61.0,97.0,95.0,95.0,80.0
2006,HAYS,26.0,BU / ACRE,66.0,66.0,66.0,94.0,94.0,77.0
2005,HAYS,67.2,BU / ACRE,47.0,47.0,94.0,89.0,89.0,60.0
2004,HAYS,61.8,BU / ACRE,50.0,50.0,92.0,91.0,91.0,74.0
2003,HAYS,33.3,BU / ACRE,48.0,48.0,91.0,84.0,29.0,59.0
2002,HAYS,27.7,BU / ACRE,46.0,46.0,46.0,93.0,35.0,61.0
2001,HAYS,71.5,BU / ACRE,42.0,42.0,42.0,92.0,92.0,67.0
2000,HAYS,82.0,BU / ACRE,46.0,46.0,46.0,95.0,95.0,70.0
2025,KARNES,38.9,BU / ACRE,67.0,67.0,100.0,100.0,46.0,81.0
2023,KARNES,55.1,BU / ACRE,69.0,69.0,100.0,98.0,38.0,83.0
2021,KARNES,66.4,BU / ACRE,65.0,4.0,4.0,100.0,45.0,82.0
2018,KARNES,39.5,BU / ACRE,81.0,81.0,81.0,100.0,32.0,92.0
2015,KARNES,41.1,BU / ACRE,57.0,57.0,100.0,95.0,11.0,73.0
2009,KARNES,34.0,BU / ACRE,61.0,61.0,97.0,95.0,95.0,80.0
2007,KARNES,68.0,BU / ACRE,62.0,62.0,98.0,94.0,94.0,72.0
2006,KARNES,18.0,BU / ACRE,66.0,66.0,66.0,94.0,94.0,77.0
2005,KARNES,54.3,BU / ACRE,47.0,47.0,94.0,89.0,89.0,60.0
2004,KARNES,44.8,BU / ACRE,50.0,50.0,92.0,91.0,91.0,74.0
2003,KARNES,42.2,BU / ACRE,48.0,48.0,91.0,84.0,29.0,59.0
2002,KARNES,37.5,BU / ACRE,46.0,46.0,46.0,93.0,35.0,61.0
2001,KARNES,62.5,BU / ACRE,42.0,42.0,42.0,92.0,92.0,67.0
2000,KARNES,57.4,BU / ACRE,46.0,46.0,46.0,95.0,95.0,70.0
2009,LAVACA,43.0,BU / ACRE,61.0,61.0,97.0,95.0,95.0,80.0
2004,LAVACA,67.8,BU / ACRE,50.0,50.0,92.0,91.0,91.0,74.0
2003,LAVACA,50.0,BU / ACRE,48.0,48.0,91.0,84.0,29.0,59.0
2001,LAVACA,71.4,BU / ACRE,42.0,42.0,42.0,92.0,92.0,67.0
2000,LAVACA,85.0,BU / ACRE,46.0,46.0,46.0,95.0,95.0,70.0
2021,MEDINA,58.4,BU / ACRE,65.0,4.0,4.0,100.0,45.0,82.0
2020,MEDINA,63.3,BU / ACRE,67.0,67.0,67.0,98.0,45.0,87.0
2019,MEDINA,76.7,BU / ACRE,65.0,65.0,100.0,100.0,43.0,80.0
2018,MEDINA,59.5,BU / ACRE,81.0,81.0,81.0,100.0,32.0,92.0
2017,MEDINA,76.0,BU / ACRE,72.0,72.0,72.0,100.0,39.0,87.0
2016,MEDINA,75.9,BU / ACRE,50.0,50.0,50.0,96.0,31.0,73.0
2015,MEDINA,76.8,BU / ACRE,57.0,57.0,100.0,95.0,11.0,73.0
2014,MEDINA,37.2,BU / ACRE,67.0,67.0,100.0,97.0,97.0,83.0
2013,MEDINA,57.7,BU / ACRE,64.0,64.0,64.0,98.0,40.0,77.0
2012,MEDINA,50.3,BU / ACRE,65.0,65.0,65.0,94.0,94.0,90.0
2011,MEDINA,48.2,BU / ACRE,55.0,55.0,95.0,92.0,92.0,74.0
2010,MEDINA,65.2,BU / ACRE,56.0,56.0,98.0,95.0,95.0,77.0
2009,MEDINA,41.0,BU / ACRE,61.0,61.0,97.0,95.0,95.0,80.0
2008,MEDINA,48.0,BU / ACRE,65.0,65.0,97.0,95.0,95.0,72.0
2007,MEDINA,77.0,BU / ACRE,62.0,62.0,98.0,94.0,94.0,72.0
2006,MEDINA,47.0,BU / ACRE,66.0,66.0,66.0,94.0,94.0,77.0
2005,MEDINA,67.1,BU / ACRE,47.0,47.0,94.0,89.0,89.0,60.0
2004,MEDINA,64.1,BU / ACRE,50.0,50.0,92.0,91.0,91.0,74.0
2003,MEDINA,57.4,BU / ACRE,48.0,48.0,91.0,84.0,29.0,59.0
2002,MEDINA,51.1,BU / ACRE,46.0,46.0,46.0,93.0,35.0,61.0
2001,MEDINA,68.7,BU / ACRE,42.0,42.0,42.0,92.0,92.0,67.0
2000,MEDINA,53.8,BU / ACRE,46.0,46.0,46.0,95.0,95.0,70.0
2023,TRAVIS,52.2,BU / ACRE,69.0,69.0,100.0,98.0,38.0,83.0
2021,TRAVIS,51.5,BU / ACRE,65.0,4.0,4.0,100.0,45.0,82.0
2018,TRAVIS,45.2,BU / ACRE,81.0,81.0,81.0,100.0,32.0,92.0
2017,TRAVIS,77.2,BU / ACRE,72.0,72.0,72.0,100.0,39.0,87.0
2016,TRAVIS,50.7,BU / ACRE,50.0,50.0,50.0,96.0,31.0,73.0
2015,TRAVIS,49.7,BU / ACRE,57.0,57.0,100.0,95.0,11.0,73.0
2014,TRAVIS,62.1,BU / ACRE,67.0,67.0,100.0,97.0,97.0,83.0
2013,TRAVIS,61.8,BU / ACRE,64.0,64.0,64.0,98.0,40.0,77.0
2012,TRAVIS,68.4,BU / ACRE,65.0,65.0,65.0,94.0,94.0,90.0
2010,TRAVIS,71.0,BU / ACRE,56.0,56.0,98.0,95.0,95.0,77.0
2009,TRAVIS,39.0,BU / ACRE,61.0,61.0,97.0,95.0,95.0,80.0
2008,TRAVIS,54.0,BU / ACRE,65.0,65.0,97.0,95.0,95.0,72.0
2007,TRAVIS,50.0,BU / ACRE,62.0,62.0,98.0,94.0,94.0,72.0
2006,TRAVIS,48.0,BU / ACRE,66.0,66.0,66.0,94.0,94.0,77.0
2005,TRAVIS,58.7,BU / ACRE,47.0,47.0,94.0,89.0,89.0,60.0
2004,TRAVIS,80.5,BU / ACRE,50.0,50.0,92.0,91.0,91.0,74.0
2003,TRAVIS,49.5,BU / ACRE,48.0,48.0,91.0,84.0,29.0,59.0
2002,TRAVIS,52.4,BU / ACRE,46.0,46.0,46.0,93.0,35.0,61.0
2001,TRAVIS,67.2,BU / ACRE,42.0,42.0,42.0,92.0,92.0,67.0
2000,TRAVIS,73.6,BU / ACRE,46.0,46.0,46.0,95.0,95.0,70.0
2021,WASHINGTON,58.1,BU / ACRE,65.0,4.0,4.0,100.0,45.0,82.0
2009,WASHINGTON,36.0,BU / ACRE,61.0,61.0,97.0,95.0,95.0,80.0
2007,WASHINGTON,66.0,BU / ACRE,62.0,62.0,98.0,94.0,94.0,72.0
2018,WILSON,57.7,BU / ACRE,81.0,81.0,81.0,100.0,32.0,92.0
2017,WILSON,79.7,BU / ACRE,72.0,72.0,72.0,100.0,39.0,87.0
2016,WILSON,89.8,BU / ACRE,50.0,50.0,50.0,96.0,31.0,73.0
2015,WILSON,84.9,BU / ACRE,57.0,57.0,100.0,95.0,11.0,73.0
2014,WILSON,85.9,BU / ACRE,67.0,67.0,100.0,97.0,97.0,83.0
2013,WILSON,70.9,BU / ACRE,64.0,64.0,64.0,98.0,40.0,77.0
2012,WILSON,66.0,BU / ACRE,65.0,65.0,65.0,94.0,94.0,90.0
2011,WILSON,54.8,BU / ACRE,55.0,55.0,95.0,92.0,92.0,74.0
2010,WILSON,76.5,BU / ACRE,56.0,56.0,98.0,95.0,95.0,77.0
2009,WILSON,50.0,BU / ACRE,61.0,61.0,97.0,95.0,95.0,80.0
2007,WILSON,54.0,BU / ACRE,62.0,62.0,98.0,94.0,94.0,72.0
2006,WILSON,20.0,BU / ACRE,66.0,66.0,66.0,94.0,94.0,77.0
2005,WILSON,67.6,BU / ACRE,47.0,47.0,94.0,89.0,89.0,60.0
2004,WILSON,78.5,BU / ACRE,50.0,50.0,92.0,91.0,91.0,74.0
2003,WILSON,61.7,BU / ACRE,48.0,48.0,91.0,84.0,29.0,59.0
2002,WILSON,46.0,BU / ACRE,46.0,46.0,46.0,93.0,35.0,61.0
2001,WILSON,63.8,BU / ACRE,42.0,42.0,42.0,92.0,92.0,67.0
2000,WILSON,74.2,BU / ACRE,46.0,46.0,46.0,95.0,95.0,70.0
2019,OTHER (COMBINED) COUNTIES,93.4,BU / ACRE,65.0,65.0,100.0,100.0,43.0,80.0
2018,OTHER (COMBINED) COUNTIES,44.6,BU / ACRE,81.0,81.0,81.0,100.0,32.0,92.0
2017,OTHER (COMBINED) COUNTIES,36.1,BU / ACRE,72.0,72.0,72.0,100.0,39.0,87.0
2016,OTHER (COMBINED) COUNTIES,71.8,BU / ACRE,50.0,50.0,50.0,96.0,31.0,73.0
2015,OTHER (COMBINED) COUNTIES,62.2,BU / ACRE,57.0,57.0,100.0,95.0,11.0,73.0
2014,OTHER (COMBINED) COUNTIES,45.5,BU / ACRE,67.0,67.0,100.0,97.0,97.0,83.0
2013,OTHER (COMBINED) COUNTIES,47.2,BU / ACRE,64.0,64.0,64.0,98.0,40.0,77.0
2012,OTHER (COMBINED) COUNTIES,63.0,BU / ACRE,65.0,65.0,65.0,94.0,94.0,90.0
2011,OTHER (COMBINED) COUNTIES,64.1,BU / ACRE,55.0,55.0,95.0,92.0,92.0,74.0
2010,OTHER (COMBINED) COUNTIES,87.7,BU / ACRE,56.0,56.0,98.0,95.0,95.0,77.0
2009,OTHER (COMBINED) COUNTIES,37.0,BU / ACRE,61.0,61.0,97.0,95.0,95.0,80.0
2008,OTHER (COMBINED) COUNTIES,62.0,BU / ACRE,65.0,65.0,97.0,95.0,95.0,72.0
2007,OTHER (COMBINED) COUNTIES,75.0,BU / ACRE,62.0,62.0,98.0,94.0,94.0,72.0
2006,OTHER (COMBINED) COUNTIES,38.0,BU / ACRE,66.0,66.0,66.0,94.0,94.0,77.0
2005,OTHER (COMBINED) COUNTIES,50.0,BU / ACRE,47.0,47.0,94.0,89.0,89.0,60.0
2004,OTHER (COMBINED) COUNTIES,80.1,BU / ACRE,50.0,50.0,92.0,91.0,91.0,74.0
2002,OTHER (COMBINED) COUNTIES,55.8,BU / ACRE,46.0,46.0,46.0,93.0,35.0,61.0
2001,OTHER (COMBINED) COUNTIES,0.0,BU / ACRE,42.0,42.0,42.0,92.0,92.0,67.0
2000,OTHER (COMBINED) COUNTIES,0.0,BU / ACRE,46.0,46.0,46.0,95.0,95.0,70.0
2021,KLEBERG,60.1,BU / ACRE,65.0,4.0,4.0,100.0,45.0,82.0
2020,KLEBERG,75.7,BU / ACRE,67.0,67.0,67.0,98.0,45.0,87.0
2019,KLEBERG,101.5,BU / ACRE,65.0,65.0,100.0,100.0,43.0,80.0
2016,KLEBERG,76.9,BU / ACRE,50.0,50.0,50.0,96.0,31.0,73.0
2014,KLEBERG,51.3,BU / ACRE,67.0,67.0,100.0,97.0,97.0,83.0
2012,KLEBERG,36.3,BU / ACRE,65.0,65.0,65.0,94.0,94.0,90.0
2011,KLEBERG,52.5,BU / ACRE,55.0,55.0,95.0,92.0,92.0,74.0
2010,KLEBERG,56.5,BU / ACRE,56.0,56.0,98.0,95.0,95.0,77.0
2007,KLEBERG,75.0,BU / ACRE,62.0,62.0,98.0,94.0,94.0,72.0
2006,KLEBERG,49.0,BU / ACRE,66.0,66.0,66.0,94.0,94.0,77.0
2003,KLEBERG,71.4,BU / ACRE,48.0,48.0,91.0,84.0,29.0,59.0
2002,KLEBERG,49.9,BU / ACRE,46.0,46.0,46.0,93.0,35.0,61.0
2001,KLEBERG,35.7,BU / ACRE,42.0,42.0,42.0,92.0,92.0,67.0
2000,KLEBERG,62.2,BU / ACRE,46.0,46.0,46.0,95.0,95.0,70.0
2025,NUECES,53.7,BU / ACRE,67.0,67.0,100.0,100.0,46.0,81.0
2024,NUECES,78.8,BU / ACRE,65.0,65.0,100.0,100.0,42.0,82.0
2023,NUECES,59.6,BU / ACRE,69.0,69.0,100.0,98.0,38.0,83.0
2022,NUECES,53.3,BU / ACRE,63.0,2.0,100.0,99.0,39.0,81.0
2021,NUECES,74.5,BU / ACRE,65.0,4.0,4.0,100.0,45.0,82.0
2020,NUECES,75.8,BU / ACRE,67.0,67.0,67.0,98.0,45.0,87.0
2019,NUECES,91.3,BU / ACRE,65.0,65.0,100.0,100.0,43.0,80.0
2018,NUECES,45.8,BU / ACRE,81.0,81.0,81.0,100.0,32.0,92.0
2017,NUECES,73.6,BU / ACRE,72.0,72.0,72.0,100.0,39.0,87.0
2016,NUECES,78.9,BU / ACRE,50.0,50.0,50.0,96.0,31.0,73.0
2015,NUECES,57.5,BU / ACRE,57.0,57.0,100.0,95.0,11.0,73.0
2014,NUECES,56.5,BU / ACRE,67.0,67.0,100.0,97.0,97.0,83.0
2012,NUECES,33.7,BU / ACRE,65.0,65.0,65.0,94.0,94.0,90.0
2011,NUECES,56.8,BU / ACRE,55.0,55.0,95.0,92.0,92.0,74.0
2010,NUECES,80.9,BU / ACRE,56.0,56.0,98.0,95.0,95.0,77.0
2009,NUECES,40.0,BU / ACRE,61.0,61.0,97.0,95.0,95.0,80.0
2008,NUECES,66.0,BU / ACRE,65.0,65.0,97.0,95.0,95.0,72.0
2007,NUECES,72.0,BU / ACRE,62.0,62.0,98.0,94.0,94.0,72.0
2006,NUECES,28.0,BU / ACRE,66.0,66.0,66.0,94.0,94.0,77.0
2005,NUECES,59.8,BU / ACRE,47.0,47.0,94.0,89.0,89.0,60.0
2004,NUECES,68.5,BU / ACRE,50.0,50.0,92.0,91.0,91.0,74.0
2003,NUECES,65.6,BU / ACRE,48.0,48.0,91.0,84.0,29.0,59.0
2002,NUECES,59.3,BU / ACRE,46.0,46.0,46.0,93.0,35.0,61.0
2001,NUECES,41.7,BU / ACRE,42.0,42.0,42.0,92.0,92.0,67.0
2000,NUECES,58.2,BU / ACRE,46.0,46.0,46.0,95.0,95.0,70.0
2024,REFUGIO,85.7,BU / ACRE,65.0,65.0,100.0,100.0,42.0,82.0
2023,REFUGIO,64.6,BU / ACRE,69.0,69.0,100.0,98.0,38.0,83.0
2022,REFUGIO,78.4,BU / ACRE,63.0,2.0,100.0,99.0,39.0,81.0
2021,REFUGIO,61.9,BU / ACRE,65.0,4.0,4.0,100.0,45.0,82.0
2020,REFUGIO,101.1,BU / ACRE,67.0,67.0,67.0,98.0,45.0,87.0
2018,REFUGIO,59.8,BU / ACRE,81.0,81.0,81.0,100.0,32.0,92.0
2017,REFUGIO,90.6,BU / ACRE,72.0,72.0,72.0,100.0,39.0,87.0
2015,REFUGIO,56.2,BU / ACRE,57.0,57.0,100.0,95.0,11.0,73.0
2010,REFUGIO,81.5,BU / ACRE,56.0,56.0,98.0,95.0,95.0,77.0
2009,REFUGIO,33.0,BU / ACRE,61.0,61.0,97.0,95.0,95.0,80.0
2007,REFUGIO,61.0,BU / ACRE,62.0,62.0,98.0,94.0,94.0,72.0
2006,REFUGIO,46.0,BU / ACRE,66.0,66.0,66.0,94.0,94.0,77.0
2005,REFUGIO,72.1,BU / ACRE,47.0,47.0,94.0,89.0,89.0,60.0
2004,REFUGIO,53.3,BU / ACRE,50.0,50.0,92.0,91.0,91.0,74.0
2003,REFUGIO,56.2,BU / ACRE,48.0,48.0,91.0,84.0,29.0,59.0
2001,REFUGIO,81.2,BU / ACRE,42.0,42.0,42.0,92.0,92.0,67.0
2000,REFUGIO,85.1,BU / ACRE,46.0,46.0,46.0,95.0,95.0,70.0
2025,SAN PATRICIO,68.3,BU / ACRE,67.0,67.0,100.0,100.0,46.0,81.0
2024,SAN PATRICIO,82.1,BU / ACRE,65.0,65.0,100.0,100.0,42.0,82.0
2023,SAN PATRICIO,81.9,BU / ACRE,69.0,69.0,100.0,98.0,38.0,83.0
2022,SAN PATRICIO,50.4,BU / ACRE,63.0,2.0,100.0,99.0,39.0,81.0
2021,SAN PATRICIO,77.5,BU / ACRE,65.0,4.0,4.0,100.0,45.0,82.0
2020,SAN PATRICIO,93.1,BU / ACRE,67.0,67.0,67.0,98.0,45.0,87.0
2019,SAN PATRICIO,91.5,BU / ACRE,65.0,65.0,100.0,100.0,43.0,80.0
2018,SAN PATRICIO,40.8,BU / ACRE,81.0,81.0,81.0,100.0,32.0,92.0
2017,SAN PATRICIO,80.2,BU / ACRE,72.0,72.0,72.0,100.0,39.0,87.0
2016,SAN PATRICIO,77.0,BU / ACRE,50.0,50.0,50.0,96.0,31.0,73.0
2015,SAN PATRICIO,69.7,BU / ACRE,57.0,57.0,100.0,95.0,11.0,73.0
2014,SAN PATRICIO,63.9,BU / ACRE,67.0,67.0,100.0,97.0,97.0,83.0
2013,SAN PATRICIO,54.3,BU / ACRE,64.0,64.0,64.0,98.0,40.0,77.0
2012,SAN PATRICIO,61.9,BU / ACRE,65.0,65.0,65.0,94.0,94.0,90.0
2011,SAN PATRICIO,59.2,BU / ACRE,55.0,55.0,95.0,92.0,92.0,74.0
2008,SAN PATRICIO,86.0,BU / ACRE,65.0,65.0,97.0,95.0,95.0,72.0
2007,SAN PATRICIO,83.0,BU / ACRE,62.0,62.0,98.0,94.0,94.0,72.0
2006,SAN PATRICIO,49.0,BU / ACRE,66.0,66.0,66.0,94.0,94.0,77.0
2005,SAN PATRICIO,75.5,BU / ACRE,47.0,47.0,94.0,89.0,89.0,60.0
2004,SAN PATRICIO,77.5,BU / ACRE,50.0,50.0,92.0,91.0,91.0,74.0
2003,SAN PATRICIO,66.4,BU / ACRE,48.0,48.0,91.0,84.0,29.0,59.0
2002,SAN PATRICIO,64.6,BU / ACRE,46.0,46.0,46.0,93.0,35.0,61.0
2001,SAN PATRICIO,57.8,BU / ACRE,42.0,42.0,42.0,92.0,92.0,67.0
2000,SAN PATRICIO,76.6,BU / ACRE,46.0,46.0,46.0,95.0,95.0,70.0
2019,OTHER (COMBINED) COUNTIES,83.2,BU / ACRE,65.0,65.0,100.0,100.0,43.0,80.0
2018,OTHER (COMBINED) COUNTIES,79.8,BU / ACRE,81.0,81.0,81.0,100.0,32.0,92.0
2017,OTHER (COMBINED) COUNTIES,100.4,BU / ACRE,72.0,72.0,72.0,100.0,39.0,87.0
2016,OTHER (COMBINED) COUNTIES,79.4,BU / ACRE,50.0,50.0,50.0,96.0,31.0,73.0
2015,OTHER (COMBINED) COUNTIES,65.5,BU / ACRE,57.0,57.0,100.0,95.0,11.0,73.0
2014,OTHER (COMBINED) COUNTIES,76.4,BU / ACRE,67.0,67.0,100.0,97.0,97.0,83.0
2013,OTHER (COMBINED) COUNTIES,69.8,BU / ACRE,64.0,64.0,64.0,98.0,40.0,77.0
2012,OTHER (COMBINED) COUNTIES,76.1,BU / ACRE,65.0,65.0,65.0,94.0,94.0,90.0
2011,OTHER (COMBINED) COUNTIES,33.0,BU / ACRE,55.0,55.0,95.0,92.0,92.0,74.0
2010,OTHER (COMBINED) COUNTIES,82.0,BU / ACRE,56.0,56.0,98.0,95.0,95.0,77.0
2009,OTHER (COMBINED) COUNTIES,59.0,BU / ACRE,61.0,61.0,97.0,95.0,95.0,80.0
2008,OTHER (COMBINED) COUNTIES,74.0,BU / ACRE,65.0,65.0,97.0,95.0,95.0,72.0
2007,OTHER (COMBINED) COUNTIES,36.0,BU / ACRE,62.0,62.0,98.0,94.0,94.0,72.0
2006,OTHER (COMBINED) COUNTIES,0.0,BU / ACRE,66.0,66.0,66.0,94.0,94.0,77.0
2005,OTHER (COMBINED) COUNTIES,82.7,BU / ACRE,47.0,47.0,94.0,89.0,89.0,60.0
2004,OTHER (COMBINED) COUNTIES,50.0,BU / ACRE,50.0,50.0,92.0,91.0,91.0,74.0
2003,OTHER (COMBINED) COUNTIES,54.3,BU / ACRE,48.0,48.0,91.0,84.0,29.0,59.0
2002,OTHER (COMBINED) COUNTIES,40.0,BU / ACRE,46.0,46.0,46.0,93.0,35.0,61.0
2001,OTHER (COMBINED) COUNTIES,101.5,BU / ACRE,42.0,42.0,42.0,92.0,92.0,67.0
2000,OTHER (COMBINED) COUNTIES,65.4,BU / ACRE,46.0,46.0,46.0,95.0,95.0,70.0
2014,BRAZORIA,100.7,BU / ACRE,67.0,67.0,100.0,97.0,97.0,83.0
2013,BRAZORIA,98.3,BU / ACRE,64.0,64.0,64.0,98.0,40.0,77.0
2012,BRAZORIA,102.9,BU / ACRE,65.0,65.0,65.0,94.0,94.0,90.0
2011,BRAZORIA,56.9,BU / ACRE,55.0,55.0,95.0,92.0,92.0,74.0
2010,BRAZORIA,83.1,BU / ACRE,56.0,56.0,98.0,95.0,95.0,77.0
2009,BRAZORIA,84.0,BU / ACRE,61.0,61.0,97.0,95.0,95.0,80.0
2008,BRAZORIA,73.0,BU / ACRE,65.0,65.0,97.0,95.0,95.0,72.0
2007,BRAZORIA,78.0,BU / ACRE,62.0,62.0,98.0,94.0,94.0,72.0
2006,BRAZORIA,70.0,BU / ACRE,66.0,66.0,66.0,94.0,94.0,77.0
2005,BRAZORIA,88.7,BU / ACRE,47.0,47.0,94.0,89.0,89.0,60.0
2004,BRAZORIA,64.3,BU / ACRE,50.0,50.0,92.0,91.0,91.0,74.0
2003,BRAZORIA,67.8,BU / ACRE,48.0,48.0,91.0,84.0,29.0,59.0
2002,BRAZORIA,88.7,BU / ACRE,46.0,46.0,46.0,93.0,35.0,61.0
2001,BRAZORIA,87.5,BU / ACRE,42.0,42.0,42.0,92.0,92.0,67.0
2000,BRAZORIA,99.1,BU / ACRE,46.0,46.0,46.0,95.0,95.0,70.0
2025,CALHOUN,83.2,BU / ACRE,67.0,67.0,100.0,100.0,46.0,81.0
2024,CALHOUN,69.6,BU / ACRE,65.0,65.0,100.0,100.0,42.0,82.0
2023,CALHOUN,80.0,BU / ACRE,69.0,69.0,100.0,98.0,38.0,83.0
2022,CALHOUN,74.9,BU / ACRE,63.0,2.0,100.0,99.0,39.0,81.0
2020,CALHOUN,71.0,BU / ACRE,67.0,67.0,67.0,98.0,45.0,87.0
2019,CALHOUN,72.6,BU / ACRE,65.0,65.0,100.0,100.0,43.0,80.0
2018,CALHOUN,80.6,BU / ACRE,81.0,81.0,81.0,100.0,32.0,92.0
2017,CALHOUN,98.9,BU / ACRE,72.0,72.0,72.0,100.0,39.0,87.0
2016,CALHOUN,92.1,BU / ACRE,50.0,50.0,50.0,96.0,31.0,73.0
2014,CALHOUN,96.6,BU / ACRE,67.0,67.0,100.0,97.0,97.0,83.0
2013,CALHOUN,86.1,BU / ACRE,64.0,64.0,64.0,98.0,40.0,77.0
2012,CALHOUN,96.9,BU / ACRE,65.0,65.0,65.0,94.0,94.0,90.0
2011,CALHOUN,66.1,BU / ACRE,55.0,55.0,95.0,92.0,92.0,74.0
2009,CALHOUN,85.0,BU / ACRE,61.0,61.0,97.0,95.0,95.0,80.0
2008,CALHOUN,82.0,BU / ACRE,65.0,65.0,97.0,95.0,95.0,72.0
2007,CALHOUN,53.0,BU / ACRE,62.0,62.0,98.0,94.0,94.0,72.0
2006,CALHOUN,74.0,BU / ACRE,66.0,66.0,66.0,94.0,94.0,77.0
2005,CALHOUN,81.0,BU / ACRE,47.0,47.0,94.0,89.0,89.0,60.0
2004,CALHOUN,64.9,BU / ACRE,50.0,50.0,92.0,91.0,91.0,74.0
2003,CALHOUN,72.1,BU / ACRE,48.0,48.0,91.0,84.0,29.0,59.0
2002,CALHOUN,73.0,BU / ACRE,46.0,46.0,46.0,93.0,35.0,61.0
2001,CALHOUN,86.5,BU / ACRE,42.0,42.0,42.0,92.0,92.0,67.0
2000,CALHOUN,81.3,BU / ACRE,46.0,46.0,46.0,95.0,95.0,70.0
2007,CHAMBERS,0.0,BU / ACRE,62.0,62.0,98.0,94.0,94.0,72.0
2006,CHAMBERS,73.0,BU / ACRE,66.0,66.0,66.0,94.0,94.0,77.0
2002,CHAMBERS,97.0,BU / ACRE,46.0,46.0,46.0,93.0,35.0,61.0
2001,CHAMBERS,89.3,BU / ACRE,42.0,42.0,42.0,92.0,92.0,67.0
2000,CHAMBERS,78.3,BU / ACRE,46.0,46.0,46.0,95.0,95.0,70.0
2025,FORT BEND,77.2,BU / ACRE,67.0,67.0,100.0,100.0,46.0,81.0
2023,FORT BEND,89.3,BU / ACRE,69.0,69.0,100.0,98.0,38.0,83.0
2022,FORT BEND,73.8,BU / ACRE,63.0,2.0,100.0,99.0,39.0,81.0
2021,FORT BEND,56.8,BU / ACRE,65.0,4.0,4.0,100.0,45.0,82.0
2020,FORT BEND,127.1,BU / ACRE,67.0,67.0,67.0,98.0,45.0,87.0
2019,FORT BEND,87.3,BU / ACRE,65.0,65.0,100.0,100.0,43.0,80.0
2017,FORT BEND,107.0,BU / ACRE,72.0,72.0,72.0,100.0,39.0,87.0
2016,FORT BEND,72.5,BU / ACRE,50.0,50.0,50.0,96.0,31.0,73.0
2015,FORT BEND,85.7,BU / ACRE,57.0,57.0,100.0,95.0,11.0,73.0
2014,FORT BEND,91.3,BU / ACRE,67.0,67.0,100.0,97.0,97.0,83.0
2013,FORT BEND,75.5,BU / ACRE,64.0,64.0,64.0,98.0,40.0,77.0
2012,FORT BEND,103.3,BU / ACRE,65.0,65.0,65.0,94.0,94.0,90.0
2011,FORT BEND,38.8,BU / ACRE,55.0,55.0,95.0,92.0,92.0,74.0
2010,FORT BEND,69.0,BU / ACRE,56.0,56.0,98.0,95.0,95.0,77.0
2009,FORT BEND,58.0,BU / ACRE,61.0,61.0,97.0,95.0,95.0,80.0
2008,FORT BEND,75.0,BU / ACRE,65.0,65.0,97.0,95.0,95.0,72.0
2007,FORT BEND,69.0,BU / ACRE,62.0,62.0,98.0,94.0,94.0,72.0
2006,FORT BEND,78.0,BU / ACRE,66.0,66.0,66.0,94.0,94.0,77.0
2005,FORT BEND,72.9,BU / ACRE,47.0,47.0,94.0,89.0,89.0,60.0
2004,FORT BEND,69.3,BU / ACRE,50.0,50.0,92.0,91.0,91.0,74.0
2003,FORT BEND,52.2,BU / ACRE,48.0,48.0,91.0,84.0,29.0,59.0
2002,FORT BEND,71.2,BU / ACRE,46.0,46.0,46.0,93.0,35.0,61.0
2001,FORT BEND,93.2,BU / ACRE,42.0,42.0,42.0,92.0,92.0,67.0
2000,FORT BEND,99.8,BU / ACRE,46.0,46.0,46.0,95.0,95.0,70.0
2006,GALVESTON,84.0,BU / ACRE,66.0,66.0,66.0,94.0,94.0,77.0
2004,GALVESTON,68.0,BU / ACRE,50.0,50.0,92.0,91.0,91.0,74.0
2002,GALVESTON,75.0,BU / ACRE,46.0,46.0,46.0,93.0,35.0,61.0
2006,HARRIS,73.0,BU / ACRE,66.0,66.0,66.0,94.0,94.0,77.0
2005,HARRIS,59.0,BU / ACRE,47.0,47.0,94.0,89.0,89.0,60.0
2003,HARRIS,65.0,BU / ACRE,48.0,48.0,91.0,84.0,29.0,59.0
2024,JACKSON,100.5,BU / ACRE,65.0,65.0,100.0,100.0,42.0,82.0
2021,JACKSON,63.5,BU / ACRE,65.0,4.0,4.0,100.0,45.0,82.0
2019,JACKSON,89.1,BU / ACRE,65.0,65.0,100.0,100.0,43.0,80.0
2018,JACKSON,76.1,BU / ACRE,81.0,81.0,81.0,100.0,32.0,92.0
2017,JACKSON,95.1,BU / ACRE,72.0,72.0,72.0,100.0,39.0,87.0
2014,JACKSON,81.5,BU / ACRE,67.0,67.0,100.0,97.0,97.0,83.0
2012,JACKSON,71.2,BU / ACRE,65.0,65.0,65.0,94.0,94.0,90.0
2011,JACKSON,69.6,BU / ACRE,55.0,55.0,95.0,92.0,92.0,74.0
2010,JACKSON,69.3,BU / ACRE,56.0,56.0,98.0,95.0,95.0,77.0
2009,JACKSON,63.0,BU / ACRE,61.0,61.0,97.0,95.0,95.0,80.0
2008,JACKSON,76.0,BU / ACRE,65.0,65.0,97.0,95.0,95.0,72.0
2007,JACKSON,72.0,BU / ACRE,62.0,62.0,98.0,94.0,94.0,72.0
2006,JACKSON,71.0,BU / ACRE,66.0,66.0,66.0,94.0,94.0,77.0
2005,JACKSON,72.3,BU / ACRE,47.0,47.0,94.0,89.0,89.0,60.0
2004,JACKSON,71.0,BU / ACRE,50.0,50.0,92.0,91.0,91.0,74.0
2003,JACKSON,57.3,BU / ACRE,48.0,48.0,91.0,84.0,29.0,59.0
2002,JACKSON,75.4,BU / ACRE,46.0,46.0,46.0,93.0,35.0,61.0
2001,JACKSON,91.4,BU / ACRE,42.0,42.0,42.0,92.0,92.0,67.0
2000,JACKSON,95.2,BU / ACRE,46.0,46.0,46.0,95.0,95.0,70.0
2002,JEFFERSON,50.0,BU / ACRE,46.0,46.0,46.0,93.0,35.0,61.0
2001,JEFFERSON,50.7,BU / ACRE,42.0,42.0,42.0,92.0,92.0,67.0
2016,LIBERTY,48.0,BU / ACRE,50.0,50.0,50.0,96.0,31.0,73.0
2015,LIBERTY,50.6,BU / ACRE,57.0,57.0,100.0,95.0,11.0,73.0
2013,LIBERTY,83.2,BU / ACRE,64.0,64.0,64.0,98.0,40.0,77.0
2010,LIBERTY,60.0,BU / ACRE,56.0,56.0,98.0,95.0,95.0,77.0
2008,LIBERTY,80.0,BU / ACRE,65.0,65.0,97.0,95.0,95.0,72.0
2007,LIBERTY,30.0,BU / ACRE,62.0,62.0,98.0,94.0,94.0,72.0
2006,LIBERTY,62.0,BU / ACRE,66.0,66.0,66.0,94.0,94.0,77.0
2005,LIBERTY,60.2,BU / ACRE,47.0,47.0,94.0,89.0,89.0,60.0
2004,LIBERTY,57.4,BU / ACRE,50.0,50.0,92.0,91.0,91.0,74.0
2003,LIBERTY,38.0,BU / ACRE,48.0,48.0,91.0,84.0,29.0,59.0
2002,LIBERTY,77.8,BU / ACRE,46.0,46.0,46.0,93.0,35.0,61.0
2001,LIBERTY,56.5,BU / ACRE,42.0,42.0,42.0,92.0,92.0,67.0
2000,LIBERTY,87.4,BU / ACRE,46.0,46.0,46.0,95.0,95.0,70.0
2023,MATAGORDA,74.1,BU / ACRE,69.0,69.0,100.0,98.0,38.0,83.0
2022,MATAGORDA,81.4,BU / ACRE,63.0,2.0,100.0,99.0,39.0,81.0
2021,MATAGORDA,58.3,BU / ACRE,65.0,4.0,4.0,100.0,45.0,82.0
2020,MATAGORDA,121.2,BU / ACRE,67.0,67.0,67.0,98.0,45.0,87.0
2018,MATAGORDA,86.7,BU / ACRE,81.0,81.0,81.0,100.0,32.0,92.0
2017,MATAGORDA,98.3,BU / ACRE,72.0,72.0,72.0,100.0,39.0,87.0
2016,MATAGORDA,74.8,BU / ACRE,50.0,50.0,50.0,96.0,31.0,73.0
2015,MATAGORDA,69.2,BU / ACRE,57.0,57.0,100.0,95.0,11.0,73.0
2014,MATAGORDA,87.1,BU / ACRE,67.0,67.0,100.0,97.0,97.0,83.0
2013,MATAGORDA,91.9,BU / ACRE,64.0,64.0,64.0,98.0,40.0,77.0
2012,MATAGORDA,89.3,BU / ACRE,65.0,65.0,65.0,94.0,94.0,90.0
2011,MATAGORDA,62.2,BU / ACRE,55.0,55.0,95.0,92.0,92.0,74.0
2010,MATAGORDA,74.0,BU / ACRE,56.0,56.0,98.0,95.0,95.0,77.0
2009,MATAGORDA,85.0,BU / ACRE,61.0,61.0,97.0,95.0,95.0,80.0
2008,MATAGORDA,85.0,BU / ACRE,65.0,65.0,97.0,95.0,95.0,72.0
2007,MATAGORDA,69.0,BU / ACRE,62.0,62.0,98.0,94.0,94.0,72.0
2006,MATAGORDA,72.0,BU / ACRE,66.0,66.0,66.0,94.0,94.0,77.0
2005,MATAGORDA,94.6,BU / ACRE,47.0,47.0,94.0,89.0,89.0,60.0
2004,MATAGORDA,73.1,BU / ACRE,50.0,50.0,92.0,91.0,91.0,74.0
2003,MATAGORDA,52.1,BU / ACRE,48.0,48.0,91.0,84.0,29.0,59.0
2002,MATAGORDA,82.0,BU / ACRE,46.0,46.0,46.0,93.0,35.0,61.0
2001,MATAGORDA,92.6,BU / ACRE,42.0,42.0,42.0,92.0,92.0,67.0
2000,MATAGORDA,92.4,BU / ACRE,46.0,46.0,46.0,95.0,95.0,70.0
2024,VICTORIA,104.0,BU / ACRE,65.0,65.0,100.0,100.0,42.0,82.0
2022,VICTORIA,71.6,BU / ACRE,63.0,2.0,100.0,99.0,39.0,81.0
2020,VICTORIA,93.9,BU / ACRE,67.0,67.0,67.0,98.0,45.0,87.0
2019,VICTORIA,81.5,BU / ACRE,65.0,65.0,100.0,100.0,43.0,80.0
2018,VICTORIA,75.4,BU / ACRE,81.0,81.0,81.0,100.0,32.0,92.0
2017,VICTORIA,96.6,BU / ACRE,72.0,72.0,72.0,100.0,39.0,87.0
2016,VICTORIA,77.7,BU / ACRE,50.0,50.0,50.0,96.0,31.0,73.0
2015,VICTORIA,61.6,BU / ACRE,57.0,57.0,100.0,95.0,11.0,73.0
2014,VICTORIA,95.6,BU / ACRE,67.0,67.0,100.0,97.0,97.0,83.0
2013,VICTORIA,82.0,BU / ACRE,64.0,64.0,64.0,98.0,40.0,77.0
2012,VICTORIA,81.3,BU / ACRE,65.0,65.0,65.0,94.0,94.0,90.0
2011,VICTORIA,74.0,BU / ACRE,55.0,55.0,95.0,92.0,92.0,74.0
2010,VICTORIA,79.1,BU / ACRE,56.0,56.0,98.0,95.0,95.0,77.0
2009,VICTORIA,68.0,BU / ACRE,61.0,61.0,97.0,95.0,95.0,80.0
2008,VICTORIA,73.0,BU / ACRE,65.0,65.0,97.0,95.0,95.0,72.0
2007,VICTORIA,73.0,BU / ACRE,62.0,62.0,98.0,94.0,94.0,72.0
2006,VICTORIA,70.0,BU / ACRE,66.0,66.0,66.0,94.0,94.0,77.0
2005,VICTORIA,86.9,BU / ACRE,47.0,47.0,94.0,89.0,89.0,60.0
2004,VICTORIA,65.1,BU / ACRE,50.0,50.0,92.0,91.0,91.0,74.0
2003,VICTORIA,54.5,BU / ACRE,48.0,48.0,91.0,84.0,29.0,59.0
2002,VICTORIA,60.9,BU / ACRE,46.0,46.0,46.0,93.0,35.0,61.0
2001,VICTORIA,84.1,BU / ACRE,42.0,42.0,42.0,92.0,92.0,67.0
2000,VICTORIA,105.4,BU / ACRE,46.0,46.0,46.0,95.0,95.0,70.0
2024,WHARTON,83.4,BU / ACRE,65.0,65.0,100.0,100.0,42.0,82.0
2023,WHARTON,72.6,BU / ACRE,69.0,69.0,100.0,98.0,38.0,83.0
2022,WHARTON,81.8,BU / ACRE,63.0,2.0,100.0,99.0,39.0,81.0
2021,WHARTON,66.1,BU / ACRE,65.0,4.0,4.0,100.0,45.0,82.0
2020,WHARTON,130.4,BU / ACRE,67.0,67.0,67.0,98.0,45.0,87.0
2019,WHARTON,89.0,BU / ACRE,65.0,65.0,100.0,100.0,43.0,80.0
2018,WHARTON,74.5,BU / ACRE,81.0,81.0,81.0,100.0,32.0,92.0
2017,WHARTON,91.5,BU / ACRE,72.0,72.0,72.0,100.0,39.0,87.0
2016,WHARTON,75.2,BU / ACRE,50.0,50.0,50.0,96.0,31.0,73.0
2015,WHARTON,79.6,BU / ACRE,57.0,57.0,100.0,95.0,11.0,73.0
2014,WHARTON,91.5,BU / ACRE,67.0,67.0,100.0,97.0,97.0,83.0
2013,WHARTON,86.4,BU / ACRE,64.0,64.0,64.0,98.0,40.0,77.0
2012,WHARTON,100.3,BU / ACRE,65.0,65.0,65.0,94.0,94.0,90.0
2011,WHARTON,51.9,BU / ACRE,55.0,55.0,95.0,92.0,92.0,74.0
2010,WHARTON,74.1,BU / ACRE,56.0,56.0,98.0,95.0,95.0,77.0
2009,WHARTON,61.0,BU / ACRE,61.0,61.0,97.0,95.0,95.0,80.0
2008,WHARTON,73.0,BU / ACRE,65.0,65.0,97.0,95.0,95.0,72.0
2007,WHARTON,69.0,BU / ACRE,62.0,62.0,98.0,94.0,94.0,72.0
2006,WHARTON,80.0,BU / ACRE,66.0,66.0,66.0,94.0,94.0,77.0
2005,WHARTON,81.6,BU / ACRE,47.0,47.0,94.0,89.0,89.0,60.0
2004,WHARTON,71.7,BU / ACRE,50.0,50.0,92.0,91.0,91.0,74.0
2003,WHARTON,52.4,BU / ACRE,48.0,48.0,91.0,84.0,29.0,59.0
2002,WHARTON,82.6,BU / ACRE,46.0,46.0,46.0,93.0,35.0,61.0
2001,WHARTON,94.6,BU / ACRE,42.0,42.0,42.0,92.0,92.0,67.0
2000,WHARTON,100.8,BU / ACRE,46.0,46.0,46.0,95.0,95.0,70.0
2019,OTHER (COMBINED) COUNTIES,36.6,BU / ACRE,65.0,65.0,100.0,100.0,43.0,80.0
2017,OTHER (COMBINED) COUNTIES,48.5,BU / ACRE,72.0,72.0,72.0,100.0,39.0,87.0
2016,OTHER (COMBINED) COUNTIES,61.3,BU / ACRE,50.0,50.0,50.0,96.0,31.0,73.0
2014,OTHER (COMBINED) COUNTIES,34.2,BU / ACRE,67.0,67.0,100.0,97.0,97.0,83.0
2013,OTHER (COMBINED) COUNTIES,57.1,BU / ACRE,64.0,64.0,64.0,98.0,40.0,77.0
2012,OTHER (COMBINED) COUNTIES,42.1,BU / ACRE,65.0,65.0,65.0,94.0,94.0,90.0
2011,OTHER (COMBINED) COUNTIES,52.1,BU / ACRE,55.0,55.0,95.0,92.0,92.0,74.0
2010,OTHER (COMBINED) COUNTIES,66.0,BU / ACRE,56.0,56.0,98.0,95.0,95.0,77.0
2009,OTHER (COMBINED) COUNTIES,34.0,BU / ACRE,61.0,61.0,97.0,95.0,95.0,80.0
2008,OTHER (COMBINED) COUNTIES,51.0,BU / ACRE,65.0,65.0,97.0,95.0,95.0,72.0
2007,OTHER (COMBINED) COUNTIES,29.0,BU / ACRE,62.0,62.0,98.0,94.0,94.0,72.0
2006,OTHER (COMBINED) COUNTIES,32.0,BU / ACRE,66.0,66.0,66.0,94.0,94.0,77.0
2005,OTHER (COMBINED) COUNTIES,22.6,BU / ACRE,47.0,47.0,94.0,89.0,89.0,60.0
2004,OTHER (COMBINED) COUNTIES,63.7,BU / ACRE,50.0,50.0,92.0,91.0,91.0,74.0
2003,OTHER (COMBINED) COUNTIES,47.3,BU / ACRE,48.0,48.0,91.0,84.0,29.0,59.0
2002,OTHER (COMBINED) COUNTIES,40.7,BU / ACRE,46.0,46.0,46.0,93.0,35.0,61.0
2001,OTHER (COMBINED) COUNTIES,70.0,BU / ACRE,42.0,42.0,42.0,92.0,92.0,67.0
2000,OTHER (COMBINED) COUNTIES,51.4,BU / ACRE,46.0,46.0,46.0,95.0,95.0,70.0
2023,ATASCOSA,50.0,BU / ACRE,69.0,69.0,100.0,98.0,38.0,83.0
2013,ATASCOSA,61.1,BU / ACRE,64.0,64.0,64.0,98.0,40.0,77.0
2007,ATASCOSA,60.0,BU / ACRE,62.0,62.0,98.0,94.0,94.0,72.0
2005,ATASCOSA,47.0,BU / ACRE,47.0,47.0,94.0,89.0,89.0,60.0
2004,ATASCOSA,50.6,BU / ACRE,50.0,50.0,92.0,91.0,91.0,74.0
2003,ATASCOSA,45.4,BU / ACRE,48.0,48.0,91.0,84.0,29.0,59.0
2002,ATASCOSA,25.7,BU / ACRE,46.0,46.0,46.0,93.0,35.0,61.0
2001,ATASCOSA,32.9,BU / ACRE,42.0,42.0,42.0,92.0,92.0,67.0
2000,ATASCOSA,55.0,BU / ACRE,46.0,46.0,46.0,95.0,95.0,70.0
2005,BROOKS,41.3,BU / ACRE,47.0,47.0,94.0,89.0,89.0,60.0
2004,BROOKS,57.8,BU / ACRE,50.0,50.0,92.0,91.0,91.0,74.0
2003,BROOKS,38.5,BU / ACRE,48.0,48.0,91.0,84.0,29.0,59.0
2002,BROOKS,29.2,BU / ACRE,46.0,46.0,46.0,93.0,35.0,61.0
2001,BROOKS,20.0,BU / ACRE,42.0,42.0,42.0,92.0,92.0,67.0
2000,BROOKS,43.0,BU / ACRE,46.0,46.0,46.0,95.0,95.0,70.0
2004,DUVAL,58.2,BU / ACRE,50.0,50.0,92.0,91.0,91.0,74.0
2003,DUVAL,34.6,BU / ACRE,48.0,48.0,91.0,84.0,29.0,59.0
2002,DUVAL,40.0,BU / ACRE,46.0,46.0,46.0,93.0,35.0,61.0
2001,DUVAL,31.3,BU / ACRE,42.0,42.0,42.0,92.0,92.0,67.0
2000,DUVAL,33.2,BU / ACRE,46.0,46.0,46.0,95.0,95.0,70.0
2017,FRIO,76.0,BU / ACRE,72.0,72.0,72.0,100.0,39.0,87.0
2016,FRIO,44.5,BU / ACRE,50.0,50.0,50.0,96.0,31.0,73.0
2014,FRIO,62.8,BU / ACRE,67.0,67.0,100.0,97.0,97.0,83.0
2013,FRIO,72.8,BU / ACRE,64.0,64.0,64.0,98.0,40.0,77.0
2012,FRIO,58.3,BU / ACRE,65.0,65.0,65.0,94.0,94.0,90.0
2009,FRIO,45.0,BU / ACRE,61.0,61.0,97.0,95.0,95.0,80.0
2008,FRIO,45.0,BU / ACRE,65.0,65.0,97.0,95.0,95.0,72.0
2007,FRIO,54.0,BU / ACRE,62.0,62.0,98.0,94.0,94.0,72.0
2006,FRIO,38.0,BU / ACRE,66.0,66.0,66.0,94.0,94.0,77.0
2005,FRIO,47.2,BU / ACRE,47.0,47.0,94.0,89.0,89.0,60.0
2004,FRIO,39.2,BU / ACRE,50.0,50.0,92.0,91.0,91.0,74.0
2003,FRIO,55.9,BU / ACRE,48.0,48.0,91.0,84.0,29.0,59.0
2002,FRIO,39.3,BU / ACRE,46.0,46.0,46.0,93.0,35.0,61.0
2001,FRIO,44.8,BU / ACRE,42.0,42.0,42.0,92.0,92.0,67.0
2000,FRIO,69.0,BU / ACRE,46.0,46.0,46.0,95.0,95.0,70.0
2022,JIM WELLS,27.0,BU / ACRE,63.0,2.0,100.0,99.0,39.0,81.0
2021,JIM WELLS,51.1,BU / ACRE,65.0,4.0,4.0,100.0,45.0,82.0
2020,JIM WELLS,39.5,BU / ACRE,67.0,67.0,67.0,98.0,45.0,87.0
2019,JIM WELLS,56.1,BU / ACRE,65.0,65.0,100.0,100.0,43.0,80.0
2016,JIM WELLS,49.3,BU / ACRE,50.0,50.0,50.0,96.0,31.0,73.0
2014,JIM WELLS,48.3,BU / ACRE,67.0,67.0,100.0,97.0,97.0,83.0
2013,JIM WELLS,25.0,BU / ACRE,64.0,64.0,64.0,98.0,40.0,77.0
2012,JIM WELLS,28.1,BU / ACRE,65.0,65.0,65.0,94.0,94.0,90.0
2011,JIM WELLS,30.6,BU / ACRE,55.0,55.0,95.0,92.0,92.0,74.0
2010,JIM WELLS,56.5,BU / ACRE,56.0,56.0,98.0,95.0,95.0,77.0
2008,JIM WELLS,30.0,BU / ACRE,65.0,65.0,97.0,95.0,95.0,72.0
2007,JIM WELLS,50.0,BU / ACRE,62.0,62.0,98.0,94.0,94.0,72.0
2006,JIM WELLS,35.0,BU / ACRE,66.0,66.0,66.0,94.0,94.0,77.0
2005,JIM WELLS,35.9,BU / ACRE,47.0,47.0,94.0,89.0,89.0,60.0
2004,JIM WELLS,57.5,BU / ACRE,50.0,50.0,92.0,91.0,91.0,74.0
2003,JIM WELLS,41.8,BU / ACRE,48.0,48.0,91.0,84.0,29.0,59.0
2002,JIM WELLS,29.6,BU / ACRE,46.0,46.0,46.0,93.0,35.0,61.0
2001,JIM WELLS,33.4,BU / ACRE,42.0,42.0,42.0,92.0,92.0,67.0
2000,JIM WELLS,48.3,BU / ACRE,46.0,46.0,46.0,95.0,95.0,70.0
2004,LA SALLE,25.0,BU / ACRE,50.0,50.0,92.0,91.0,91.0,74.0
2003,LA SALLE,46.9,BU / ACRE,48.0,48.0,91.0,84.0,29.0,59.0
2002,LA SALLE,32.9,BU / ACRE,46.0,46.0,46.0,93.0,35.0,61.0
2001,LA SALLE,35.5,BU / ACRE,42.0,42.0,42.0,92.0,92.0,67.0
2000,LA SALLE,55.0,BU / ACRE,46.0,46.0,46.0,95.0,95.0,70.0
2014,LIVE OAK,64.5,BU / ACRE,67.0,67.0,100.0,97.0,97.0,83.0
2013,LIVE OAK,34.4,BU / ACRE,64.0,64.0,64.0,98.0,40.0,77.0
2011,LIVE OAK,49.6,BU / ACRE,55.0,55.0,95.0,92.0,92.0,74.0
2010,LIVE OAK,89.6,BU / ACRE,56.0,56.0,98.0,95.0,95.0,77.0
2007,LIVE OAK,93.0,BU / ACRE,62.0,62.0,98.0,94.0,94.0,72.0
2006,LIVE OAK,70.0,BU / ACRE,66.0,66.0,66.0,94.0,94.0,77.0
2005,LIVE OAK,62.9,BU / ACRE,47.0,47.0,94.0,89.0,89.0,60.0
2004,LIVE OAK,73.1,BU / ACRE,50.0,50.0,92.0,91.0,91.0,74.0
2003,LIVE OAK,44.9,BU / ACRE,48.0,48.0,91.0,84.0,29.0,59.0
2002,LIVE OAK,42.6,BU / ACRE,46.0,46.0,46.0,93.0,35.0,61.0
2001,LIVE OAK,45.5,BU / ACRE,42.0,42.0,42.0,92.0,92.0,67.0
2000,LIVE OAK,42.9,BU / ACRE,46.0,46.0,46.0,95.0,95.0,70.0
2004,MCMULLEN,26.7,BU / ACRE,50.0,50.0,92.0,91.0,91.0,74.0
2002,MCMULLEN,40.0,BU / ACRE,46.0,46.0,46.0,93.0,35.0,61.0
2001,MCMULLEN,40.0,BU / ACRE,42.0,42.0,42.0,92.0,92.0,67.0
2000,MCMULLEN,45.4,BU / ACRE,46.0,46.0,46.0,95.0,95.0,70.0
2020,ZAVALA,82.4,BU / ACRE,67.0,67.0,67.0,98.0,45.0,87.0
2017,ZAVALA,62.6,BU / ACRE,72.0,72.0,72.0,100.0,39.0,87.0
2016,ZAVALA,60.5,BU / ACRE,50.0,50.0,50.0,96.0,31.0,73.0
2014,ZAVALA,34.3,BU / ACRE,67.0,67.0,100.0,97.0,97.0,83.0
2012,ZAVALA,47.8,BU / ACRE,65.0,65.0,65.0,94.0,94.0,90.0
2010,ZAVALA,69.8,BU / ACRE,56.0,56.0,98.0,95.0,95.0,77.0
2008,ZAVALA,62.0,BU / ACRE,65.0,65.0,97.0,95.0,95.0,72.0
2007,ZAVALA,62.0,BU / ACRE,62.0,62.0,98.0,94.0,94.0,72.0
2006,ZAVALA,81.0,BU / ACRE,66.0,66.0,66.0,94.0,94.0,77.0
2005,ZAVALA,64.6,BU / ACRE,47.0,47.0,94.0,89.0,89.0,60.0
2004,ZAVALA,86.0,BU / ACRE,50.0,50.0,92.0,91.0,91.0,74.0
2003,ZAVALA,73.6,BU / ACRE,48.0,48.0,91.0,84.0,29.0,59.0
2002,ZAVALA,73.8,BU / ACRE,46.0,46.0,46.0,93.0,35.0,61.0
2001,ZAVALA,63.5,BU / ACRE,42.0,42.0,42.0,92.0,92.0,67.0
2000,ZAVALA,53.5,BU / ACRE,46.0,46.0,46.0,95.0,95.0,70.0
2019,OTHER (COMBINED) COUNTIES,44.9,BU / ACRE,65.0,65.0,100.0,100.0,43.0,80.0
2017,OTHER (COMBINED) COUNTIES,51.2,BU / ACRE,72.0,72.0,72.0,100.0,39.0,87.0
2015,OTHER (COMBINED) COUNTIES,54.4,BU / ACRE,57.0,57.0,100.0,95.0,11.0,73.0
2025,CAMERON,67.3,BU / ACRE,67.0,67.0,100.0,100.0,46.0,81.0
2024,CAMERON,60.1,BU / ACRE,65.0,65.0,100.0,100.0,42.0,82.0
2023,CAMERON,60.4,BU / ACRE,69.0,69.0,100.0,98.0,38.0,83.0
2022,CAMERON,64.1,BU / ACRE,63.0,2.0,100.0,99.0,39.0,81.0
2021,CAMERON,54.5,BU / ACRE,65.0,4.0,4.0,100.0,45.0,82.0
2020,CAMERON,65.6,BU / ACRE,67.0,67.0,67.0,98.0,45.0,87.0
2019,CAMERON,52.7,BU / ACRE,65.0,65.0,100.0,100.0,43.0,80.0
2018,CAMERON,46.1,BU / ACRE,81.0,81.0,81.0,100.0,32.0,92.0
2016,CAMERON,66.5,BU / ACRE,50.0,50.0,50.0,96.0,31.0,73.0
2015,CAMERON,69.1,BU / ACRE,57.0,57.0,100.0,95.0,11.0,73.0
2014,CAMERON,71.9,BU / ACRE,67.0,67.0,100.0,97.0,97.0,83.0
2013,CAMERON,59.7,BU / ACRE,64.0,64.0,64.0,98.0,40.0,77.0
2012,CAMERON,76.1,BU / ACRE,65.0,65.0,65.0,94.0,94.0,90.0
2011,CAMERON,56.3,BU / ACRE,55.0,55.0,95.0,92.0,92.0,74.0
2010,CAMERON,70.4,BU / ACRE,56.0,56.0,98.0,95.0,95.0,77.0
2009,CAMERON,53.0,BU / ACRE,61.0,61.0,97.0,95.0,95.0,80.0
2008,CAMERON,59.0,BU / ACRE,65.0,65.0,97.0,95.0,95.0,72.0
2007,CAMERON,73.0,BU / ACRE,62.0,62.0,98.0,94.0,94.0,72.0
2006,CAMERON,52.0,BU / ACRE,66.0,66.0,66.0,94.0,94.0,77.0
2005,CAMERON,64.1,BU / ACRE,47.0,47.0,94.0,89.0,89.0,60.0
2004,CAMERON,70.1,BU / ACRE,50.0,50.0,92.0,91.0,91.0,74.0
2003,CAMERON,69.5,BU / ACRE,48.0,48.0,91.0,84.0,29.0,59.0
2002,CAMERON,38.8,BU / ACRE,46.0,46.0,46.0,93.0,35.0,61.0
2001,CAMERON,49.7,BU / ACRE,42.0,42.0,42.0,92.0,92.0,67.0
2000,CAMERON,68.9,BU / ACRE,46.0,46.0,46.0,95.0,95.0,70.0
2024,HIDALGO,49.7,BU / ACRE,65.0,65.0,100.0,100.0,42.0,82.0
2023,HIDALGO,39.4,BU / ACRE,69.0,69.0,100.0,98.0,38.0,83.0
2022,HIDALGO,42.0,BU / ACRE,63.0,2.0,100.0,99.0,39.0,81.0
2021,HIDALGO,53.8,BU / ACRE,65.0,4.0,4.0,100.0,45.0,82.0
2020,HIDALGO,49.9,BU / ACRE,67.0,67.0,67.0,98.0,45.0,87.0
2018,HIDALGO,45.5,BU / ACRE,81.0,81.0,81.0,100.0,32.0,92.0
2017,HIDALGO,53.9,BU / ACRE,72.0,72.0,72.0,100.0,39.0,87.0
2016,HIDALGO,58.2,BU / ACRE,50.0,50.0,50.0,96.0,31.0,73.0
2014,HIDALGO,60.0,BU / ACRE,67.0,67.0,100.0,97.0,97.0,83.0
2013,HIDALGO,37.8,BU / ACRE,64.0,64.0,64.0,98.0,40.0,77.0
2012,HIDALGO,61.5,BU / ACRE,65.0,65.0,65.0,94.0,94.0,90.0
2011,HIDALGO,43.0,BU / ACRE,55.0,55.0,95.0,92.0,92.0,74.0
2010,HIDALGO,56.6,BU / ACRE,56.0,56.0,98.0,95.0,95.0,77.0
2009,HIDALGO,49.0,BU / ACRE,61.0,61.0,97.0,95.0,95.0,80.0
2008,HIDALGO,53.0,BU / ACRE,65.0,65.0,97.0,95.0,95.0,72.0
2007,HIDALGO,62.0,BU / ACRE,62.0,62.0,98.0,94.0,94.0,72.0
2006,HIDALGO,69.0,BU / ACRE,66.0,66.0,66.0,94.0,94.0,77.0
2005,HIDALGO,55.0,BU / ACRE,47.0,47.0,94.0,89.0,89.0,60.0
2004,HIDALGO,63.8,BU / ACRE,50.0,50.0,92.0,91.0,91.0,74.0
2003,HIDALGO,51.0,BU / ACRE,48.0,48.0,91.0,84.0,29.0,59.0
2002,HIDALGO,35.5,BU / ACRE,46.0,46.0,46.0,93.0,35.0,61.0
2001,HIDALGO,46.7,BU / ACRE,42.0,42.0,42.0,92.0,92.0,67.0
2000,HIDALGO,52.0,BU / ACRE,46.0,46.0,46.0,95.0,95.0,70.0
2021,STARR,53.1,BU / ACRE,65.0,4.0,4.0,100.0,45.0,82.0
2018,STARR,27.0,BU / ACRE,81.0,81.0,81.0,100.0,32.0,92.0
2016,STARR,63.5,BU / ACRE,50.0,50.0,50.0,96.0,31.0,73.0
2014,STARR,42.4,BU / ACRE,67.0,67.0,100.0,97.0,97.0,83.0
2013,STARR,23.9,BU / ACRE,64.0,64.0,64.0,98.0,40.0,77.0
2012,STARR,50.9,BU / ACRE,65.0,65.0,65.0,94.0,94.0,90.0
2011,STARR,21.8,BU / ACRE,55.0,55.0,95.0,92.0,92.0,74.0
2010,STARR,41.0,BU / ACRE,56.0,56.0,98.0,95.0,95.0,77.0
2009,STARR,31.0,BU / ACRE,61.0,61.0,97.0,95.0,95.0,80.0
2008,STARR,25.0,BU / ACRE,65.0,65.0,97.0,95.0,95.0,72.0
2007,STARR,53.0,BU / ACRE,62.0,62.0,98.0,94.0,94.0,72.0
2006,STARR,50.0,BU / ACRE,66.0,66.0,66.0,94.0,94.0,77.0
2005,STARR,23.3,BU / ACRE,47.0,47.0,94.0,89.0,89.0,60.0
2004,STARR,42.7,BU / ACRE,50.0,50.0,92.0,91.0,91.0,74.0
2003,STARR,28.7,BU / ACRE,48.0,48.0,91.0,84.0,29.0,59.0
2002,STARR,21.6,BU / ACRE,46.0,46.0,46.0,93.0,35.0,61.0
2001,STARR,33.6,BU / ACRE,42.0,42.0,42.0,92.0,92.0,67.0
2000,STARR,41.6,BU / ACRE,46.0,46.0,46.0,95.0,95.0,70.0
2025,WILLACY,74.3,BU / ACRE,67.0,67.0,100.0,100.0,46.0,81.0
2024,WILLACY,63.5,BU / ACRE,65.0,65.0,100.0,100.0,42.0,82.0
2023,WILLACY,65.0,BU / ACRE,69.0,69.0,100.0,98.0,38.0,83.0
2021,WILLACY,66.7,BU / ACRE,65.0,4.0,4.0,100.0,45.0,82.0
2020,WILLACY,62.8,BU / ACRE,67.0,67.0,67.0,98.0,45.0,87.0
2019,WILLACY,54.1,BU / ACRE,65.0,65.0,100.0,100.0,43.0,80.0
2018,WILLACY,29.9,BU / ACRE,81.0,81.0,81.0,100.0,32.0,92.0
2017,WILLACY,62.5,BU / ACRE,72.0,72.0,72.0,100.0,39.0,87.0
2016,WILLACY,80.4,BU / ACRE,50.0,50.0,50.0,96.0,31.0,73.0
2015,WILLACY,77.9,BU / ACRE,57.0,57.0,100.0,95.0,11.0,73.0
2014,WILLACY,76.7,BU / ACRE,67.0,67.0,100.0,97.0,97.0,83.0
2013,WILLACY,20.5,BU / ACRE,64.0,64.0,64.0,98.0,40.0,77.0
2012,WILLACY,74.8,BU / ACRE,65.0,65.0,65.0,94.0,94.0,90.0
2011,WILLACY,50.2,BU / ACRE,55.0,55.0,95.0,92.0,92.0,74.0
2010,WILLACY,90.4,BU / ACRE,56.0,56.0,98.0,95.0,95.0,77.0
2009,WILLACY,45.0,BU / ACRE,61.0,61.0,97.0,95.0,95.0,80.0
2008,WILLACY,70.0,BU / ACRE,65.0,65.0,97.0,95.0,95.0,72.0
2007,WILLACY,75.0,BU / ACRE,62.0,62.0,98.0,94.0,94.0,72.0
2006,WILLACY,28.0,BU / ACRE,66.0,66.0,66.0,94.0,94.0,77.0
2005,WILLACY,49.5,BU / ACRE,47.0,47.0,94.0,89.0,89.0,60.0
2004,WILLACY,77.5,BU / ACRE,50.0,50.0,92.0,91.0,91.0,74.0
2003,WILLACY,66.8,BU / ACRE,48.0,48.0,91.0,84.0,29.0,59.0
2002,WILLACY,30.9,BU / ACRE,46.0,46.0,46.0,93.0,35.0,61.0
2001,WILLACY,40.0,BU / ACRE,42.0,42.0,42.0,92.0,92.0,67.0
2000,WILLACY,69.3,BU / ACRE,46.0,46.0,46.0,95.0,95.0,70.0
2025,OTHER COUNTIES,46.6,BU / ACRE,67.0,67.0,100.0,100.0,46.0,81.0
2024,OTHER COUNTIES,51.0,BU / ACRE,65.0,65.0,100.0,100.0,42.0,82.0
2023,OTHER COUNTIES,41.3,BU / ACRE,69.0,69.0,100.0,98.0,38.0,83.0
2022,OTHER COUNTIES,51.8,BU / ACRE,63.0,2.0,100.0,99.0,39.0,81.0
2021,OTHER COUNTIES,55.0,BU / ACRE,65.0,4.0,4.0,100.0,45.0,82.0
2020,OTHER COUNTIES,53.6,BU / ACRE,67.0,67.0,67.0,98.0,45.0,87.0
