Year,County,Yield_Bu_Acre,PCT_PLANTED_April,PCT_PLANTED_December,PCT_PLANTED_February,PCT_PLANTED_January,PCT_PLANTED_March,PCT_PLANTED_November,PCT_PLANTED_October,PCT_PLANTED_September
2007,ARMSTRONG,41.0,2007.0,2007.0,2007.0,2007.0,2007.0,92.0,84.0,41.0
2006,ARMSTRONG,19.0,2006.0,2006.0,2006.0,2006.0,2006.0,88.0,84.0,41.0
2005,ARMSTRONG,23.4,2005.0,2005.0,2005.0,2005.0,2005.0,91.0,83.0,61.0
2004,ARMSTRONG,28.3,2004.0,2004.0,2004.0,2004.0,2004.0,91.0,84.0,55.0
2003,ARMSTRONG,16.8,2003.0,2003.0,2003.0,2003.0,2003.0,93.0,83.0,52.0
2002,ARMSTRONG,19.2,2002.0,2002.0,2002.0,2002.0,2002.0,95.0,87.0,59.0
2001,ARMSTRONG,35.6,2001.0,2001.0,2001.0,2001.0,2001.0,87.0,70.0,22.0
2000,ARMSTRONG,20.6,2000.0,2000.0,2000.0,2000.0,2000.0,92.0,77.0,40.0
2007,BRISCOE,33.0,2007.0,2007.0,2007.0,2007.0,2007.0,92.0,84.0,41.0
2006,BRISCOE,14.0,2006.0,2006.0,2006.0,2006.0,2006.0,88.0,84.0,41.0
2005,BRISCOE,26.3,2005.0,2005.0,2005.0,2005.0,2005.0,91.0,83.0,61.0
2004,BRISCOE,20.6,2004.0,2004.0,2004.0,2004.0,2004.0,91.0,84.0,55.0
2003,BRISCOE,14.2,2003.0,2003.0,2003.0,2003.0,2003.0,93.0,83.0,52.0
2002,BRISCOE,18.9,2002.0,2002.0,2002.0,2002.0,2002.0,95.0,87.0,59.0
2001,BRISCOE,25.5,2001.0,2001.0,2001.0,2001.0,2001.0,87.0,70.0,22.0
2000,BRISCOE,15.0,2000.0,2000.0,2000.0,2000.0,2000.0,92.0,77.0,40.0
2007,CARSON,46.0,2007.0,2007.0,2007.0,2007.0,2007.0,92.0,84.0,41.0
2006,CARSON,16.0,2006.0,2006.0,2006.0,2006.0,2006.0,88.0,84.0,41.0
2005,CARSON,34.0,2005.0,2005.0,2005.0,2005.0,2005.0,91.0,83.0,61.0
2004,CARSON,27.9,2004.0,2004.0,2004.0,2004.0,2004.0,91.0,84.0,55.0
2003,CARSON,26.5,2003.0,2003.0,2003.0,2003.0,2003.0,93.0,83.0,52.0
2002,CARSON,15.8,2002.0,2002.0,2002.0,2002.0,2002.0,95.0,87.0,59.0
2001,CARSON,39.7,2001.0,2001.0,2001.0,2001.0,2001.0,87.0,70.0,22.0
2000,CARSON,17.5,2000.0,2000.0,2000.0,2000.0,2000.0,92.0,77.0,40.0
2007,CASTRO,45.0,2007.0,2007.0,2007.0,2007.0,2007.0,92.0,84.0,41.0
2006,CASTRO,38.0,2006.0,2006.0,2006.0,2006.0,2006.0,88.0,84.0,41.0
2005,CASTRO,42.6,2005.0,2005.0,2005.0,2005.0,2005.0,91.0,83.0,61.0
2004,CASTRO,46.1,2004.0,2004.0,2004.0,2004.0,2004.0,91.0,84.0,55.0
2003,CASTRO,54.4,2003.0,2003.0,2003.0,2003.0,2003.0,93.0,83.0,52.0
2002,CASTRO,41.5,2002.0,2002.0,2002.0,2002.0,2002.0,95.0,87.0,59.0
2001,CASTRO,41.8,2001.0,2001.0,2001.0,2001.0,2001.0,87.0,70.0,22.0
2000,CASTRO,33.0,2000.0,2000.0,2000.0,2000.0,2000.0,92.0,77.0,40.0
2007,DALLAM,50.0,2007.0,2007.0,2007.0,2007.0,2007.0,92.0,84.0,41.0
2006,DALLAM,34.0,2006.0,2006.0,2006.0,2006.0,2006.0,88.0,84.0,41.0
2005,DALLAM,48.7,2005.0,2005.0,2005.0,2005.0,2005.0,91.0,83.0,61.0
2004,DALLAM,39.9,2004.0,2004.0,2004.0,2004.0,2004.0,91.0,84.0,55.0
2003,DALLAM,39.1,2003.0,2003.0,2003.0,2003.0,2003.0,93.0,83.0,52.0
2002,DALLAM,50.2,2002.0,2002.0,2002.0,2002.0,2002.0,95.0,87.0,59.0
2001,DALLAM,50.7,2001.0,2001.0,2001.0,2001.0,2001.0,87.0,70.0,22.0
2000,DALLAM,41.1,2000.0,2000.0,2000.0,2000.0,2000.0,92.0,77.0,40.0
2007,DEAF SMITH,41.0,2007.0,2007.0,2007.0,2007.0,2007.0,92.0,84.0,41.0
2006,DEAF SMITH,27.0,2006.0,2006.0,2006.0,2006.0,2006.0,88.0,84.0,41.0
2005,DEAF SMITH,36.0,2005.0,2005.0,2005.0,2005.0,2005.0,91.0,83.0,61.0
2004,DEAF SMITH,32.0,2004.0,2004.0,2004.0,2004.0,2004.0,91.0,84.0,55.0
2003,DEAF SMITH,18.8,2003.0,2003.0,2003.0,2003.0,2003.0,93.0,83.0,52.0
2002,DEAF SMITH,27.3,2002.0,2002.0,2002.0,2002.0,2002.0,95.0,87.0,59.0
2001,DEAF SMITH,40.6,2001.0,2001.0,2001.0,2001.0,2001.0,87.0,70.0,22.0
2000,DEAF SMITH,22.6,2000.0,2000.0,2000.0,2000.0,2000.0,92.0,77.0,40.0
2007,FLOYD,36.0,2007.0,2007.0,2007.0,2007.0,2007.0,92.0,84.0,41.0
2006,FLOYD,14.0,2006.0,2006.0,2006.0,2006.0,2006.0,88.0,84.0,41.0
2005,FLOYD,26.6,2005.0,2005.0,2005.0,2005.0,2005.0,91.0,83.0,61.0
2004,FLOYD,26.3,2004.0,2004.0,2004.0,2004.0,2004.0,91.0,84.0,55.0
2003,FLOYD,14.7,2003.0,2003.0,2003.0,2003.0,2003.0,93.0,83.0,52.0
2002,FLOYD,17.9,2002.0,2002.0,2002.0,2002.0,2002.0,95.0,87.0,59.0
2001,FLOYD,25.3,2001.0,2001.0,2001.0,2001.0,2001.0,87.0,70.0,22.0
2000,FLOYD,13.3,2000.0,2000.0,2000.0,2000.0,2000.0,92.0,77.0,40.0
2007,GRAY,42.0,2007.0,2007.0,2007.0,2007.0,2007.0,92.0,84.0,41.0
2006,GRAY,13.0,2006.0,2006.0,2006.0,2006.0,2006.0,88.0,84.0,41.0
2005,GRAY,30.9,2005.0,2005.0,2005.0,2005.0,2005.0,91.0,83.0,61.0
2004,GRAY,27.8,2004.0,2004.0,2004.0,2004.0,2004.0,91.0,84.0,55.0
2003,GRAY,26.8,2003.0,2003.0,2003.0,2003.0,2003.0,93.0,83.0,52.0
2002,GRAY,17.8,2002.0,2002.0,2002.0,2002.0,2002.0,95.0,87.0,59.0
2001,GRAY,25.9,2001.0,2001.0,2001.0,2001.0,2001.0,87.0,70.0,22.0
2000,GRAY,15.5,2000.0,2000.0,2000.0,2000.0,2000.0,92.0,77.0,40.0
2007,HALE,45.0,2007.0,2007.0,2007.0,2007.0,2007.0,92.0,84.0,41.0
2006,HALE,30.0,2006.0,2006.0,2006.0,2006.0,2006.0,88.0,84.0,41.0
2005,HALE,30.6,2005.0,2005.0,2005.0,2005.0,2005.0,91.0,83.0,61.0
2004,HALE,29.5,2004.0,2004.0,2004.0,2004.0,2004.0,91.0,84.0,55.0
2003,HALE,36.0,2003.0,2003.0,2003.0,2003.0,2003.0,93.0,83.0,52.0
2002,HALE,30.2,2002.0,2002.0,2002.0,2002.0,2002.0,95.0,87.0,59.0
2001,HALE,41.3,2001.0,2001.0,2001.0,2001.0,2001.0,87.0,70.0,22.0
2000,HALE,27.9,2000.0,2000.0,2000.0,2000.0,2000.0,92.0,77.0,40.0
2007,HANSFORD,45.0,2007.0,2007.0,2007.0,2007.0,2007.0,92.0,84.0,41.0
2006,HANSFORD,21.0,2006.0,2006.0,2006.0,2006.0,2006.0,88.0,84.0,41.0
2005,HANSFORD,32.0,2005.0,2005.0,2005.0,2005.0,2005.0,91.0,83.0,61.0
2004,HANSFORD,27.6,2004.0,2004.0,2004.0,2004.0,2004.0,91.0,84.0,55.0
2003,HANSFORD,26.8,2003.0,2003.0,2003.0,2003.0,2003.0,93.0,83.0,52.0
2002,HANSFORD,25.6,2002.0,2002.0,2002.0,2002.0,2002.0,95.0,87.0,59.0
2001,HANSFORD,46.4,2001.0,2001.0,2001.0,2001.0,2001.0,87.0,70.0,22.0
2000,HANSFORD,28.7,2000.0,2000.0,2000.0,2000.0,2000.0,92.0,77.0,40.0
2007,HARTLEY,52.0,2007.0,2007.0,2007.0,2007.0,2007.0,92.0,84.0,41.0
2006,HARTLEY,23.0,2006.0,2006.0,2006.0,2006.0,2006.0,88.0,84.0,41.0
2005,HARTLEY,47.8,2005.0,2005.0,2005.0,2005.0,2005.0,91.0,83.0,61.0
2004,HARTLEY,50.6,2004.0,2004.0,2004.0,2004.0,2004.0,91.0,84.0,55.0
2003,HARTLEY,39.2,2003.0,2003.0,2003.0,2003.0,2003.0,93.0,83.0,52.0
2002,HARTLEY,47.3,2002.0,2002.0,2002.0,2002.0,2002.0,95.0,87.0,59.0
2001,HARTLEY,50.2,2001.0,2001.0,2001.0,2001.0,2001.0,87.0,70.0,22.0
2000,HARTLEY,39.6,2000.0,2000.0,2000.0,2000.0,2000.0,92.0,77.0,40.0
2007,HEMPHILL,31.0,2007.0,2007.0,2007.0,2007.0,2007.0,92.0,84.0,41.0
2006,HEMPHILL,27.0,2006.0,2006.0,2006.0,2006.0,2006.0,88.0,84.0,41.0
2005,HEMPHILL,25.5,2005.0,2005.0,2005.0,2005.0,2005.0,91.0,83.0,61.0
2004,HEMPHILL,25.2,2004.0,2004.0,2004.0,2004.0,2004.0,91.0,84.0,55.0
2003,HEMPHILL,25.8,2003.0,2003.0,2003.0,2003.0,2003.0,93.0,83.0,52.0
2002,HEMPHILL,10.9,2002.0,2002.0,2002.0,2002.0,2002.0,95.0,87.0,59.0
2001,HEMPHILL,29.5,2001.0,2001.0,2001.0,2001.0,2001.0,87.0,70.0,22.0
2000,HEMPHILL,21.3,2000.0,2000.0,2000.0,2000.0,2000.0,92.0,77.0,40.0
2007,HUTCHINSON,44.0,2007.0,2007.0,2007.0,2007.0,2007.0,92.0,84.0,41.0
2006,HUTCHINSON,24.0,2006.0,2006.0,2006.0,2006.0,2006.0,88.0,84.0,41.0
2005,HUTCHINSON,30.4,2005.0,2005.0,2005.0,2005.0,2005.0,91.0,83.0,61.0
2004,HUTCHINSON,19.6,2004.0,2004.0,2004.0,2004.0,2004.0,91.0,84.0,55.0
2003,HUTCHINSON,27.1,2003.0,2003.0,2003.0,2003.0,2003.0,93.0,83.0,52.0
2002,HUTCHINSON,20.3,2002.0,2002.0,2002.0,2002.0,2002.0,95.0,87.0,59.0
2001,HUTCHINSON,34.3,2001.0,2001.0,2001.0,2001.0,2001.0,87.0,70.0,22.0
2000,HUTCHINSON,31.1,2000.0,2000.0,2000.0,2000.0,2000.0,92.0,77.0,40.0
2007,LIPSCOMB,36.0,2007.0,2007.0,2007.0,2007.0,2007.0,92.0,84.0,41.0
2006,LIPSCOMB,29.0,2006.0,2006.0,2006.0,2006.0,2006.0,88.0,84.0,41.0
2005,LIPSCOMB,29.3,2005.0,2005.0,2005.0,2005.0,2005.0,91.0,83.0,61.0
2004,LIPSCOMB,26.4,2004.0,2004.0,2004.0,2004.0,2004.0,91.0,84.0,55.0
2003,LIPSCOMB,33.6,2003.0,2003.0,2003.0,2003.0,2003.0,93.0,83.0,52.0
2002,LIPSCOMB,10.6,2002.0,2002.0,2002.0,2002.0,2002.0,95.0,87.0,59.0
2001,LIPSCOMB,28.6,2001.0,2001.0,2001.0,2001.0,2001.0,87.0,70.0,22.0
2000,LIPSCOMB,29.9,2000.0,2000.0,2000.0,2000.0,2000.0,92.0,77.0,40.0
2007,MOORE,47.0,2007.0,2007.0,2007.0,2007.0,2007.0,92.0,84.0,41.0
2006,MOORE,28.0,2006.0,2006.0,2006.0,2006.0,2006.0,88.0,84.0,41.0
2005,MOORE,34.7,2005.0,2005.0,2005.0,2005.0,2005.0,91.0,83.0,61.0
2004,MOORE,30.7,2004.0,2004.0,2004.0,2004.0,2004.0,91.0,84.0,55.0
2003,MOORE,29.8,2003.0,2003.0,2003.0,2003.0,2003.0,93.0,83.0,52.0
2002,MOORE,47.4,2002.0,2002.0,2002.0,2002.0,2002.0,95.0,87.0,59.0
2001,MOORE,44.7,2001.0,2001.0,2001.0,2001.0,2001.0,87.0,70.0,22.0
2000,MOORE,41.4,2000.0,2000.0,2000.0,2000.0,2000.0,92.0,77.0,40.0
2007,OCHILTREE,49.0,2007.0,2007.0,2007.0,2007.0,2007.0,92.0,84.0,41.0
2006,OCHILTREE,21.0,2006.0,2006.0,2006.0,2006.0,2006.0,88.0,84.0,41.0
2005,OCHILTREE,36.5,2005.0,2005.0,2005.0,2005.0,2005.0,91.0,83.0,61.0
2004,OCHILTREE,24.9,2004.0,2004.0,2004.0,2004.0,2004.0,91.0,84.0,55.0
2003,OCHILTREE,25.7,2003.0,2003.0,2003.0,2003.0,2003.0,93.0,83.0,52.0
2002,OCHILTREE,17.2,2002.0,2002.0,2002.0,2002.0,2002.0,95.0,87.0,59.0
2001,OCHILTREE,34.6,2001.0,2001.0,2001.0,2001.0,2001.0,87.0,70.0,22.0
2000,OCHILTREE,25.1,2000.0,2000.0,2000.0,2000.0,2000.0,92.0,77.0,40.0
2007,OLDHAM,29.0,2007.0,2007.0,2007.0,2007.0,2007.0,92.0,84.0,41.0
2006,OLDHAM,18.0,2006.0,2006.0,2006.0,2006.0,2006.0,88.0,84.0,41.0
2005,OLDHAM,27.5,2005.0,2005.0,2005.0,2005.0,2005.0,91.0,83.0,61.0
2004,OLDHAM,21.9,2004.0,2004.0,2004.0,2004.0,2004.0,91.0,84.0,55.0
2003,OLDHAM,14.4,2003.0,2003.0,2003.0,2003.0,2003.0,93.0,83.0,52.0
2002,OLDHAM,16.0,2002.0,2002.0,2002.0,2002.0,2002.0,95.0,87.0,59.0
2001,OLDHAM,30.1,2001.0,2001.0,2001.0,2001.0,2001.0,87.0,70.0,22.0
2000,OLDHAM,15.5,2000.0,2000.0,2000.0,2000.0,2000.0,92.0,77.0,40.0
2007,PARMER,46.0,2007.0,2007.0,2007.0,2007.0,2007.0,92.0,84.0,41.0
2006,PARMER,29.0,2006.0,2006.0,2006.0,2006.0,2006.0,88.0,84.0,41.0
2005,PARMER,44.7,2005.0,2005.0,2005.0,2005.0,2005.0,91.0,83.0,61.0
2004,PARMER,34.3,2004.0,2004.0,2004.0,2004.0,2004.0,91.0,84.0,55.0
2003,PARMER,38.1,2003.0,2003.0,2003.0,2003.0,2003.0,93.0,83.0,52.0
2002,PARMER,23.8,2002.0,2002.0,2002.0,2002.0,2002.0,95.0,87.0,59.0
2001,PARMER,41.6,2001.0,2001.0,2001.0,2001.0,2001.0,87.0,70.0,22.0
2000,PARMER,18.8,2000.0,2000.0,2000.0,2000.0,2000.0,92.0,77.0,40.0
2007,POTTER,32.0,2007.0,2007.0,2007.0,2007.0,2007.0,92.0,84.0,41.0
2006,POTTER,19.0,2006.0,2006.0,2006.0,2006.0,2006.0,88.0,84.0,41.0
2005,POTTER,28.9,2005.0,2005.0,2005.0,2005.0,2005.0,91.0,83.0,61.0
2004,POTTER,22.2,2004.0,2004.0,2004.0,2004.0,2004.0,91.0,84.0,55.0
2003,POTTER,18.4,2003.0,2003.0,2003.0,2003.0,2003.0,93.0,83.0,52.0
2002,POTTER,13.7,2002.0,2002.0,2002.0,2002.0,2002.0,95.0,87.0,59.0
2001,POTTER,34.1,2001.0,2001.0,2001.0,2001.0,2001.0,87.0,70.0,22.0
2000,POTTER,26.6,2000.0,2000.0,2000.0,2000.0,2000.0,92.0,77.0,40.0
2007,RANDALL,39.0,2007.0,2007.0,2007.0,2007.0,2007.0,92.0,84.0,41.0
2006,RANDALL,25.0,2006.0,2006.0,2006.0,2006.0,2006.0,88.0,84.0,41.0
2005,RANDALL,23.3,2005.0,2005.0,2005.0,2005.0,2005.0,91.0,83.0,61.0
2004,RANDALL,20.0,2004.0,2004.0,2004.0,2004.0,2004.0,91.0,84.0,55.0
2003,RANDALL,15.0,2003.0,2003.0,2003.0,2003.0,2003.0,93.0,83.0,52.0
2002,RANDALL,22.2,2002.0,2002.0,2002.0,2002.0,2002.0,95.0,87.0,59.0
2001,RANDALL,33.9,2001.0,2001.0,2001.0,2001.0,2001.0,87.0,70.0,22.0
2000,RANDALL,19.1,2000.0,2000.0,2000.0,2000.0,2000.0,92.0,77.0,40.0
2007,ROBERTS,38.0,2007.0,2007.0,2007.0,2007.0,2007.0,92.0,84.0,41.0
2006,ROBERTS,17.0,2006.0,2006.0,2006.0,2006.0,2006.0,88.0,84.0,41.0
2005,ROBERTS,25.0,2005.0,2005.0,2005.0,2005.0,2005.0,91.0,83.0,61.0
2004,ROBERTS,28.9,2004.0,2004.0,2004.0,2004.0,2004.0,91.0,84.0,55.0
2003,ROBERTS,23.5,2003.0,2003.0,2003.0,2003.0,2003.0,93.0,83.0,52.0
2002,ROBERTS,30.4,2002.0,2002.0,2002.0,2002.0,2002.0,95.0,87.0,59.0
2001,ROBERTS,24.0,2001.0,2001.0,2001.0,2001.0,2001.0,87.0,70.0,22.0
2000,ROBERTS,20.9,2000.0,2000.0,2000.0,2000.0,2000.0,92.0,77.0,40.0
2007,SHERMAN,45.0,2007.0,2007.0,2007.0,2007.0,2007.0,92.0,84.0,41.0
2006,SHERMAN,30.0,2006.0,2006.0,2006.0,2006.0,2006.0,88.0,84.0,41.0
2005,SHERMAN,35.3,2005.0,2005.0,2005.0,2005.0,2005.0,91.0,83.0,61.0
2004,SHERMAN,49.3,2004.0,2004.0,2004.0,2004.0,2004.0,91.0,84.0,55.0
2003,SHERMAN,44.9,2003.0,2003.0,2003.0,2003.0,2003.0,93.0,83.0,52.0
2002,SHERMAN,43.6,2002.0,2002.0,2002.0,2002.0,2002.0,95.0,87.0,59.0
2001,SHERMAN,49.4,2001.0,2001.0,2001.0,2001.0,2001.0,87.0,70.0,22.0
2000,SHERMAN,46.5,2000.0,2000.0,2000.0,2000.0,2000.0,92.0,77.0,40.0
2007,SWISHER,45.0,2007.0,2007.0,2007.0,2007.0,2007.0,92.0,84.0,41.0
2006,SWISHER,21.0,2006.0,2006.0,2006.0,2006.0,2006.0,88.0,84.0,41.0
2005,SWISHER,31.7,2005.0,2005.0,2005.0,2005.0,2005.0,91.0,83.0,61.0
2004,SWISHER,28.4,2004.0,2004.0,2004.0,2004.0,2004.0,91.0,84.0,55.0
2003,SWISHER,26.1,2003.0,2003.0,2003.0,2003.0,2003.0,93.0,83.0,52.0
2002,SWISHER,21.8,2002.0,2002.0,2002.0,2002.0,2002.0,95.0,87.0,59.0
2001,SWISHER,35.5,2001.0,2001.0,2001.0,2001.0,2001.0,87.0,70.0,22.0
2000,SWISHER,19.1,2000.0,2000.0,2000.0,2000.0,2000.0,92.0,77.0,40.0
2007,OTHER (COMBINED) COUNTIES,25.0,2007.0,2007.0,2007.0,2007.0,2007.0,92.0,84.0,41.0
2006,ANDREWS,23.0,2006.0,2006.0,2006.0,2006.0,2006.0,88.0,84.0,41.0
2005,ANDREWS,27.2,2005.0,2005.0,2005.0,2005.0,2005.0,91.0,83.0,61.0
2004,ANDREWS,32.1,2004.0,2004.0,2004.0,2004.0,2004.0,91.0,84.0,55.0
2003,ANDREWS,13.5,2003.0,2003.0,2003.0,2003.0,2003.0,93.0,83.0,52.0
2002,ANDREWS,30.0,2002.0,2002.0,2002.0,2002.0,2002.0,95.0,87.0,59.0
2001,ANDREWS,24.6,2001.0,2001.0,2001.0,2001.0,2001.0,87.0,70.0,22.0
2000,ANDREWS,26.0,2000.0,2000.0,2000.0,2000.0,2000.0,92.0,77.0,40.0
2007,BAILEY,34.0,2007.0,2007.0,2007.0,2007.0,2007.0,92.0,84.0,41.0
2006,BAILEY,22.0,2006.0,2006.0,2006.0,2006.0,2006.0,88.0,84.0,41.0
2005,BAILEY,25.1,2005.0,2005.0,2005.0,2005.0,2005.0,91.0,83.0,61.0
2004,BAILEY,31.8,2004.0,2004.0,2004.0,2004.0,2004.0,91.0,84.0,55.0
2003,BAILEY,34.9,2003.0,2003.0,2003.0,2003.0,2003.0,93.0,83.0,52.0
2002,BAILEY,13.6,2002.0,2002.0,2002.0,2002.0,2002.0,95.0,87.0,59.0
2001,BAILEY,37.8,2001.0,2001.0,2001.0,2001.0,2001.0,87.0,70.0,22.0
2000,BAILEY,20.9,2000.0,2000.0,2000.0,2000.0,2000.0,92.0,77.0,40.0
2007,COCHRAN,30.0,2007.0,2007.0,2007.0,2007.0,2007.0,92.0,84.0,41.0
2006,COCHRAN,11.0,2006.0,2006.0,2006.0,2006.0,2006.0,88.0,84.0,41.0
2005,COCHRAN,19.9,2005.0,2005.0,2005.0,2005.0,2005.0,91.0,83.0,61.0
2004,COCHRAN,30.0,2004.0,2004.0,2004.0,2004.0,2004.0,91.0,84.0,55.0
2003,COCHRAN,22.3,2003.0,2003.0,2003.0,2003.0,2003.0,93.0,83.0,52.0
2002,COCHRAN,17.4,2002.0,2002.0,2002.0,2002.0,2002.0,95.0,87.0,59.0
2001,COCHRAN,23.8,2001.0,2001.0,2001.0,2001.0,2001.0,87.0,70.0,22.0
2000,COCHRAN,23.9,2000.0,2000.0,2000.0,2000.0,2000.0,92.0,77.0,40.0
2007,CROSBY,34.0,2007.0,2007.0,2007.0,2007.0,2007.0,92.0,84.0,41.0
2006,CROSBY,15.0,2006.0,2006.0,2006.0,2006.0,2006.0,88.0,84.0,41.0
2005,CROSBY,23.1,2005.0,2005.0,2005.0,2005.0,2005.0,91.0,83.0,61.0
2004,CROSBY,17.9,2004.0,2004.0,2004.0,2004.0,2004.0,91.0,84.0,55.0
2003,CROSBY,15.0,2003.0,2003.0,2003.0,2003.0,2003.0,93.0,83.0,52.0
2002,CROSBY,11.9,2002.0,2002.0,2002.0,2002.0,2002.0,95.0,87.0,59.0
2001,CROSBY,16.6,2001.0,2001.0,2001.0,2001.0,2001.0,87.0,70.0,22.0
2000,CROSBY,18.9,2000.0,2000.0,2000.0,2000.0,2000.0,92.0,77.0,40.0
2007,DAWSON,40.0,2007.0,2007.0,2007.0,2007.0,2007.0,92.0,84.0,41.0
2006,DAWSON,30.0,2006.0,2006.0,2006.0,2006.0,2006.0,88.0,84.0,41.0
2005,DAWSON,31.1,2005.0,2005.0,2005.0,2005.0,2005.0,91.0,83.0,61.0
2004,DAWSON,32.1,2004.0,2004.0,2004.0,2004.0,2004.0,91.0,84.0,55.0
2003,DAWSON,25.6,2003.0,2003.0,2003.0,2003.0,2003.0,93.0,83.0,52.0
2002,DAWSON,23.3,2002.0,2002.0,2002.0,2002.0,2002.0,95.0,87.0,59.0
2001,DAWSON,29.5,2001.0,2001.0,2001.0,2001.0,2001.0,87.0,70.0,22.0
2000,DAWSON,21.8,2000.0,2000.0,2000.0,2000.0,2000.0,92.0,77.0,40.0
2007,GAINES,41.0,2007.0,2007.0,2007.0,2007.0,2007.0,92.0,84.0,41.0
2006,GAINES,22.0,2006.0,2006.0,2006.0,2006.0,2006.0,88.0,84.0,41.0
2005,GAINES,31.6,2005.0,2005.0,2005.0,2005.0,2005.0,91.0,83.0,61.0
2004,GAINES,37.7,2004.0,2004.0,2004.0,2004.0,2004.0,91.0,84.0,55.0
2003,GAINES,29.8,2003.0,2003.0,2003.0,2003.0,2003.0,93.0,83.0,52.0
2002,GAINES,21.6,2002.0,2002.0,2002.0,2002.0,2002.0,95.0,87.0,59.0
2001,GAINES,33.6,2001.0,2001.0,2001.0,2001.0,2001.0,87.0,70.0,22.0
2000,GAINES,31.7,2000.0,2000.0,2000.0,2000.0,2000.0,92.0,77.0,40.0
2007,GLASSCOCK,30.0,2007.0,2007.0,2007.0,2007.0,2007.0,92.0,84.0,41.0
2006,GLASSCOCK,17.0,2006.0,2006.0,2006.0,2006.0,2006.0,88.0,84.0,41.0
2005,GLASSCOCK,35.6,2005.0,2005.0,2005.0,2005.0,2005.0,91.0,83.0,61.0
2004,GLASSCOCK,19.8,2004.0,2004.0,2004.0,2004.0,2004.0,91.0,84.0,55.0
2003,GLASSCOCK,12.9,2003.0,2003.0,2003.0,2003.0,2003.0,93.0,83.0,52.0
2002,GLASSCOCK,17.1,2002.0,2002.0,2002.0,2002.0,2002.0,95.0,87.0,59.0
2001,GLASSCOCK,13.1,2001.0,2001.0,2001.0,2001.0,2001.0,87.0,70.0,22.0
2000,GLASSCOCK,20.5,2000.0,2000.0,2000.0,2000.0,2000.0,92.0,77.0,40.0
2007,HOCKLEY,30.0,2007.0,2007.0,2007.0,2007.0,2007.0,92.0,84.0,41.0
2006,HOCKLEY,26.0,2006.0,2006.0,2006.0,2006.0,2006.0,88.0,84.0,41.0
2005,HOCKLEY,26.5,2005.0,2005.0,2005.0,2005.0,2005.0,91.0,83.0,61.0
2004,HOCKLEY,33.3,2004.0,2004.0,2004.0,2004.0,2004.0,91.0,84.0,55.0
2003,HOCKLEY,17.4,2003.0,2003.0,2003.0,2003.0,2003.0,93.0,83.0,52.0
2002,HOCKLEY,19.4,2002.0,2002.0,2002.0,2002.0,2002.0,95.0,87.0,59.0
2001,HOCKLEY,30.7,2001.0,2001.0,2001.0,2001.0,2001.0,87.0,70.0,22.0
2000,HOCKLEY,23.8,2000.0,2000.0,2000.0,2000.0,2000.0,92.0,77.0,40.0
2006,HOWARD,15.0,2006.0,2006.0,2006.0,2006.0,2006.0,88.0,84.0,41.0
2005,HOWARD,23.3,2005.0,2005.0,2005.0,2005.0,2005.0,91.0,83.0,61.0
2004,HOWARD,15.0,2004.0,2004.0,2004.0,2004.0,2004.0,91.0,84.0,55.0
2003,HOWARD,14.4,2003.0,2003.0,2003.0,2003.0,2003.0,93.0,83.0,52.0
2002,HOWARD,18.8,2002.0,2002.0,2002.0,2002.0,2002.0,95.0,87.0,59.0
2001,HOWARD,28.3,2001.0,2001.0,2001.0,2001.0,2001.0,87.0,70.0,22.0
2000,HOWARD,19.0,2000.0,2000.0,2000.0,2000.0,2000.0,92.0,77.0,40.0
2007,LAMB,54.0,2007.0,2007.0,2007.0,2007.0,2007.0,92.0,84.0,41.0
2006,LAMB,38.0,2006.0,2006.0,2006.0,2006.0,2006.0,88.0,84.0,41.0
2005,LAMB,39.3,2005.0,2005.0,2005.0,2005.0,2005.0,91.0,83.0,61.0
2004,LAMB,31.4,2004.0,2004.0,2004.0,2004.0,2004.0,91.0,84.0,55.0
2003,LAMB,33.2,2003.0,2003.0,2003.0,2003.0,2003.0,93.0,83.0,52.0
2002,LAMB,24.2,2002.0,2002.0,2002.0,2002.0,2002.0,95.0,87.0,59.0
2001,LAMB,37.5,2001.0,2001.0,2001.0,2001.0,2001.0,87.0,70.0,22.0
2000,LAMB,32.3,2000.0,2000.0,2000.0,2000.0,2000.0,92.0,77.0,40.0
2007,LUBBOCK,35.0,2007.0,2007.0,2007.0,2007.0,2007.0,92.0,84.0,41.0
2006,LUBBOCK,14.0,2006.0,2006.0,2006.0,2006.0,2006.0,88.0,84.0,41.0
2005,LUBBOCK,21.8,2005.0,2005.0,2005.0,2005.0,2005.0,91.0,83.0,61.0
2004,LUBBOCK,29.6,2004.0,2004.0,2004.0,2004.0,2004.0,91.0,84.0,55.0
2003,LUBBOCK,19.4,2003.0,2003.0,2003.0,2003.0,2003.0,93.0,83.0,52.0
2002,LUBBOCK,22.5,2002.0,2002.0,2002.0,2002.0,2002.0,95.0,87.0,59.0
2001,LUBBOCK,24.2,2001.0,2001.0,2001.0,2001.0,2001.0,87.0,70.0,22.0
2000,LUBBOCK,30.0,2000.0,2000.0,2000.0,2000.0,2000.0,92.0,77.0,40.0
2007,LYNN,33.0,2007.0,2007.0,2007.0,2007.0,2007.0,92.0,84.0,41.0
2006,LYNN,11.0,2006.0,2006.0,2006.0,2006.0,2006.0,88.0,84.0,41.0
2005,LYNN,19.6,2005.0,2005.0,2005.0,2005.0,2005.0,91.0,83.0,61.0
2004,LYNN,27.3,2004.0,2004.0,2004.0,2004.0,2004.0,91.0,84.0,55.0
2003,LYNN,18.4,2003.0,2003.0,2003.0,2003.0,2003.0,93.0,83.0,52.0
2002,LYNN,23.2,2002.0,2002.0,2002.0,2002.0,2002.0,95.0,87.0,59.0
2001,LYNN,25.3,2001.0,2001.0,2001.0,2001.0,2001.0,87.0,70.0,22.0
2000,LYNN,19.3,2000.0,2000.0,2000.0,2000.0,2000.0,92.0,77.0,40.0
2006,MARTIN,20.0,2006.0,2006.0,2006.0,2006.0,2006.0,88.0,84.0,41.0
2005,MARTIN,21.4,2005.0,2005.0,2005.0,2005.0,2005.0,91.0,83.0,61.0
2004,MARTIN,28.4,2004.0,2004.0,2004.0,2004.0,2004.0,91.0,84.0,55.0
2003,MARTIN,23.3,2003.0,2003.0,2003.0,2003.0,2003.0,93.0,83.0,52.0
2002,MARTIN,18.5,2002.0,2002.0,2002.0,2002.0,2002.0,95.0,87.0,59.0
2001,MARTIN,27.6,2001.0,2001.0,2001.0,2001.0,2001.0,87.0,70.0,22.0
2000,MARTIN,21.7,2000.0,2000.0,2000.0,2000.0,2000.0,92.0,77.0,40.0
2007,MIDLAND,26.0,2007.0,2007.0,2007.0,2007.0,2007.0,92.0,84.0,41.0
2006,MIDLAND,20.0,2006.0,2006.0,2006.0,2006.0,2006.0,88.0,84.0,41.0
2005,MIDLAND,15.7,2005.0,2005.0,2005.0,2005.0,2005.0,91.0,83.0,61.0
2004,MIDLAND,15.7,2004.0,2004.0,2004.0,2004.0,2004.0,91.0,84.0,55.0
2003,MIDLAND,19.7,2003.0,2003.0,2003.0,2003.0,2003.0,93.0,83.0,52.0
2002,MIDLAND,25.0,2002.0,2002.0,2002.0,2002.0,2002.0,95.0,87.0,59.0
2001,MIDLAND,20.0,2001.0,2001.0,2001.0,2001.0,2001.0,87.0,70.0,22.0
2000,MIDLAND,19.3,2000.0,2000.0,2000.0,2000.0,2000.0,92.0,77.0,40.0
2007,TERRY,29.0,2007.0,2007.0,2007.0,2007.0,2007.0,92.0,84.0,41.0
2006,TERRY,29.0,2006.0,2006.0,2006.0,2006.0,2006.0,88.0,84.0,41.0
2005,TERRY,28.3,2005.0,2005.0,2005.0,2005.0,2005.0,91.0,83.0,61.0
2004,TERRY,28.9,2004.0,2004.0,2004.0,2004.0,2004.0,91.0,84.0,55.0
2003,TERRY,20.2,2003.0,2003.0,2003.0,2003.0,2003.0,93.0,83.0,52.0
2002,TERRY,28.4,2002.0,2002.0,2002.0,2002.0,2002.0,95.0,87.0,59.0
2001,TERRY,31.9,2001.0,2001.0,2001.0,2001.0,2001.0,87.0,70.0,22.0
2000,TERRY,29.5,2000.0,2000.0,2000.0,2000.0,2000.0,92.0,77.0,40.0
2007,YOAKUM,46.0,2007.0,2007.0,2007.0,2007.0,2007.0,92.0,84.0,41.0
2006,YOAKUM,23.0,2006.0,2006.0,2006.0,2006.0,2006.0,88.0,84.0,41.0
2005,YOAKUM,27.9,2005.0,2005.0,2005.0,2005.0,2005.0,91.0,83.0,61.0
2004,YOAKUM,29.9,2004.0,2004.0,2004.0,2004.0,2004.0,91.0,84.0,55.0
2003,YOAKUM,31.5,2003.0,2003.0,2003.0,2003.0,2003.0,93.0,83.0,52.0
2002,YOAKUM,27.7,2002.0,2002.0,2002.0,2002.0,2002.0,95.0,87.0,59.0
2001,YOAKUM,50.4,2001.0,2001.0,2001.0,2001.0,2001.0,87.0,70.0,22.0
2000,YOAKUM,35.0,2000.0,2000.0,2000.0,2000.0,2000.0,92.0,77.0,40.0
2007,OTHER (COMBINED) COUNTIES,25.0,2007.0,2007.0,2007.0,2007.0,2007.0,92.0,84.0,41.0
2006,BORDEN,20.0,2006.0,2006.0,2006.0,2006.0,2006.0,88.0,84.0,41.0
2005,BORDEN,27.3,2005.0,2005.0,2005.0,2005.0,2005.0,91.0,83.0,61.0
2004,BORDEN,34.0,2004.0,2004.0,2004.0,2004.0,2004.0,91.0,84.0,55.0
2003,BORDEN,18.0,2003.0,2003.0,2003.0,2003.0,2003.0,93.0,83.0,52.0
2002,BORDEN,22.0,2002.0,2002.0,2002.0,2002.0,2002.0,95.0,87.0,59.0
2001,BORDEN,22.5,2001.0,2001.0,2001.0,2001.0,2001.0,87.0,70.0,22.0
2000,BORDEN,25.0,2000.0,2000.0,2000.0,2000.0,2000.0,92.0,77.0,40.0
2007,CHILDRESS,31.0,2007.0,2007.0,2007.0,2007.0,2007.0,92.0,84.0,41.0
2006,CHILDRESS,18.0,2006.0,2006.0,2006.0,2006.0,2006.0,88.0,84.0,41.0
2005,CHILDRESS,26.2,2005.0,2005.0,2005.0,2005.0,2005.0,91.0,83.0,61.0
2004,CHILDRESS,18.9,2004.0,2004.0,2004.0,2004.0,2004.0,91.0,84.0,55.0
2003,CHILDRESS,19.2,2003.0,2003.0,2003.0,2003.0,2003.0,93.0,83.0,52.0
2002,CHILDRESS,19.5,2002.0,2002.0,2002.0,2002.0,2002.0,95.0,87.0,59.0
2001,CHILDRESS,17.5,2001.0,2001.0,2001.0,2001.0,2001.0,87.0,70.0,22.0
2000,CHILDRESS,17.9,2000.0,2000.0,2000.0,2000.0,2000.0,92.0,77.0,40.0
2007,COLLINGSWORTH,29.0,2007.0,2007.0,2007.0,2007.0,2007.0,92.0,84.0,41.0
2006,COLLINGSWORTH,10.0,2006.0,2006.0,2006.0,2006.0,2006.0,88.0,84.0,41.0
2005,COLLINGSWORTH,22.2,2005.0,2005.0,2005.0,2005.0,2005.0,91.0,83.0,61.0
2004,COLLINGSWORTH,24.2,2004.0,2004.0,2004.0,2004.0,2004.0,91.0,84.0,55.0
2003,COLLINGSWORTH,28.1,2003.0,2003.0,2003.0,2003.0,2003.0,93.0,83.0,52.0
2002,COLLINGSWORTH,19.6,2002.0,2002.0,2002.0,2002.0,2002.0,95.0,87.0,59.0
2001,COLLINGSWORTH,27.3,2001.0,2001.0,2001.0,2001.0,2001.0,87.0,70.0,22.0
2000,COLLINGSWORTH,26.7,2000.0,2000.0,2000.0,2000.0,2000.0,92.0,77.0,40.0
2007,COTTLE,26.0,2007.0,2007.0,2007.0,2007.0,2007.0,92.0,84.0,41.0
2006,COTTLE,10.0,2006.0,2006.0,2006.0,2006.0,2006.0,88.0,84.0,41.0
2005,COTTLE,21.1,2005.0,2005.0,2005.0,2005.0,2005.0,91.0,83.0,61.0
2004,COTTLE,19.2,2004.0,2004.0,2004.0,2004.0,2004.0,91.0,84.0,55.0
2003,COTTLE,16.3,2003.0,2003.0,2003.0,2003.0,2003.0,93.0,83.0,52.0
2002,COTTLE,15.9,2002.0,2002.0,2002.0,2002.0,2002.0,95.0,87.0,59.0
2001,COTTLE,23.3,2001.0,2001.0,2001.0,2001.0,2001.0,87.0,70.0,22.0
2000,COTTLE,17.6,2000.0,2000.0,2000.0,2000.0,2000.0,92.0,77.0,40.0
2007,DICKENS,23.0,2007.0,2007.0,2007.0,2007.0,2007.0,92.0,84.0,41.0
2006,DICKENS,7.0,2006.0,2006.0,2006.0,2006.0,2006.0,88.0,84.0,41.0
2005,DICKENS,12.7,2005.0,2005.0,2005.0,2005.0,2005.0,91.0,83.0,61.0
2004,DICKENS,20.9,2004.0,2004.0,2004.0,2004.0,2004.0,91.0,84.0,55.0
2003,DICKENS,15.9,2003.0,2003.0,2003.0,2003.0,2003.0,93.0,83.0,52.0
2002,DICKENS,25.2,2002.0,2002.0,2002.0,2002.0,2002.0,95.0,87.0,59.0
2001,DICKENS,18.8,2001.0,2001.0,2001.0,2001.0,2001.0,87.0,70.0,22.0
2000,DICKENS,20.0,2000.0,2000.0,2000.0,2000.0,2000.0,92.0,77.0,40.0
2007,DONLEY,36.0,2007.0,2007.0,2007.0,2007.0,2007.0,92.0,84.0,41.0
2006,DONLEY,18.0,2006.0,2006.0,2006.0,2006.0,2006.0,88.0,84.0,41.0
2005,DONLEY,30.4,2005.0,2005.0,2005.0,2005.0,2005.0,91.0,83.0,61.0
2004,DONLEY,29.1,2004.0,2004.0,2004.0,2004.0,2004.0,91.0,84.0,55.0
2003,DONLEY,26.2,2003.0,2003.0,2003.0,2003.0,2003.0,93.0,83.0,52.0
2002,DONLEY,29.8,2002.0,2002.0,2002.0,2002.0,2002.0,95.0,87.0,59.0
2001,DONLEY,31.7,2001.0,2001.0,2001.0,2001.0,2001.0,87.0,70.0,22.0
2000,DONLEY,24.8,2000.0,2000.0,2000.0,2000.0,2000.0,92.0,77.0,40.0
2007,FOARD,35.0,2007.0,2007.0,2007.0,2007.0,2007.0,92.0,84.0,41.0
2006,FOARD,14.0,2006.0,2006.0,2006.0,2006.0,2006.0,88.0,84.0,41.0
2005,FOARD,29.6,2005.0,2005.0,2005.0,2005.0,2005.0,91.0,83.0,61.0
2004,FOARD,22.5,2004.0,2004.0,2004.0,2004.0,2004.0,91.0,84.0,55.0
2003,FOARD,29.3,2003.0,2003.0,2003.0,2003.0,2003.0,93.0,83.0,52.0
2002,FOARD,27.9,2002.0,2002.0,2002.0,2002.0,2002.0,95.0,87.0,59.0
2001,FOARD,30.0,2001.0,2001.0,2001.0,2001.0,2001.0,87.0,70.0,22.0
2000,FOARD,23.9,2000.0,2000.0,2000.0,2000.0,2000.0,92.0,77.0,40.0
2006,GARZA,20.0,2006.0,2006.0,2006.0,2006.0,2006.0,88.0,84.0,41.0
2005,GARZA,15.5,2005.0,2005.0,2005.0,2005.0,2005.0,91.0,83.0,61.0
2004,GARZA,29.2,2004.0,2004.0,2004.0,2004.0,2004.0,91.0,84.0,55.0
2003,GARZA,15.3,2003.0,2003.0,2003.0,2003.0,2003.0,93.0,83.0,52.0
2002,GARZA,22.9,2002.0,2002.0,2002.0,2002.0,2002.0,95.0,87.0,59.0
2001,GARZA,24.0,2001.0,2001.0,2001.0,2001.0,2001.0,87.0,70.0,22.0
2000,GARZA,23.3,2000.0,2000.0,2000.0,2000.0,2000.0,92.0,77.0,40.0
2007,HALL,44.0,2007.0,2007.0,2007.0,2007.0,2007.0,92.0,84.0,41.0
2006,HALL,12.0,2006.0,2006.0,2006.0,2006.0,2006.0,88.0,84.0,41.0
2005,HALL,18.2,2005.0,2005.0,2005.0,2005.0,2005.0,91.0,83.0,61.0
2004,HALL,27.8,2004.0,2004.0,2004.0,2004.0,2004.0,91.0,84.0,55.0
2003,HALL,13.3,2003.0,2003.0,2003.0,2003.0,2003.0,93.0,83.0,52.0
2002,HALL,23.1,2002.0,2002.0,2002.0,2002.0,2002.0,95.0,87.0,59.0
2001,HALL,27.3,2001.0,2001.0,2001.0,2001.0,2001.0,87.0,70.0,22.0
2000,HALL,17.0,2000.0,2000.0,2000.0,2000.0,2000.0,92.0,77.0,40.0
2007,HARDEMAN,31.0,2007.0,2007.0,2007.0,2007.0,2007.0,92.0,84.0,41.0
2006,HARDEMAN,17.0,2006.0,2006.0,2006.0,2006.0,2006.0,88.0,84.0,41.0
2005,HARDEMAN,22.3,2005.0,2005.0,2005.0,2005.0,2005.0,91.0,83.0,61.0
2004,HARDEMAN,23.6,2004.0,2004.0,2004.0,2004.0,2004.0,91.0,84.0,55.0
2003,HARDEMAN,25.0,2003.0,2003.0,2003.0,2003.0,2003.0,93.0,83.0,52.0
2002,HARDEMAN,24.5,2002.0,2002.0,2002.0,2002.0,2002.0,95.0,87.0,59.0
2001,HARDEMAN,21.4,2001.0,2001.0,2001.0,2001.0,2001.0,87.0,70.0,22.0
2000,HARDEMAN,21.6,2000.0,2000.0,2000.0,2000.0,2000.0,92.0,77.0,40.0
2007,KENT,27.0,2007.0,2007.0,2007.0,2007.0,2007.0,92.0,84.0,41.0
2006,KENT,15.0,2006.0,2006.0,2006.0,2006.0,2006.0,88.0,84.0,41.0
2005,KENT,26.6,2005.0,2005.0,2005.0,2005.0,2005.0,91.0,83.0,61.0
2004,KENT,18.9,2004.0,2004.0,2004.0,2004.0,2004.0,91.0,84.0,55.0
2003,KENT,12.9,2003.0,2003.0,2003.0,2003.0,2003.0,93.0,83.0,52.0
2002,KENT,18.6,2002.0,2002.0,2002.0,2002.0,2002.0,95.0,87.0,59.0
2001,KENT,25.7,2001.0,2001.0,2001.0,2001.0,2001.0,87.0,70.0,22.0
2000,KENT,23.5,2000.0,2000.0,2000.0,2000.0,2000.0,92.0,77.0,40.0
2007,KING,30.0,2007.0,2007.0,2007.0,2007.0,2007.0,92.0,84.0,41.0
2006,KING,14.0,2006.0,2006.0,2006.0,2006.0,2006.0,88.0,84.0,41.0
2005,KING,22.7,2005.0,2005.0,2005.0,2005.0,2005.0,91.0,83.0,61.0
2004,KING,23.9,2004.0,2004.0,2004.0,2004.0,2004.0,91.0,84.0,55.0
2003,KING,11.7,2003.0,2003.0,2003.0,2003.0,2003.0,93.0,83.0,52.0
2002,KING,20.9,2002.0,2002.0,2002.0,2002.0,2002.0,95.0,87.0,59.0
2001,KING,22.0,2001.0,2001.0,2001.0,2001.0,2001.0,87.0,70.0,22.0
2000,KING,23.5,2000.0,2000.0,2000.0,2000.0,2000.0,92.0,77.0,40.0
2006,MOTLEY,21.0,2006.0,2006.0,2006.0,2006.0,2006.0,88.0,84.0,41.0
2005,MOTLEY,15.6,2005.0,2005.0,2005.0,2005.0,2005.0,91.0,83.0,61.0
2004,MOTLEY,35.7,2004.0,2004.0,2004.0,2004.0,2004.0,91.0,84.0,55.0
2003,MOTLEY,13.7,2003.0,2003.0,2003.0,2003.0,2003.0,93.0,83.0,52.0
2002,MOTLEY,15.4,2002.0,2002.0,2002.0,2002.0,2002.0,95.0,87.0,59.0
2001,MOTLEY,36.0,2001.0,2001.0,2001.0,2001.0,2001.0,87.0,70.0,22.0
2000,MOTLEY,24.7,2000.0,2000.0,2000.0,2000.0,2000.0,92.0,77.0,40.0
2007,WHEELER,26.0,2007.0,2007.0,2007.0,2007.0,2007.0,92.0,84.0,41.0
2006,WHEELER,12.0,2006.0,2006.0,2006.0,2006.0,2006.0,88.0,84.0,41.0
2005,WHEELER,24.3,2005.0,2005.0,2005.0,2005.0,2005.0,91.0,83.0,61.0
2004,WHEELER,22.1,2004.0,2004.0,2004.0,2004.0,2004.0,91.0,84.0,55.0
2003,WHEELER,21.0,2003.0,2003.0,2003.0,2003.0,2003.0,93.0,83.0,52.0
2002,WHEELER,12.7,2002.0,2002.0,2002.0,2002.0,2002.0,95.0,87.0,59.0
2001,WHEELER,19.7,2001.0,2001.0,2001.0,2001.0,2001.0,87.0,70.0,22.0
2000,WHEELER,18.7,2000.0,2000.0,2000.0,2000.0,2000.0,92.0,77.0,40.0
2007,WICHITA,30.0,2007.0,2007.0,2007.0,2007.0,2007.0,92.0,84.0,41.0
2006,WICHITA,20.0,2006.0,2006.0,2006.0,2006.0,2006.0,88.0,84.0,41.0
2005,WICHITA,34.6,2005.0,2005.0,2005.0,2005.0,2005.0,91.0,83.0,61.0
2004,WICHITA,32.2,2004.0,2004.0,2004.0,2004.0,2004.0,91.0,84.0,55.0
2003,WICHITA,26.5,2003.0,2003.0,2003.0,2003.0,2003.0,93.0,83.0,52.0
2002,WICHITA,29.8,2002.0,2002.0,2002.0,2002.0,2002.0,95.0,87.0,59.0
2001,WICHITA,29.1,2001.0,2001.0,2001.0,2001.0,2001.0,87.0,70.0,22.0
2000,WICHITA,23.6,2000.0,2000.0,2000.0,2000.0,2000.0,92.0,77.0,40.0
2007,WILBARGER,32.0,2007.0,2007.0,2007.0,2007.0,2007.0,92.0,84.0,41.0
2006,WILBARGER,14.0,2006.0,2006.0,2006.0,2006.0,2006.0,88.0,84.0,41.0
2005,WILBARGER,31.3,2005.0,2005.0,2005.0,2005.0,2005.0,91.0,83.0,61.0
2004,WILBARGER,32.7,2004.0,2004.0,2004.0,2004.0,2004.0,91.0,84.0,55.0
2003,WILBARGER,29.7,2003.0,2003.0,2003.0,2003.0,2003.0,93.0,83.0,52.0
2002,WILBARGER,27.7,2002.0,2002.0,2002.0,2002.0,2002.0,95.0,87.0,59.0
2001,WILBARGER,25.3,2001.0,2001.0,2001.0,2001.0,2001.0,87.0,70.0,22.0
2000,WILBARGER,24.6,2000.0,2000.0,2000.0,2000.0,2000.0,92.0,77.0,40.0
2007,BAYLOR,27.0,2007.0,2007.0,2007.0,2007.0,2007.0,92.0,84.0,41.0
2006,BAYLOR,20.0,2006.0,2006.0,2006.0,2006.0,2006.0,88.0,84.0,41.0
2005,BAYLOR,25.3,2005.0,2005.0,2005.0,2005.0,2005.0,91.0,83.0,61.0
2004,BAYLOR,29.0,2004.0,2004.0,2004.0,2004.0,2004.0,91.0,84.0,55.0
2003,BAYLOR,24.5,2003.0,2003.0,2003.0,2003.0,2003.0,93.0,83.0,52.0
2002,BAYLOR,33.2,2002.0,2002.0,2002.0,2002.0,2002.0,95.0,87.0,59.0
2001,BAYLOR,23.8,2001.0,2001.0,2001.0,2001.0,2001.0,87.0,70.0,22.0
2000,BAYLOR,27.4,2000.0,2000.0,2000.0,2000.0,2000.0,92.0,77.0,40.0
2007,COLEMAN,18.0,2007.0,2007.0,2007.0,2007.0,2007.0,92.0,84.0,41.0
2006,COLEMAN,19.0,2006.0,2006.0,2006.0,2006.0,2006.0,88.0,84.0,41.0
2005,COLEMAN,23.0,2005.0,2005.0,2005.0,2005.0,2005.0,91.0,83.0,61.0
2004,COLEMAN,24.9,2004.0,2004.0,2004.0,2004.0,2004.0,91.0,84.0,55.0
2003,COLEMAN,17.6,2003.0,2003.0,2003.0,2003.0,2003.0,93.0,83.0,52.0
2002,COLEMAN,20.0,2002.0,2002.0,2002.0,2002.0,2002.0,95.0,87.0,59.0
2001,COLEMAN,26.9,2001.0,2001.0,2001.0,2001.0,2001.0,87.0,70.0,22.0
2000,COLEMAN,21.0,2000.0,2000.0,2000.0,2000.0,2000.0,92.0,77.0,40.0
2007,FISHER,28.0,2007.0,2007.0,2007.0,2007.0,2007.0,92.0,84.0,41.0
2006,FISHER,16.0,2006.0,2006.0,2006.0,2006.0,2006.0,88.0,84.0,41.0
2005,FISHER,16.5,2005.0,2005.0,2005.0,2005.0,2005.0,91.0,83.0,61.0
2004,FISHER,20.4,2004.0,2004.0,2004.0,2004.0,2004.0,91.0,84.0,55.0
2003,FISHER,13.2,2003.0,2003.0,2003.0,2003.0,2003.0,93.0,83.0,52.0
2002,FISHER,18.9,2002.0,2002.0,2002.0,2002.0,2002.0,95.0,87.0,59.0
2001,FISHER,26.1,2001.0,2001.0,2001.0,2001.0,2001.0,87.0,70.0,22.0
2000,FISHER,24.0,2000.0,2000.0,2000.0,2000.0,2000.0,92.0,77.0,40.0
2007,HASKELL,24.0,2007.0,2007.0,2007.0,2007.0,2007.0,92.0,84.0,41.0
2006,HASKELL,18.0,2006.0,2006.0,2006.0,2006.0,2006.0,88.0,84.0,41.0
2005,HASKELL,22.2,2005.0,2005.0,2005.0,2005.0,2005.0,91.0,83.0,61.0
2004,HASKELL,24.7,2004.0,2004.0,2004.0,2004.0,2004.0,91.0,84.0,55.0
2003,HASKELL,19.7,2003.0,2003.0,2003.0,2003.0,2003.0,93.0,83.0,52.0
2002,HASKELL,23.0,2002.0,2002.0,2002.0,2002.0,2002.0,95.0,87.0,59.0
2001,HASKELL,27.7,2001.0,2001.0,2001.0,2001.0,2001.0,87.0,70.0,22.0
2000,HASKELL,17.7,2000.0,2000.0,2000.0,2000.0,2000.0,92.0,77.0,40.0
2007,JONES,28.0,2007.0,2007.0,2007.0,2007.0,2007.0,92.0,84.0,41.0
2006,JONES,13.0,2006.0,2006.0,2006.0,2006.0,2006.0,88.0,84.0,41.0
2005,JONES,20.9,2005.0,2005.0,2005.0,2005.0,2005.0,91.0,83.0,61.0
2004,JONES,19.9,2004.0,2004.0,2004.0,2004.0,2004.0,91.0,84.0,55.0
2003,JONES,17.7,2003.0,2003.0,2003.0,2003.0,2003.0,93.0,83.0,52.0
2002,JONES,18.3,2002.0,2002.0,2002.0,2002.0,2002.0,95.0,87.0,59.0
2001,JONES,27.1,2001.0,2001.0,2001.0,2001.0,2001.0,87.0,70.0,22.0
2000,JONES,15.9,2000.0,2000.0,2000.0,2000.0,2000.0,92.0,77.0,40.0
2007,KNOX,29.0,2007.0,2007.0,2007.0,2007.0,2007.0,92.0,84.0,41.0
2006,KNOX,22.0,2006.0,2006.0,2006.0,2006.0,2006.0,88.0,84.0,41.0
2005,KNOX,28.2,2005.0,2005.0,2005.0,2005.0,2005.0,91.0,83.0,61.0
2004,KNOX,28.8,2004.0,2004.0,2004.0,2004.0,2004.0,91.0,84.0,55.0
2003,KNOX,27.3,2003.0,2003.0,2003.0,2003.0,2003.0,93.0,83.0,52.0
2002,KNOX,22.6,2002.0,2002.0,2002.0,2002.0,2002.0,95.0,87.0,59.0
2001,KNOX,24.3,2001.0,2001.0,2001.0,2001.0,2001.0,87.0,70.0,22.0
2000,KNOX,30.4,2000.0,2000.0,2000.0,2000.0,2000.0,92.0,77.0,40.0
2007,MITCHELL,28.0,2007.0,2007.0,2007.0,2007.0,2007.0,92.0,84.0,41.0
2006,MITCHELL,20.0,2006.0,2006.0,2006.0,2006.0,2006.0,88.0,84.0,41.0
2005,MITCHELL,22.1,2005.0,2005.0,2005.0,2005.0,2005.0,91.0,83.0,61.0
2004,MITCHELL,20.9,2004.0,2004.0,2004.0,2004.0,2004.0,91.0,84.0,55.0
2003,MITCHELL,19.2,2003.0,2003.0,2003.0,2003.0,2003.0,93.0,83.0,52.0
2002,MITCHELL,21.6,2002.0,2002.0,2002.0,2002.0,2002.0,95.0,87.0,59.0
2001,MITCHELL,24.8,2001.0,2001.0,2001.0,2001.0,2001.0,87.0,70.0,22.0
2000,MITCHELL,25.8,2000.0,2000.0,2000.0,2000.0,2000.0,92.0,77.0,40.0
2007,NOLAN,22.0,2007.0,2007.0,2007.0,2007.0,2007.0,92.0,84.0,41.0
2006,NOLAN,21.0,2006.0,2006.0,2006.0,2006.0,2006.0,88.0,84.0,41.0
2005,NOLAN,21.1,2005.0,2005.0,2005.0,2005.0,2005.0,91.0,83.0,61.0
2004,NOLAN,23.4,2004.0,2004.0,2004.0,2004.0,2004.0,91.0,84.0,55.0
2003,NOLAN,13.5,2003.0,2003.0,2003.0,2003.0,2003.0,93.0,83.0,52.0
2002,NOLAN,18.6,2002.0,2002.0,2002.0,2002.0,2002.0,95.0,87.0,59.0
2001,NOLAN,23.7,2001.0,2001.0,2001.0,2001.0,2001.0,87.0,70.0,22.0
2000,NOLAN,24.7,2000.0,2000.0,2000.0,2000.0,2000.0,92.0,77.0,40.0
2007,RUNNELS,26.0,2007.0,2007.0,2007.0,2007.0,2007.0,92.0,84.0,41.0
2006,RUNNELS,18.0,2006.0,2006.0,2006.0,2006.0,2006.0,88.0,84.0,41.0
2005,RUNNELS,25.7,2005.0,2005.0,2005.0,2005.0,2005.0,91.0,83.0,61.0
2004,RUNNELS,29.4,2004.0,2004.0,2004.0,2004.0,2004.0,91.0,84.0,55.0
2003,RUNNELS,17.5,2003.0,2003.0,2003.0,2003.0,2003.0,93.0,83.0,52.0
2002,RUNNELS,19.3,2002.0,2002.0,2002.0,2002.0,2002.0,95.0,87.0,59.0
2001,RUNNELS,27.9,2001.0,2001.0,2001.0,2001.0,2001.0,87.0,70.0,22.0
2000,RUNNELS,24.4,2000.0,2000.0,2000.0,2000.0,2000.0,92.0,77.0,40.0
2007,SCURRY,20.0,2007.0,2007.0,2007.0,2007.0,2007.0,92.0,84.0,41.0
2006,SCURRY,13.0,2006.0,2006.0,2006.0,2006.0,2006.0,88.0,84.0,41.0
2005,SCURRY,23.0,2005.0,2005.0,2005.0,2005.0,2005.0,91.0,83.0,61.0
2004,SCURRY,26.7,2004.0,2004.0,2004.0,2004.0,2004.0,91.0,84.0,55.0
2003,SCURRY,13.4,2003.0,2003.0,2003.0,2003.0,2003.0,93.0,83.0,52.0
2002,SCURRY,15.5,2002.0,2002.0,2002.0,2002.0,2002.0,95.0,87.0,59.0
2001,SCURRY,16.2,2001.0,2001.0,2001.0,2001.0,2001.0,87.0,70.0,22.0
2000,SCURRY,26.4,2000.0,2000.0,2000.0,2000.0,2000.0,92.0,77.0,40.0
2007,STONEWALL,28.0,2007.0,2007.0,2007.0,2007.0,2007.0,92.0,84.0,41.0
2006,STONEWALL,23.0,2006.0,2006.0,2006.0,2006.0,2006.0,88.0,84.0,41.0
2005,STONEWALL,21.8,2005.0,2005.0,2005.0,2005.0,2005.0,91.0,83.0,61.0
2004,STONEWALL,22.4,2004.0,2004.0,2004.0,2004.0,2004.0,91.0,84.0,55.0
2003,STONEWALL,17.9,2003.0,2003.0,2003.0,2003.0,2003.0,93.0,83.0,52.0
2002,STONEWALL,25.9,2002.0,2002.0,2002.0,2002.0,2002.0,95.0,87.0,59.0
2001,STONEWALL,25.9,2001.0,2001.0,2001.0,2001.0,2001.0,87.0,70.0,22.0
2000,STONEWALL,27.2,2000.0,2000.0,2000.0,2000.0,2000.0,92.0,77.0,40.0
2007,TAYLOR,27.0,2007.0,2007.0,2007.0,2007.0,2007.0,92.0,84.0,41.0
2006,TAYLOR,12.0,2006.0,2006.0,2006.0,2006.0,2006.0,88.0,84.0,41.0
2005,TAYLOR,22.1,2005.0,2005.0,2005.0,2005.0,2005.0,91.0,83.0,61.0
2004,TAYLOR,27.7,2004.0,2004.0,2004.0,2004.0,2004.0,91.0,84.0,55.0
2003,TAYLOR,18.5,2003.0,2003.0,2003.0,2003.0,2003.0,93.0,83.0,52.0
2002,TAYLOR,26.2,2002.0,2002.0,2002.0,2002.0,2002.0,95.0,87.0,59.0
2001,TAYLOR,32.2,2001.0,2001.0,2001.0,2001.0,2001.0,87.0,70.0,22.0
2000,TAYLOR,19.3,2000.0,2000.0,2000.0,2000.0,2000.0,92.0,77.0,40.0
2007,OTHER (COMBINED) COUNTIES,26.0,2007.0,2007.0,2007.0,2007.0,2007.0,92.0,84.0,41.0
2006,OTHER (COMBINED) COUNTIES,10.0,2006.0,2006.0,2006.0,2006.0,2006.0,88.0,84.0,41.0
2005,OTHER (COMBINED) COUNTIES,22.5,2005.0,2005.0,2005.0,2005.0,2005.0,91.0,83.0,61.0
2004,OTHER (COMBINED) COUNTIES,26.1,2004.0,2004.0,2004.0,2004.0,2004.0,91.0,84.0,55.0
2003,OTHER (COMBINED) COUNTIES,25.0,2003.0,2003.0,2003.0,2003.0,2003.0,93.0,83.0,52.0
2002,OTHER (COMBINED) COUNTIES,30.0,2002.0,2002.0,2002.0,2002.0,2002.0,95.0,87.0,59.0
2001,OTHER (COMBINED) COUNTIES,30.0,2001.0,2001.0,2001.0,2001.0,2001.0,87.0,70.0,22.0
2000,OTHER (COMBINED) COUNTIES,0.0,2000.0,2000.0,2000.0,2000.0,2000.0,92.0,77.0,40.0
2007,ARCHER,31.0,2007.0,2007.0,2007.0,2007.0,2007.0,92.0,84.0,41.0
2006,ARCHER,18.0,2006.0,2006.0,2006.0,2006.0,2006.0,88.0,84.0,41.0
2005,ARCHER,22.5,2005.0,2005.0,2005.0,2005.0,2005.0,91.0,83.0,61.0
2004,ARCHER,26.1,2004.0,2004.0,2004.0,2004.0,2004.0,91.0,84.0,55.0
2003,ARCHER,24.5,2003.0,2003.0,2003.0,2003.0,2003.0,93.0,83.0,52.0
2002,ARCHER,27.3,2002.0,2002.0,2002.0,2002.0,2002.0,95.0,87.0,59.0
2001,ARCHER,26.5,2001.0,2001.0,2001.0,2001.0,2001.0,87.0,70.0,22.0
2000,ARCHER,20.7,2000.0,2000.0,2000.0,2000.0,2000.0,92.0,77.0,40.0
2007,BROWN,17.0,2007.0,2007.0,2007.0,2007.0,2007.0,92.0,84.0,41.0
2006,BROWN,28.0,2006.0,2006.0,2006.0,2006.0,2006.0,88.0,84.0,41.0
2005,BROWN,20.0,2005.0,2005.0,2005.0,2005.0,2005.0,91.0,83.0,61.0
2004,BROWN,25.5,2004.0,2004.0,2004.0,2004.0,2004.0,91.0,84.0,55.0
2003,BROWN,20.4,2003.0,2003.0,2003.0,2003.0,2003.0,93.0,83.0,52.0
2002,BROWN,25.5,2002.0,2002.0,2002.0,2002.0,2002.0,95.0,87.0,59.0
2001,BROWN,24.9,2001.0,2001.0,2001.0,2001.0,2001.0,87.0,70.0,22.0
2000,BROWN,16.0,2000.0,2000.0,2000.0,2000.0,2000.0,92.0,77.0,40.0
2007,CALLAHAN,22.0,2007.0,2007.0,2007.0,2007.0,2007.0,92.0,84.0,41.0
2006,CALLAHAN,17.0,2006.0,2006.0,2006.0,2006.0,2006.0,88.0,84.0,41.0
2005,CALLAHAN,24.0,2005.0,2005.0,2005.0,2005.0,2005.0,91.0,83.0,61.0
2004,CALLAHAN,25.8,2004.0,2004.0,2004.0,2004.0,2004.0,91.0,84.0,55.0
2003,CALLAHAN,20.1,2003.0,2003.0,2003.0,2003.0,2003.0,93.0,83.0,52.0
2002,CALLAHAN,26.6,2002.0,2002.0,2002.0,2002.0,2002.0,95.0,87.0,59.0
2001,CALLAHAN,35.6,2001.0,2001.0,2001.0,2001.0,2001.0,87.0,70.0,22.0
2000,CALLAHAN,14.9,2000.0,2000.0,2000.0,2000.0,2000.0,92.0,77.0,40.0
2007,CLAY,21.0,2007.0,2007.0,2007.0,2007.0,2007.0,92.0,84.0,41.0
2006,CLAY,26.0,2006.0,2006.0,2006.0,2006.0,2006.0,88.0,84.0,41.0
2005,CLAY,26.1,2005.0,2005.0,2005.0,2005.0,2005.0,91.0,83.0,61.0
2004,CLAY,27.1,2004.0,2004.0,2004.0,2004.0,2004.0,91.0,84.0,55.0
2003,CLAY,27.3,2003.0,2003.0,2003.0,2003.0,2003.0,93.0,83.0,52.0
2002,CLAY,29.0,2002.0,2002.0,2002.0,2002.0,2002.0,95.0,87.0,59.0
2001,CLAY,30.3,2001.0,2001.0,2001.0,2001.0,2001.0,87.0,70.0,22.0
2000,CLAY,30.2,2000.0,2000.0,2000.0,2000.0,2000.0,92.0,77.0,40.0
2006,COMANCHE,46.0,2006.0,2006.0,2006.0,2006.0,2006.0,88.0,84.0,41.0
2005,COMANCHE,32.4,2005.0,2005.0,2005.0,2005.0,2005.0,91.0,83.0,61.0
2004,COMANCHE,53.0,2004.0,2004.0,2004.0,2004.0,2004.0,91.0,84.0,55.0
2003,COMANCHE,32.2,2003.0,2003.0,2003.0,2003.0,2003.0,93.0,83.0,52.0
2002,COMANCHE,32.9,2002.0,2002.0,2002.0,2002.0,2002.0,95.0,87.0,59.0
2001,COMANCHE,29.0,2001.0,2001.0,2001.0,2001.0,2001.0,87.0,70.0,22.0
2000,COMANCHE,22.0,2000.0,2000.0,2000.0,2000.0,2000.0,92.0,77.0,40.0
2007,EASTLAND,25.0,2007.0,2007.0,2007.0,2007.0,2007.0,92.0,84.0,41.0
2006,EASTLAND,28.0,2006.0,2006.0,2006.0,2006.0,2006.0,88.0,84.0,41.0
2005,EASTLAND,25.6,2005.0,2005.0,2005.0,2005.0,2005.0,91.0,83.0,61.0
2004,EASTLAND,21.6,2004.0,2004.0,2004.0,2004.0,2004.0,91.0,84.0,55.0
2003,EASTLAND,25.3,2003.0,2003.0,2003.0,2003.0,2003.0,93.0,83.0,52.0
2002,EASTLAND,30.0,2002.0,2002.0,2002.0,2002.0,2002.0,95.0,87.0,59.0
2001,EASTLAND,26.2,2001.0,2001.0,2001.0,2001.0,2001.0,87.0,70.0,22.0
2000,EASTLAND,13.3,2000.0,2000.0,2000.0,2000.0,2000.0,92.0,77.0,40.0
2007,ERATH,23.0,2007.0,2007.0,2007.0,2007.0,2007.0,92.0,84.0,41.0
2006,ERATH,35.0,2006.0,2006.0,2006.0,2006.0,2006.0,88.0,84.0,41.0
2005,ERATH,35.0,2005.0,2005.0,2005.0,2005.0,2005.0,91.0,83.0,61.0
2004,ERATH,28.3,2004.0,2004.0,2004.0,2004.0,2004.0,91.0,84.0,55.0
2003,ERATH,37.3,2003.0,2003.0,2003.0,2003.0,2003.0,93.0,83.0,52.0
2002,ERATH,35.0,2002.0,2002.0,2002.0,2002.0,2002.0,95.0,87.0,59.0
2001,ERATH,31.3,2001.0,2001.0,2001.0,2001.0,2001.0,87.0,70.0,22.0
2000,ERATH,24.0,2000.0,2000.0,2000.0,2000.0,2000.0,92.0,77.0,40.0
2007,HOOD,40.0,2007.0,2007.0,2007.0,2007.0,2007.0,92.0,84.0,41.0
2006,HOOD,20.0,2006.0,2006.0,2006.0,2006.0,2006.0,88.0,84.0,41.0
2005,HOOD,19.0,2005.0,2005.0,2005.0,2005.0,2005.0,91.0,83.0,61.0
2004,HOOD,51.4,2004.0,2004.0,2004.0,2004.0,2004.0,91.0,84.0,55.0
2003,HOOD,30.0,2003.0,2003.0,2003.0,2003.0,2003.0,93.0,83.0,52.0
2000,HOOD,16.0,2000.0,2000.0,2000.0,2000.0,2000.0,92.0,77.0,40.0
2006,JACK,17.0,2006.0,2006.0,2006.0,2006.0,2006.0,88.0,84.0,41.0
2005,JACK,21.7,2005.0,2005.0,2005.0,2005.0,2005.0,91.0,83.0,61.0
2004,JACK,26.3,2004.0,2004.0,2004.0,2004.0,2004.0,91.0,84.0,55.0
2003,JACK,24.2,2003.0,2003.0,2003.0,2003.0,2003.0,93.0,83.0,52.0
2002,JACK,28.0,2002.0,2002.0,2002.0,2002.0,2002.0,95.0,87.0,59.0
2001,JACK,20.0,2001.0,2001.0,2001.0,2001.0,2001.0,87.0,70.0,22.0
2000,JACK,25.0,2000.0,2000.0,2000.0,2000.0,2000.0,92.0,77.0,40.0
2007,MILLS,40.0,2007.0,2007.0,2007.0,2007.0,2007.0,92.0,84.0,41.0
2003,MILLS,25.2,2003.0,2003.0,2003.0,2003.0,2003.0,93.0,83.0,52.0
2002,MILLS,25.0,2002.0,2002.0,2002.0,2002.0,2002.0,95.0,87.0,59.0
2001,MILLS,30.0,2001.0,2001.0,2001.0,2001.0,2001.0,87.0,70.0,22.0
2000,MILLS,26.0,2000.0,2000.0,2000.0,2000.0,2000.0,92.0,77.0,40.0
2007,MONTAGUE,22.0,2007.0,2007.0,2007.0,2007.0,2007.0,92.0,84.0,41.0
2006,MONTAGUE,36.0,2006.0,2006.0,2006.0,2006.0,2006.0,88.0,84.0,41.0
2005,MONTAGUE,43.9,2005.0,2005.0,2005.0,2005.0,2005.0,91.0,83.0,61.0
2004,MONTAGUE,41.8,2004.0,2004.0,2004.0,2004.0,2004.0,91.0,84.0,55.0
2003,MONTAGUE,30.3,2003.0,2003.0,2003.0,2003.0,2003.0,93.0,83.0,52.0
2002,MONTAGUE,29.7,2002.0,2002.0,2002.0,2002.0,2002.0,95.0,87.0,59.0
2001,MONTAGUE,26.9,2001.0,2001.0,2001.0,2001.0,2001.0,87.0,70.0,22.0
2000,MONTAGUE,28.8,2000.0,2000.0,2000.0,2000.0,2000.0,92.0,77.0,40.0
2006,PALO PINTO,20.0,2006.0,2006.0,2006.0,2006.0,2006.0,88.0,84.0,41.0
2005,PALO PINTO,27.9,2005.0,2005.0,2005.0,2005.0,2005.0,91.0,83.0,61.0
2004,PALO PINTO,33.8,2004.0,2004.0,2004.0,2004.0,2004.0,91.0,84.0,55.0
2003,PALO PINTO,20.0,2003.0,2003.0,2003.0,2003.0,2003.0,93.0,83.0,52.0
2002,PALO PINTO,30.8,2002.0,2002.0,2002.0,2002.0,2002.0,95.0,87.0,59.0
2001,PALO PINTO,38.6,2001.0,2001.0,2001.0,2001.0,2001.0,87.0,70.0,22.0
2000,PALO PINTO,23.0,2000.0,2000.0,2000.0,2000.0,2000.0,92.0,77.0,40.0
2007,PARKER,47.0,2007.0,2007.0,2007.0,2007.0,2007.0,92.0,84.0,41.0
2006,PARKER,21.0,2006.0,2006.0,2006.0,2006.0,2006.0,88.0,84.0,41.0
2005,PARKER,25.5,2005.0,2005.0,2005.0,2005.0,2005.0,91.0,83.0,61.0
2004,PARKER,20.0,2004.0,2004.0,2004.0,2004.0,2004.0,91.0,84.0,55.0
2003,PARKER,25.0,2003.0,2003.0,2003.0,2003.0,2003.0,93.0,83.0,52.0
2002,PARKER,28.6,2002.0,2002.0,2002.0,2002.0,2002.0,95.0,87.0,59.0
2001,PARKER,30.0,2001.0,2001.0,2001.0,2001.0,2001.0,87.0,70.0,22.0
2000,PARKER,23.0,2000.0,2000.0,2000.0,2000.0,2000.0,92.0,77.0,40.0
2007,SHACKELFORD,29.0,2007.0,2007.0,2007.0,2007.0,2007.0,92.0,84.0,41.0
2006,SHACKELFORD,15.0,2006.0,2006.0,2006.0,2006.0,2006.0,88.0,84.0,41.0
2005,SHACKELFORD,22.6,2005.0,2005.0,2005.0,2005.0,2005.0,91.0,83.0,61.0
2004,SHACKELFORD,23.3,2004.0,2004.0,2004.0,2004.0,2004.0,91.0,84.0,55.0
2003,SHACKELFORD,18.1,2003.0,2003.0,2003.0,2003.0,2003.0,93.0,83.0,52.0
2002,SHACKELFORD,25.6,2002.0,2002.0,2002.0,2002.0,2002.0,95.0,87.0,59.0
2001,SHACKELFORD,25.8,2001.0,2001.0,2001.0,2001.0,2001.0,87.0,70.0,22.0
2000,SHACKELFORD,20.5,2000.0,2000.0,2000.0,2000.0,2000.0,92.0,77.0,40.0
2006,STEPHENS,17.0,2006.0,2006.0,2006.0,2006.0,2006.0,88.0,84.0,41.0
2005,STEPHENS,25.0,2005.0,2005.0,2005.0,2005.0,2005.0,91.0,83.0,61.0
2004,STEPHENS,20.0,2004.0,2004.0,2004.0,2004.0,2004.0,91.0,84.0,55.0
2003,STEPHENS,23.2,2003.0,2003.0,2003.0,2003.0,2003.0,93.0,83.0,52.0
2002,STEPHENS,18.2,2002.0,2002.0,2002.0,2002.0,2002.0,95.0,87.0,59.0
2001,STEPHENS,26.0,2001.0,2001.0,2001.0,2001.0,2001.0,87.0,70.0,22.0
2000,STEPHENS,24.0,2000.0,2000.0,2000.0,2000.0,2000.0,92.0,77.0,40.0
2007,THROCKMORTON,22.0,2007.0,2007.0,2007.0,2007.0,2007.0,92.0,84.0,41.0
2006,THROCKMORTON,14.0,2006.0,2006.0,2006.0,2006.0,2006.0,88.0,84.0,41.0
2005,THROCKMORTON,33.1,2005.0,2005.0,2005.0,2005.0,2005.0,91.0,83.0,61.0
2004,THROCKMORTON,28.7,2004.0,2004.0,2004.0,2004.0,2004.0,91.0,84.0,55.0
2003,THROCKMORTON,21.6,2003.0,2003.0,2003.0,2003.0,2003.0,93.0,83.0,52.0
2002,THROCKMORTON,30.6,2002.0,2002.0,2002.0,2002.0,2002.0,95.0,87.0,59.0
2001,THROCKMORTON,28.3,2001.0,2001.0,2001.0,2001.0,2001.0,87.0,70.0,22.0
2000,THROCKMORTON,19.0,2000.0,2000.0,2000.0,2000.0,2000.0,92.0,77.0,40.0
2007,WISE,12.0,2007.0,2007.0,2007.0,2007.0,2007.0,92.0,84.0,41.0
2006,WISE,19.0,2006.0,2006.0,2006.0,2006.0,2006.0,88.0,84.0,41.0
2005,WISE,26.3,2005.0,2005.0,2005.0,2005.0,2005.0,91.0,83.0,61.0
2004,WISE,25.2,2004.0,2004.0,2004.0,2004.0,2004.0,91.0,84.0,55.0
2003,WISE,28.6,2003.0,2003.0,2003.0,2003.0,2003.0,93.0,83.0,52.0
2002,WISE,30.0,2002.0,2002.0,2002.0,2002.0,2002.0,95.0,87.0,59.0
2001,WISE,30.0,2001.0,2001.0,2001.0,2001.0,2001.0,87.0,70.0,22.0
2000,WISE,31.0,2000.0,2000.0,2000.0,2000.0,2000.0,92.0,77.0,40.0
2007,YOUNG,24.0,2007.0,2007.0,2007.0,2007.0,2007.0,92.0,84.0,41.0
2006,YOUNG,19.0,2006.0,2006.0,2006.0,2006.0,2006.0,88.0,84.0,41.0
2005,YOUNG,25.7,2005.0,2005.0,2005.0,2005.0,2005.0,91.0,83.0,61.0
2004,YOUNG,27.9,2004.0,2004.0,2004.0,2004.0,2004.0,91.0,84.0,55.0
2003,YOUNG,20.8,2003.0,2003.0,2003.0,2003.0,2003.0,93.0,83.0,52.0
2002,YOUNG,29.0,2002.0,2002.0,2002.0,2002.0,2002.0,95.0,87.0,59.0
2001,YOUNG,25.0,2001.0,2001.0,2001.0,2001.0,2001.0,87.0,70.0,22.0
2000,YOUNG,18.6,2000.0,2000.0,2000.0,2000.0,2000.0,92.0,77.0,40.0
2007,OTHER (COMBINED) COUNTIES,25.0,2007.0,2007.0,2007.0,2007.0,2007.0,92.0,84.0,41.0
2007,BELL,37.0,2007.0,2007.0,2007.0,2007.0,2007.0,92.0,84.0,41.0
2006,BELL,32.0,2006.0,2006.0,2006.0,2006.0,2006.0,88.0,84.0,41.0
2005,BELL,31.9,2005.0,2005.0,2005.0,2005.0,2005.0,91.0,83.0,61.0
2004,BELL,40.9,2004.0,2004.0,2004.0,2004.0,2004.0,91.0,84.0,55.0
2003,BELL,38.3,2003.0,2003.0,2003.0,2003.0,2003.0,93.0,83.0,52.0
2002,BELL,33.4,2002.0,2002.0,2002.0,2002.0,2002.0,95.0,87.0,59.0
2001,BELL,37.7,2001.0,2001.0,2001.0,2001.0,2001.0,87.0,70.0,22.0
2000,BELL,36.8,2000.0,2000.0,2000.0,2000.0,2000.0,92.0,77.0,40.0
2006,BOSQUE,25.0,2006.0,2006.0,2006.0,2006.0,2006.0,88.0,84.0,41.0
2005,BOSQUE,30.0,2005.0,2005.0,2005.0,2005.0,2005.0,91.0,83.0,61.0
2004,BOSQUE,40.4,2004.0,2004.0,2004.0,2004.0,2004.0,91.0,84.0,55.0
2003,BOSQUE,25.4,2003.0,2003.0,2003.0,2003.0,2003.0,93.0,83.0,52.0
2002,BOSQUE,21.6,2002.0,2002.0,2002.0,2002.0,2002.0,95.0,87.0,59.0
2001,BOSQUE,28.2,2001.0,2001.0,2001.0,2001.0,2001.0,87.0,70.0,22.0
2000,BOSQUE,22.9,2000.0,2000.0,2000.0,2000.0,2000.0,92.0,77.0,40.0
2007,COLLIN,31.0,2007.0,2007.0,2007.0,2007.0,2007.0,92.0,84.0,41.0
2006,COLLIN,31.0,2006.0,2006.0,2006.0,2006.0,2006.0,88.0,84.0,41.0
2005,COLLIN,40.4,2005.0,2005.0,2005.0,2005.0,2005.0,91.0,83.0,61.0
2004,COLLIN,45.2,2004.0,2004.0,2004.0,2004.0,2004.0,91.0,84.0,55.0
2003,COLLIN,44.7,2003.0,2003.0,2003.0,2003.0,2003.0,93.0,83.0,52.0
2002,COLLIN,46.1,2002.0,2002.0,2002.0,2002.0,2002.0,95.0,87.0,59.0
2001,COLLIN,37.5,2001.0,2001.0,2001.0,2001.0,2001.0,87.0,70.0,22.0
2000,COLLIN,42.8,2000.0,2000.0,2000.0,2000.0,2000.0,92.0,77.0,40.0
2007,COOKE,43.0,2007.0,2007.0,2007.0,2007.0,2007.0,92.0,84.0,41.0
2006,COOKE,33.0,2006.0,2006.0,2006.0,2006.0,2006.0,88.0,84.0,41.0
2005,COOKE,31.3,2005.0,2005.0,2005.0,2005.0,2005.0,91.0,83.0,61.0
2004,COOKE,44.8,2004.0,2004.0,2004.0,2004.0,2004.0,91.0,84.0,55.0
2003,COOKE,40.4,2003.0,2003.0,2003.0,2003.0,2003.0,93.0,83.0,52.0
2002,COOKE,45.2,2002.0,2002.0,2002.0,2002.0,2002.0,95.0,87.0,59.0
2001,COOKE,33.8,2001.0,2001.0,2001.0,2001.0,2001.0,87.0,70.0,22.0
2000,COOKE,44.4,2000.0,2000.0,2000.0,2000.0,2000.0,92.0,77.0,40.0
2007,CORYELL,30.0,2007.0,2007.0,2007.0,2007.0,2007.0,92.0,84.0,41.0
2006,CORYELL,24.0,2006.0,2006.0,2006.0,2006.0,2006.0,88.0,84.0,41.0
2005,CORYELL,29.9,2005.0,2005.0,2005.0,2005.0,2005.0,91.0,83.0,61.0
2004,CORYELL,39.5,2004.0,2004.0,2004.0,2004.0,2004.0,91.0,84.0,55.0
2003,CORYELL,34.2,2003.0,2003.0,2003.0,2003.0,2003.0,93.0,83.0,52.0
2002,CORYELL,35.6,2002.0,2002.0,2002.0,2002.0,2002.0,95.0,87.0,59.0
2001,CORYELL,40.0,2001.0,2001.0,2001.0,2001.0,2001.0,87.0,70.0,22.0
2000,CORYELL,24.1,2000.0,2000.0,2000.0,2000.0,2000.0,92.0,77.0,40.0
2007,DALLAS,40.0,2007.0,2007.0,2007.0,2007.0,2007.0,92.0,84.0,41.0
2006,DALLAS,34.0,2006.0,2006.0,2006.0,2006.0,2006.0,88.0,84.0,41.0
2005,DALLAS,36.4,2005.0,2005.0,2005.0,2005.0,2005.0,91.0,83.0,61.0
2004,DALLAS,42.2,2004.0,2004.0,2004.0,2004.0,2004.0,91.0,84.0,55.0
2003,DALLAS,38.3,2003.0,2003.0,2003.0,2003.0,2003.0,93.0,83.0,52.0
2002,DALLAS,42.3,2002.0,2002.0,2002.0,2002.0,2002.0,95.0,87.0,59.0
2001,DALLAS,37.1,2001.0,2001.0,2001.0,2001.0,2001.0,87.0,70.0,22.0
2000,DALLAS,42.4,2000.0,2000.0,2000.0,2000.0,2000.0,92.0,77.0,40.0
2007,DELTA,46.0,2007.0,2007.0,2007.0,2007.0,2007.0,92.0,84.0,41.0
2006,DELTA,48.0,2006.0,2006.0,2006.0,2006.0,2006.0,88.0,84.0,41.0
2005,DELTA,56.2,2005.0,2005.0,2005.0,2005.0,2005.0,91.0,83.0,61.0
2004,DELTA,52.3,2004.0,2004.0,2004.0,2004.0,2004.0,91.0,84.0,55.0
2003,DELTA,32.0,2003.0,2003.0,2003.0,2003.0,2003.0,93.0,83.0,52.0
2002,DELTA,49.1,2002.0,2002.0,2002.0,2002.0,2002.0,95.0,87.0,59.0
2001,DELTA,42.9,2001.0,2001.0,2001.0,2001.0,2001.0,87.0,70.0,22.0
2000,DELTA,47.3,2000.0,2000.0,2000.0,2000.0,2000.0,92.0,77.0,40.0
2007,DENTON,23.0,2007.0,2007.0,2007.0,2007.0,2007.0,92.0,84.0,41.0
2006,DENTON,15.0,2006.0,2006.0,2006.0,2006.0,2006.0,88.0,84.0,41.0
2005,DENTON,31.7,2005.0,2005.0,2005.0,2005.0,2005.0,91.0,83.0,61.0
2004,DENTON,29.7,2004.0,2004.0,2004.0,2004.0,2004.0,91.0,84.0,55.0
2003,DENTON,29.7,2003.0,2003.0,2003.0,2003.0,2003.0,93.0,83.0,52.0
2002,DENTON,31.3,2002.0,2002.0,2002.0,2002.0,2002.0,95.0,87.0,59.0
2001,DENTON,29.5,2001.0,2001.0,2001.0,2001.0,2001.0,87.0,70.0,22.0
2000,DENTON,33.5,2000.0,2000.0,2000.0,2000.0,2000.0,92.0,77.0,40.0
2007,ELLIS,36.0,2007.0,2007.0,2007.0,2007.0,2007.0,92.0,84.0,41.0
2006,ELLIS,26.0,2006.0,2006.0,2006.0,2006.0,2006.0,88.0,84.0,41.0
2005,ELLIS,37.0,2005.0,2005.0,2005.0,2005.0,2005.0,91.0,83.0,61.0
2004,ELLIS,44.6,2004.0,2004.0,2004.0,2004.0,2004.0,91.0,84.0,55.0
2003,ELLIS,36.1,2003.0,2003.0,2003.0,2003.0,2003.0,93.0,83.0,52.0
2002,ELLIS,34.6,2002.0,2002.0,2002.0,2002.0,2002.0,95.0,87.0,59.0
2001,ELLIS,36.1,2001.0,2001.0,2001.0,2001.0,2001.0,87.0,70.0,22.0
2000,ELLIS,40.2,2000.0,2000.0,2000.0,2000.0,2000.0,92.0,77.0,40.0
2007,FALLS,37.0,2007.0,2007.0,2007.0,2007.0,2007.0,92.0,84.0,41.0
2006,FALLS,37.0,2006.0,2006.0,2006.0,2006.0,2006.0,88.0,84.0,41.0
2005,FALLS,32.3,2005.0,2005.0,2005.0,2005.0,2005.0,91.0,83.0,61.0
2004,FALLS,40.1,2004.0,2004.0,2004.0,2004.0,2004.0,91.0,84.0,55.0
2003,FALLS,36.9,2003.0,2003.0,2003.0,2003.0,2003.0,93.0,83.0,52.0
2002,FALLS,39.7,2002.0,2002.0,2002.0,2002.0,2002.0,95.0,87.0,59.0
2001,FALLS,30.0,2001.0,2001.0,2001.0,2001.0,2001.0,87.0,70.0,22.0
2000,FALLS,44.3,2000.0,2000.0,2000.0,2000.0,2000.0,92.0,77.0,40.0
2007,FANNIN,31.0,2007.0,2007.0,2007.0,2007.0,2007.0,92.0,84.0,41.0
2006,FANNIN,34.0,2006.0,2006.0,2006.0,2006.0,2006.0,88.0,84.0,41.0
2005,FANNIN,28.3,2005.0,2005.0,2005.0,2005.0,2005.0,91.0,83.0,61.0
2004,FANNIN,37.7,2004.0,2004.0,2004.0,2004.0,2004.0,91.0,84.0,55.0
2003,FANNIN,34.1,2003.0,2003.0,2003.0,2003.0,2003.0,93.0,83.0,52.0
2002,FANNIN,42.6,2002.0,2002.0,2002.0,2002.0,2002.0,95.0,87.0,59.0
2001,FANNIN,31.3,2001.0,2001.0,2001.0,2001.0,2001.0,87.0,70.0,22.0
2000,FANNIN,43.0,2000.0,2000.0,2000.0,2000.0,2000.0,92.0,77.0,40.0
2007,GRAYSON,41.0,2007.0,2007.0,2007.0,2007.0,2007.0,92.0,84.0,41.0
2006,GRAYSON,43.0,2006.0,2006.0,2006.0,2006.0,2006.0,88.0,84.0,41.0
2005,GRAYSON,42.2,2005.0,2005.0,2005.0,2005.0,2005.0,91.0,83.0,61.0
2004,GRAYSON,46.6,2004.0,2004.0,2004.0,2004.0,2004.0,91.0,84.0,55.0
2003,GRAYSON,38.4,2003.0,2003.0,2003.0,2003.0,2003.0,93.0,83.0,52.0
2002,GRAYSON,44.4,2002.0,2002.0,2002.0,2002.0,2002.0,95.0,87.0,59.0
2001,GRAYSON,37.1,2001.0,2001.0,2001.0,2001.0,2001.0,87.0,70.0,22.0
2000,GRAYSON,44.9,2000.0,2000.0,2000.0,2000.0,2000.0,92.0,77.0,40.0
2007,HAMILTON,40.0,2007.0,2007.0,2007.0,2007.0,2007.0,92.0,84.0,41.0
2006,HAMILTON,22.0,2006.0,2006.0,2006.0,2006.0,2006.0,88.0,84.0,41.0
2005,HAMILTON,30.0,2005.0,2005.0,2005.0,2005.0,2005.0,91.0,83.0,61.0
2004,HAMILTON,30.0,2004.0,2004.0,2004.0,2004.0,2004.0,91.0,84.0,55.0
2003,HAMILTON,37.4,2003.0,2003.0,2003.0,2003.0,2003.0,93.0,83.0,52.0
2002,HAMILTON,31.9,2002.0,2002.0,2002.0,2002.0,2002.0,95.0,87.0,59.0
2001,HAMILTON,31.7,2001.0,2001.0,2001.0,2001.0,2001.0,87.0,70.0,22.0
2000,HAMILTON,24.6,2000.0,2000.0,2000.0,2000.0,2000.0,92.0,77.0,40.0
2007,HILL,38.0,2007.0,2007.0,2007.0,2007.0,2007.0,92.0,84.0,41.0
2006,HILL,30.0,2006.0,2006.0,2006.0,2006.0,2006.0,88.0,84.0,41.0
2005,HILL,40.5,2005.0,2005.0,2005.0,2005.0,2005.0,91.0,83.0,61.0
2004,HILL,45.3,2004.0,2004.0,2004.0,2004.0,2004.0,91.0,84.0,55.0
2003,HILL,43.6,2003.0,2003.0,2003.0,2003.0,2003.0,93.0,83.0,52.0
2002,HILL,46.0,2002.0,2002.0,2002.0,2002.0,2002.0,95.0,87.0,59.0
2001,HILL,41.5,2001.0,2001.0,2001.0,2001.0,2001.0,87.0,70.0,22.0
2000,HILL,39.4,2000.0,2000.0,2000.0,2000.0,2000.0,92.0,77.0,40.0
2007,HUNT,35.0,2007.0,2007.0,2007.0,2007.0,2007.0,92.0,84.0,41.0
2006,HUNT,34.0,2006.0,2006.0,2006.0,2006.0,2006.0,88.0,84.0,41.0
2005,HUNT,36.7,2005.0,2005.0,2005.0,2005.0,2005.0,91.0,83.0,61.0
2004,HUNT,40.1,2004.0,2004.0,2004.0,2004.0,2004.0,91.0,84.0,55.0
2003,HUNT,40.9,2003.0,2003.0,2003.0,2003.0,2003.0,93.0,83.0,52.0
2002,HUNT,46.1,2002.0,2002.0,2002.0,2002.0,2002.0,95.0,87.0,59.0
2001,HUNT,33.8,2001.0,2001.0,2001.0,2001.0,2001.0,87.0,70.0,22.0
2000,HUNT,45.8,2000.0,2000.0,2000.0,2000.0,2000.0,92.0,77.0,40.0
2007,JOHNSON,38.0,2007.0,2007.0,2007.0,2007.0,2007.0,92.0,84.0,41.0
2006,JOHNSON,23.0,2006.0,2006.0,2006.0,2006.0,2006.0,88.0,84.0,41.0
2005,JOHNSON,39.4,2005.0,2005.0,2005.0,2005.0,2005.0,91.0,83.0,61.0
2004,JOHNSON,33.6,2004.0,2004.0,2004.0,2004.0,2004.0,91.0,84.0,55.0
2003,JOHNSON,37.5,2003.0,2003.0,2003.0,2003.0,2003.0,93.0,83.0,52.0
2002,JOHNSON,49.3,2002.0,2002.0,2002.0,2002.0,2002.0,95.0,87.0,59.0
2001,JOHNSON,31.9,2001.0,2001.0,2001.0,2001.0,2001.0,87.0,70.0,22.0
2000,JOHNSON,38.6,2000.0,2000.0,2000.0,2000.0,2000.0,92.0,77.0,40.0
2006,KAUFMAN,41.0,2006.0,2006.0,2006.0,2006.0,2006.0,88.0,84.0,41.0
2005,KAUFMAN,38.8,2005.0,2005.0,2005.0,2005.0,2005.0,91.0,83.0,61.0
2004,KAUFMAN,49.0,2004.0,2004.0,2004.0,2004.0,2004.0,91.0,84.0,55.0
2003,KAUFMAN,36.5,2003.0,2003.0,2003.0,2003.0,2003.0,93.0,83.0,52.0
2002,KAUFMAN,42.1,2002.0,2002.0,2002.0,2002.0,2002.0,95.0,87.0,59.0
2001,KAUFMAN,37.5,2001.0,2001.0,2001.0,2001.0,2001.0,87.0,70.0,22.0
2000,KAUFMAN,43.0,2000.0,2000.0,2000.0,2000.0,2000.0,92.0,77.0,40.0
2007,LAMAR,40.0,2007.0,2007.0,2007.0,2007.0,2007.0,92.0,84.0,41.0
2006,LAMAR,50.0,2006.0,2006.0,2006.0,2006.0,2006.0,88.0,84.0,41.0
2005,LAMAR,37.9,2005.0,2005.0,2005.0,2005.0,2005.0,91.0,83.0,61.0
2004,LAMAR,43.8,2004.0,2004.0,2004.0,2004.0,2004.0,91.0,84.0,55.0
2003,LAMAR,45.0,2003.0,2003.0,2003.0,2003.0,2003.0,93.0,83.0,52.0
2002,LAMAR,55.0,2002.0,2002.0,2002.0,2002.0,2002.0,95.0,87.0,59.0
2001,LAMAR,35.0,2001.0,2001.0,2001.0,2001.0,2001.0,87.0,70.0,22.0
2000,LAMAR,50.5,2000.0,2000.0,2000.0,2000.0,2000.0,92.0,77.0,40.0
2006,LIMESTONE,40.0,2006.0,2006.0,2006.0,2006.0,2006.0,88.0,84.0,41.0
2005,LIMESTONE,31.3,2005.0,2005.0,2005.0,2005.0,2005.0,91.0,83.0,61.0
2004,LIMESTONE,18.8,2004.0,2004.0,2004.0,2004.0,2004.0,91.0,84.0,55.0
2003,LIMESTONE,33.8,2003.0,2003.0,2003.0,2003.0,2003.0,93.0,83.0,52.0
2002,LIMESTONE,41.3,2002.0,2002.0,2002.0,2002.0,2002.0,95.0,87.0,59.0
2001,LIMESTONE,30.0,2001.0,2001.0,2001.0,2001.0,2001.0,87.0,70.0,22.0
2000,LIMESTONE,39.5,2000.0,2000.0,2000.0,2000.0,2000.0,92.0,77.0,40.0
2007,MCLENNAN,40.0,2007.0,2007.0,2007.0,2007.0,2007.0,92.0,84.0,41.0
2006,MCLENNAN,32.0,2006.0,2006.0,2006.0,2006.0,2006.0,88.0,84.0,41.0
2005,MCLENNAN,32.5,2005.0,2005.0,2005.0,2005.0,2005.0,91.0,83.0,61.0
2004,MCLENNAN,46.0,2004.0,2004.0,2004.0,2004.0,2004.0,91.0,84.0,55.0
2003,MCLENNAN,38.8,2003.0,2003.0,2003.0,2003.0,2003.0,93.0,83.0,52.0
2002,MCLENNAN,39.8,2002.0,2002.0,2002.0,2002.0,2002.0,95.0,87.0,59.0
2001,MCLENNAN,44.3,2001.0,2001.0,2001.0,2001.0,2001.0,87.0,70.0,22.0
2000,MCLENNAN,41.0,2000.0,2000.0,2000.0,2000.0,2000.0,92.0,77.0,40.0
2007,MILAM,50.0,2007.0,2007.0,2007.0,2007.0,2007.0,92.0,84.0,41.0
2006,MILAM,25.0,2006.0,2006.0,2006.0,2006.0,2006.0,88.0,84.0,41.0
2005,MILAM,23.9,2005.0,2005.0,2005.0,2005.0,2005.0,91.0,83.0,61.0
2004,MILAM,35.1,2004.0,2004.0,2004.0,2004.0,2004.0,91.0,84.0,55.0
2003,MILAM,44.7,2003.0,2003.0,2003.0,2003.0,2003.0,93.0,83.0,52.0
2002,MILAM,33.3,2002.0,2002.0,2002.0,2002.0,2002.0,95.0,87.0,59.0
2001,MILAM,39.0,2001.0,2001.0,2001.0,2001.0,2001.0,87.0,70.0,22.0
2000,MILAM,41.3,2000.0,2000.0,2000.0,2000.0,2000.0,92.0,77.0,40.0
2007,NAVARRO,30.0,2007.0,2007.0,2007.0,2007.0,2007.0,92.0,84.0,41.0
2006,NAVARRO,34.0,2006.0,2006.0,2006.0,2006.0,2006.0,88.0,84.0,41.0
2005,NAVARRO,20.0,2005.0,2005.0,2005.0,2005.0,2005.0,91.0,83.0,61.0
2004,NAVARRO,41.1,2004.0,2004.0,2004.0,2004.0,2004.0,91.0,84.0,55.0
2003,NAVARRO,34.0,2003.0,2003.0,2003.0,2003.0,2003.0,93.0,83.0,52.0
2002,NAVARRO,42.4,2002.0,2002.0,2002.0,2002.0,2002.0,95.0,87.0,59.0
2001,NAVARRO,36.7,2001.0,2001.0,2001.0,2001.0,2001.0,87.0,70.0,22.0
2000,NAVARRO,27.6,2000.0,2000.0,2000.0,2000.0,2000.0,92.0,77.0,40.0
2006,ROCKWALL,37.0,2006.0,2006.0,2006.0,2006.0,2006.0,88.0,84.0,41.0
2005,ROCKWALL,44.8,2005.0,2005.0,2005.0,2005.0,2005.0,91.0,83.0,61.0
2004,ROCKWALL,58.6,2004.0,2004.0,2004.0,2004.0,2004.0,91.0,84.0,55.0
2003,ROCKWALL,35.0,2003.0,2003.0,2003.0,2003.0,2003.0,93.0,83.0,52.0
2002,ROCKWALL,41.5,2002.0,2002.0,2002.0,2002.0,2002.0,95.0,87.0,59.0
2001,ROCKWALL,33.3,2001.0,2001.0,2001.0,2001.0,2001.0,87.0,70.0,22.0
2000,ROCKWALL,49.4,2000.0,2000.0,2000.0,2000.0,2000.0,92.0,77.0,40.0
2007,TARRANT,43.0,2007.0,2007.0,2007.0,2007.0,2007.0,92.0,84.0,41.0
2006,TARRANT,27.0,2006.0,2006.0,2006.0,2006.0,2006.0,88.0,84.0,41.0
2005,TARRANT,30.8,2005.0,2005.0,2005.0,2005.0,2005.0,91.0,83.0,61.0
2004,TARRANT,42.5,2004.0,2004.0,2004.0,2004.0,2004.0,91.0,84.0,55.0
2003,TARRANT,35.0,2003.0,2003.0,2003.0,2003.0,2003.0,93.0,83.0,52.0
2002,TARRANT,29.2,2002.0,2002.0,2002.0,2002.0,2002.0,95.0,87.0,59.0
2001,TARRANT,28.6,2001.0,2001.0,2001.0,2001.0,2001.0,87.0,70.0,22.0
2000,TARRANT,25.6,2000.0,2000.0,2000.0,2000.0,2000.0,92.0,77.0,40.0
2007,WILLIAMSON,42.0,2007.0,2007.0,2007.0,2007.0,2007.0,92.0,84.0,41.0
2006,WILLIAMSON,32.0,2006.0,2006.0,2006.0,2006.0,2006.0,88.0,84.0,41.0
2005,WILLIAMSON,30.5,2005.0,2005.0,2005.0,2005.0,2005.0,91.0,83.0,61.0
2004,WILLIAMSON,30.8,2004.0,2004.0,2004.0,2004.0,2004.0,91.0,84.0,55.0
2003,WILLIAMSON,31.2,2003.0,2003.0,2003.0,2003.0,2003.0,93.0,83.0,52.0
2002,WILLIAMSON,28.3,2002.0,2002.0,2002.0,2002.0,2002.0,95.0,87.0,59.0
2001,WILLIAMSON,41.0,2001.0,2001.0,2001.0,2001.0,2001.0,87.0,70.0,22.0
2000,WILLIAMSON,30.0,2000.0,2000.0,2000.0,2000.0,2000.0,92.0,77.0,40.0
2006,OTHER (COMBINED) COUNTIES,28.0,2006.0,2006.0,2006.0,2006.0,2006.0,88.0,84.0,41.0
2005,OTHER (COMBINED) COUNTIES,30.0,2005.0,2005.0,2005.0,2005.0,2005.0,91.0,83.0,61.0
2004,OTHER (COMBINED) COUNTIES,39.0,2004.0,2004.0,2004.0,2004.0,2004.0,91.0,84.0,55.0
2003,OTHER (COMBINED) COUNTIES,40.0,2003.0,2003.0,2003.0,2003.0,2003.0,93.0,83.0,52.0
2002,OTHER (COMBINED) COUNTIES,6.7,2002.0,2002.0,2002.0,2002.0,2002.0,95.0,87.0,59.0
2001,OTHER (COMBINED) COUNTIES,35.0,2001.0,2001.0,2001.0,2001.0,2001.0,87.0,70.0,22.0
2000,OTHER (COMBINED) COUNTIES,35.0,2000.0,2000.0,2000.0,2000.0,2000.0,92.0,77.0,40.0
2006,ANDERSON,25.0,2006.0,2006.0,2006.0,2006.0,2006.0,88.0,84.0,41.0
2005,ANDERSON,30.0,2005.0,2005.0,2005.0,2005.0,2005.0,91.0,83.0,61.0
2004,ANDERSON,31.3,2004.0,2004.0,2004.0,2004.0,2004.0,91.0,84.0,55.0
2003,ANDERSON,27.9,2003.0,2003.0,2003.0,2003.0,2003.0,93.0,83.0,52.0
2002,ANDERSON,40.0,2002.0,2002.0,2002.0,2002.0,2002.0,95.0,87.0,59.0
2001,ANDERSON,34.0,2001.0,2001.0,2001.0,2001.0,2001.0,87.0,70.0,22.0
2000,ANDERSON,37.0,2000.0,2000.0,2000.0,2000.0,2000.0,92.0,77.0,40.0
2006,BOWIE,36.0,2006.0,2006.0,2006.0,2006.0,2006.0,88.0,84.0,41.0
2005,BOWIE,44.0,2005.0,2005.0,2005.0,2005.0,2005.0,91.0,83.0,61.0
2004,BOWIE,40.4,2004.0,2004.0,2004.0,2004.0,2004.0,91.0,84.0,55.0
2003,BOWIE,46.5,2003.0,2003.0,2003.0,2003.0,2003.0,93.0,83.0,52.0
2002,BOWIE,44.5,2002.0,2002.0,2002.0,2002.0,2002.0,95.0,87.0,59.0
2001,BOWIE,34.3,2001.0,2001.0,2001.0,2001.0,2001.0,87.0,70.0,22.0
2000,BOWIE,37.0,2000.0,2000.0,2000.0,2000.0,2000.0,92.0,77.0,40.0
2006,FRANKLIN,33.0,2006.0,2006.0,2006.0,2006.0,2006.0,88.0,84.0,41.0
2005,FRANKLIN,38.0,2005.0,2005.0,2005.0,2005.0,2005.0,91.0,83.0,61.0
2003,FRANKLIN,37.5,2003.0,2003.0,2003.0,2003.0,2003.0,93.0,83.0,52.0
2000,FRANKLIN,37.5,2000.0,2000.0,2000.0,2000.0,2000.0,92.0,77.0,40.0
2006,HENDERSON,31.0,2006.0,2006.0,2006.0,2006.0,2006.0,88.0,84.0,41.0
2005,HENDERSON,38.0,2005.0,2005.0,2005.0,2005.0,2005.0,91.0,83.0,61.0
2004,HENDERSON,43.3,2004.0,2004.0,2004.0,2004.0,2004.0,91.0,84.0,55.0
2003,HENDERSON,33.3,2003.0,2003.0,2003.0,2003.0,2003.0,93.0,83.0,52.0
2002,HENDERSON,40.0,2002.0,2002.0,2002.0,2002.0,2002.0,95.0,87.0,59.0
2006,HOPKINS,32.0,2006.0,2006.0,2006.0,2006.0,2006.0,88.0,84.0,41.0
2005,HOPKINS,37.0,2005.0,2005.0,2005.0,2005.0,2005.0,91.0,83.0,61.0
2004,HOPKINS,44.0,2004.0,2004.0,2004.0,2004.0,2004.0,91.0,84.0,55.0
2003,HOPKINS,31.7,2003.0,2003.0,2003.0,2003.0,2003.0,93.0,83.0,52.0
2002,HOPKINS,28.6,2002.0,2002.0,2002.0,2002.0,2002.0,95.0,87.0,59.0
2001,HOPKINS,35.0,2001.0,2001.0,2001.0,2001.0,2001.0,87.0,70.0,22.0
2000,HOPKINS,35.8,2000.0,2000.0,2000.0,2000.0,2000.0,92.0,77.0,40.0
2005,HOUSTON,30.0,2005.0,2005.0,2005.0,2005.0,2005.0,91.0,83.0,61.0
2003,HOUSTON,25.0,2003.0,2003.0,2003.0,2003.0,2003.0,93.0,83.0,52.0
2002,HOUSTON,16.0,2002.0,2002.0,2002.0,2002.0,2002.0,95.0,87.0,59.0
2001,HOUSTON,30.0,2001.0,2001.0,2001.0,2001.0,2001.0,87.0,70.0,22.0
2000,HOUSTON,38.3,2000.0,2000.0,2000.0,2000.0,2000.0,92.0,77.0,40.0
2003,RAINS,32.5,2003.0,2003.0,2003.0,2003.0,2003.0,93.0,83.0,52.0
2002,RAINS,40.0,2002.0,2002.0,2002.0,2002.0,2002.0,95.0,87.0,59.0
2001,RAINS,30.0,2001.0,2001.0,2001.0,2001.0,2001.0,87.0,70.0,22.0
2000,RAINS,36.0,2000.0,2000.0,2000.0,2000.0,2000.0,92.0,77.0,40.0
2006,RED RIVER,38.0,2006.0,2006.0,2006.0,2006.0,2006.0,88.0,84.0,41.0
2005,RED RIVER,38.8,2005.0,2005.0,2005.0,2005.0,2005.0,91.0,83.0,61.0
2004,RED RIVER,50.0,2004.0,2004.0,2004.0,2004.0,2004.0,91.0,84.0,55.0
2003,RED RIVER,38.0,2003.0,2003.0,2003.0,2003.0,2003.0,93.0,83.0,52.0
2002,RED RIVER,42.4,2002.0,2002.0,2002.0,2002.0,2002.0,95.0,87.0,59.0
2001,RED RIVER,36.7,2001.0,2001.0,2001.0,2001.0,2001.0,87.0,70.0,22.0
2000,RED RIVER,36.9,2000.0,2000.0,2000.0,2000.0,2000.0,92.0,77.0,40.0
2006,RUSK,33.0,2006.0,2006.0,2006.0,2006.0,2006.0,88.0,84.0,41.0
2006,UPSHUR,30.0,2006.0,2006.0,2006.0,2006.0,2006.0,88.0,84.0,41.0
2004,VAN ZANDT,30.0,2004.0,2004.0,2004.0,2004.0,2004.0,91.0,84.0,55.0
2003,VAN ZANDT,30.0,2003.0,2003.0,2003.0,2003.0,2003.0,93.0,83.0,52.0
2002,VAN ZANDT,40.0,2002.0,2002.0,2002.0,2002.0,2002.0,95.0,87.0,59.0
2001,VAN ZANDT,35.0,2001.0,2001.0,2001.0,2001.0,2001.0,87.0,70.0,22.0
2000,VAN ZANDT,37.5,2000.0,2000.0,2000.0,2000.0,2000.0,92.0,77.0,40.0
2006,WOOD,33.0,2006.0,2006.0,2006.0,2006.0,2006.0,88.0,84.0,41.0
2004,WOOD,40.0,2004.0,2004.0,2004.0,2004.0,2004.0,91.0,84.0,55.0
2003,WOOD,30.0,2003.0,2003.0,2003.0,2003.0,2003.0,93.0,83.0,52.0
2000,WOOD,33.3,2000.0,2000.0,2000.0,2000.0,2000.0,92.0,77.0,40.0
2007,OTHER (COMBINED) COUNTIES,46.0,2007.0,2007.0,2007.0,2007.0,2007.0,92.0,84.0,41.0
2006,OTHER (COMBINED) COUNTIES,30.0,2006.0,2006.0,2006.0,2006.0,2006.0,88.0,84.0,41.0
2005,OTHER (COMBINED) COUNTIES,25.7,2005.0,2005.0,2005.0,2005.0,2005.0,91.0,83.0,61.0
2004,OTHER (COMBINED) COUNTIES,30.0,2004.0,2004.0,2004.0,2004.0,2004.0,91.0,84.0,55.0
2003,OTHER (COMBINED) COUNTIES,23.0,2003.0,2003.0,2003.0,2003.0,2003.0,93.0,83.0,52.0
2002,OTHER (COMBINED) COUNTIES,30.0,2002.0,2002.0,2002.0,2002.0,2002.0,95.0,87.0,59.0
2001,OTHER (COMBINED) COUNTIES,35.0,2001.0,2001.0,2001.0,2001.0,2001.0,87.0,70.0,22.0
2000,OTHER (COMBINED) COUNTIES,26.7,2000.0,2000.0,2000.0,2000.0,2000.0,92.0,77.0,40.0
2006,ANGELINA,25.0,2006.0,2006.0,2006.0,2006.0,2006.0,88.0,84.0,41.0
2000,BRAZOS,36.7,2000.0,2000.0,2000.0,2000.0,2000.0,92.0,77.0,40.0
2001,HARDIN,34.5,2001.0,2001.0,2001.0,2001.0,2001.0,87.0,70.0,22.0
2006,ROBERTSON,28.0,2006.0,2006.0,2006.0,2006.0,2006.0,88.0,84.0,41.0
2004,ROBERTSON,30.0,2004.0,2004.0,2004.0,2004.0,2004.0,91.0,84.0,55.0
2002,ROBERTSON,30.0,2002.0,2002.0,2002.0,2002.0,2002.0,95.0,87.0,59.0
2001,ROBERTSON,27.1,2001.0,2001.0,2001.0,2001.0,2001.0,87.0,70.0,22.0
2000,TRINITY,0.0,2000.0,2000.0,2000.0,2000.0,2000.0,92.0,77.0,40.0
2007,OTHER (COMBINED) COUNTIES,39.0,2007.0,2007.0,2007.0,2007.0,2007.0,92.0,84.0,41.0
2006,OTHER (COMBINED) COUNTIES,27.0,2006.0,2006.0,2006.0,2006.0,2006.0,88.0,84.0,41.0
2005,OTHER (COMBINED) COUNTIES,0.0,2005.0,2005.0,2005.0,2005.0,2005.0,91.0,83.0,61.0
2004,OTHER (COMBINED) COUNTIES,41.4,2004.0,2004.0,2004.0,2004.0,2004.0,91.0,84.0,55.0
2003,OTHER (COMBINED) COUNTIES,42.2,2003.0,2003.0,2003.0,2003.0,2003.0,93.0,83.0,52.0
2002,OTHER (COMBINED) COUNTIES,34.2,2002.0,2002.0,2002.0,2002.0,2002.0,95.0,87.0,59.0
2001,OTHER (COMBINED) COUNTIES,40.0,2001.0,2001.0,2001.0,2001.0,2001.0,87.0,70.0,22.0
2000,OTHER (COMBINED) COUNTIES,18.3,2000.0,2000.0,2000.0,2000.0,2000.0,92.0,77.0,40.0
2006,CULBERSON,24.0,2006.0,2006.0,2006.0,2006.0,2006.0,88.0,84.0,41.0
2005,CULBERSON,42.9,2005.0,2005.0,2005.0,2005.0,2005.0,91.0,83.0,61.0
2005,EL PASO,28.0,2005.0,2005.0,2005.0,2005.0,2005.0,91.0,83.0,61.0
2002,EL PASO,50.0,2002.0,2002.0,2002.0,2002.0,2002.0,95.0,87.0,59.0
2000,EL PASO,30.0,2000.0,2000.0,2000.0,2000.0,2000.0,92.0,77.0,40.0
2006,HUDSPETH,25.0,2006.0,2006.0,2006.0,2006.0,2006.0,88.0,84.0,41.0
2002,HUDSPETH,43.0,2002.0,2002.0,2002.0,2002.0,2002.0,95.0,87.0,59.0
2006,PECOS,19.0,2006.0,2006.0,2006.0,2006.0,2006.0,88.0,84.0,41.0
2005,PECOS,20.7,2005.0,2005.0,2005.0,2005.0,2005.0,91.0,83.0,61.0
2004,PECOS,20.3,2004.0,2004.0,2004.0,2004.0,2004.0,91.0,84.0,55.0
2003,PECOS,37.9,2003.0,2003.0,2003.0,2003.0,2003.0,93.0,83.0,52.0
2002,PECOS,30.6,2002.0,2002.0,2002.0,2002.0,2002.0,95.0,87.0,59.0
2001,PECOS,32.0,2001.0,2001.0,2001.0,2001.0,2001.0,87.0,70.0,22.0
2000,PECOS,20.0,2000.0,2000.0,2000.0,2000.0,2000.0,92.0,77.0,40.0
2007,REEVES,40.0,2007.0,2007.0,2007.0,2007.0,2007.0,92.0,84.0,41.0
2006,REEVES,26.0,2006.0,2006.0,2006.0,2006.0,2006.0,88.0,84.0,41.0
2005,REEVES,30.4,2005.0,2005.0,2005.0,2005.0,2005.0,91.0,83.0,61.0
2004,REEVES,44.0,2004.0,2004.0,2004.0,2004.0,2004.0,91.0,84.0,55.0
2003,REEVES,43.6,2003.0,2003.0,2003.0,2003.0,2003.0,93.0,83.0,52.0
2002,REEVES,37.5,2002.0,2002.0,2002.0,2002.0,2002.0,95.0,87.0,59.0
2001,REEVES,38.5,2001.0,2001.0,2001.0,2001.0,2001.0,87.0,70.0,22.0
2000,REEVES,30.0,2000.0,2000.0,2000.0,2000.0,2000.0,92.0,77.0,40.0
2005,WINKLER,45.0,2005.0,2005.0,2005.0,2005.0,2005.0,91.0,83.0,61.0
2004,WINKLER,45.0,2004.0,2004.0,2004.0,2004.0,2004.0,91.0,84.0,55.0
2007,OTHER (COMBINED) COUNTIES,23.0,2007.0,2007.0,2007.0,2007.0,2007.0,92.0,84.0,41.0
2006,OTHER (COMBINED) COUNTIES,28.0,2006.0,2006.0,2006.0,2006.0,2006.0,88.0,84.0,41.0
2005,OTHER (COMBINED) COUNTIES,22.3,2005.0,2005.0,2005.0,2005.0,2005.0,91.0,83.0,61.0
2004,OTHER (COMBINED) COUNTIES,23.1,2004.0,2004.0,2004.0,2004.0,2004.0,91.0,84.0,55.0
2003,OTHER (COMBINED) COUNTIES,27.4,2003.0,2003.0,2003.0,2003.0,2003.0,93.0,83.0,52.0
2002,OTHER (COMBINED) COUNTIES,19.6,2002.0,2002.0,2002.0,2002.0,2002.0,95.0,87.0,59.0
2001,OTHER (COMBINED) COUNTIES,35.0,2001.0,2001.0,2001.0,2001.0,2001.0,87.0,70.0,22.0
2000,OTHER (COMBINED) COUNTIES,25.0,2000.0,2000.0,2000.0,2000.0,2000.0,92.0,77.0,40.0
2002,BURNET,26.7,2002.0,2002.0,2002.0,2002.0,2002.0,95.0,87.0,59.0
2007,COKE,23.0,2007.0,2007.0,2007.0,2007.0,2007.0,92.0,84.0,41.0
2006,COKE,8.0,2006.0,2006.0,2006.0,2006.0,2006.0,88.0,84.0,41.0
2005,COKE,20.5,2005.0,2005.0,2005.0,2005.0,2005.0,91.0,83.0,61.0
2004,COKE,15.6,2004.0,2004.0,2004.0,2004.0,2004.0,91.0,84.0,55.0
2003,COKE,10.0,2003.0,2003.0,2003.0,2003.0,2003.0,93.0,83.0,52.0
2002,COKE,14.3,2002.0,2002.0,2002.0,2002.0,2002.0,95.0,87.0,59.0
2001,COKE,17.0,2001.0,2001.0,2001.0,2001.0,2001.0,87.0,70.0,22.0
2000,COKE,20.0,2000.0,2000.0,2000.0,2000.0,2000.0,92.0,77.0,40.0
2007,CONCHO,20.0,2007.0,2007.0,2007.0,2007.0,2007.0,92.0,84.0,41.0
2006,CONCHO,16.0,2006.0,2006.0,2006.0,2006.0,2006.0,88.0,84.0,41.0
2005,CONCHO,27.7,2005.0,2005.0,2005.0,2005.0,2005.0,91.0,83.0,61.0
2004,CONCHO,26.0,2004.0,2004.0,2004.0,2004.0,2004.0,91.0,84.0,55.0
2003,CONCHO,11.8,2003.0,2003.0,2003.0,2003.0,2003.0,93.0,83.0,52.0
2002,CONCHO,17.5,2002.0,2002.0,2002.0,2002.0,2002.0,95.0,87.0,59.0
2001,CONCHO,25.5,2001.0,2001.0,2001.0,2001.0,2001.0,87.0,70.0,22.0
2000,CONCHO,23.3,2000.0,2000.0,2000.0,2000.0,2000.0,92.0,77.0,40.0
2006,EDWARDS,15.0,2006.0,2006.0,2006.0,2006.0,2006.0,88.0,84.0,41.0
2004,EDWARDS,24.4,2004.0,2004.0,2004.0,2004.0,2004.0,91.0,84.0,55.0
2007,GILLESPIE,31.0,2007.0,2007.0,2007.0,2007.0,2007.0,92.0,84.0,41.0
2006,GILLESPIE,8.0,2006.0,2006.0,2006.0,2006.0,2006.0,88.0,84.0,41.0
2005,GILLESPIE,25.9,2005.0,2005.0,2005.0,2005.0,2005.0,91.0,83.0,61.0
2004,GILLESPIE,33.3,2004.0,2004.0,2004.0,2004.0,2004.0,91.0,84.0,55.0
2003,GILLESPIE,28.7,2003.0,2003.0,2003.0,2003.0,2003.0,93.0,83.0,52.0
2002,GILLESPIE,20.0,2002.0,2002.0,2002.0,2002.0,2002.0,95.0,87.0,59.0
2001,GILLESPIE,30.7,2001.0,2001.0,2001.0,2001.0,2001.0,87.0,70.0,22.0
2000,GILLESPIE,17.0,2000.0,2000.0,2000.0,2000.0,2000.0,92.0,77.0,40.0
2006,IRION,15.0,2006.0,2006.0,2006.0,2006.0,2006.0,88.0,84.0,41.0
2004,IRION,19.3,2004.0,2004.0,2004.0,2004.0,2004.0,91.0,84.0,55.0
2003,IRION,13.8,2003.0,2003.0,2003.0,2003.0,2003.0,93.0,83.0,52.0
2002,IRION,17.5,2002.0,2002.0,2002.0,2002.0,2002.0,95.0,87.0,59.0
2006,KIMBLE,34.0,2006.0,2006.0,2006.0,2006.0,2006.0,88.0,84.0,41.0
2005,KIMBLE,28.3,2005.0,2005.0,2005.0,2005.0,2005.0,91.0,83.0,61.0
2003,KIMBLE,8.0,2003.0,2003.0,2003.0,2003.0,2003.0,93.0,83.0,52.0
2006,KINNEY,17.0,2006.0,2006.0,2006.0,2006.0,2006.0,88.0,84.0,41.0
2004,KINNEY,26.7,2004.0,2004.0,2004.0,2004.0,2004.0,91.0,84.0,55.0
2003,KINNEY,17.5,2003.0,2003.0,2003.0,2003.0,2003.0,93.0,83.0,52.0
2002,KINNEY,20.0,2002.0,2002.0,2002.0,2002.0,2002.0,95.0,87.0,59.0
2001,KINNEY,33.3,2001.0,2001.0,2001.0,2001.0,2001.0,87.0,70.0,22.0
2000,KINNEY,20.0,2000.0,2000.0,2000.0,2000.0,2000.0,92.0,77.0,40.0
2005,LAMPASAS,29.1,2005.0,2005.0,2005.0,2005.0,2005.0,91.0,83.0,61.0
2004,LAMPASAS,22.9,2004.0,2004.0,2004.0,2004.0,2004.0,91.0,84.0,55.0
2003,LAMPASAS,28.3,2003.0,2003.0,2003.0,2003.0,2003.0,93.0,83.0,52.0
2002,LAMPASAS,26.4,2002.0,2002.0,2002.0,2002.0,2002.0,95.0,87.0,59.0
2001,LAMPASAS,41.7,2001.0,2001.0,2001.0,2001.0,2001.0,87.0,70.0,22.0
2000,LAMPASAS,21.4,2000.0,2000.0,2000.0,2000.0,2000.0,92.0,77.0,40.0
2006,LLANO,15.0,2006.0,2006.0,2006.0,2006.0,2006.0,88.0,84.0,41.0
2004,LLANO,26.7,2004.0,2004.0,2004.0,2004.0,2004.0,91.0,84.0,55.0
2007,MCCULLOCH,16.0,2007.0,2007.0,2007.0,2007.0,2007.0,92.0,84.0,41.0
2006,MCCULLOCH,14.0,2006.0,2006.0,2006.0,2006.0,2006.0,88.0,84.0,41.0
2005,MCCULLOCH,27.8,2005.0,2005.0,2005.0,2005.0,2005.0,91.0,83.0,61.0
2004,MCCULLOCH,35.6,2004.0,2004.0,2004.0,2004.0,2004.0,91.0,84.0,55.0
2003,MCCULLOCH,16.3,2003.0,2003.0,2003.0,2003.0,2003.0,93.0,83.0,52.0
2002,MCCULLOCH,26.7,2002.0,2002.0,2002.0,2002.0,2002.0,95.0,87.0,59.0
2001,MCCULLOCH,30.6,2001.0,2001.0,2001.0,2001.0,2001.0,87.0,70.0,22.0
2000,MCCULLOCH,22.9,2000.0,2000.0,2000.0,2000.0,2000.0,92.0,77.0,40.0
2007,MASON,38.0,2007.0,2007.0,2007.0,2007.0,2007.0,92.0,84.0,41.0
2006,MASON,28.0,2006.0,2006.0,2006.0,2006.0,2006.0,88.0,84.0,41.0
2005,MASON,33.2,2005.0,2005.0,2005.0,2005.0,2005.0,91.0,83.0,61.0
2004,MASON,41.9,2004.0,2004.0,2004.0,2004.0,2004.0,91.0,84.0,55.0
2003,MASON,24.2,2003.0,2003.0,2003.0,2003.0,2003.0,93.0,83.0,52.0
2002,MASON,21.9,2002.0,2002.0,2002.0,2002.0,2002.0,95.0,87.0,59.0
2001,MASON,25.0,2001.0,2001.0,2001.0,2001.0,2001.0,87.0,70.0,22.0
2000,MASON,25.5,2000.0,2000.0,2000.0,2000.0,2000.0,92.0,77.0,40.0
2006,MENARD,27.0,2006.0,2006.0,2006.0,2006.0,2006.0,88.0,84.0,41.0
2005,MENARD,24.4,2005.0,2005.0,2005.0,2005.0,2005.0,91.0,83.0,61.0
2004,MENARD,26.8,2004.0,2004.0,2004.0,2004.0,2004.0,91.0,84.0,55.0
2003,MENARD,11.8,2003.0,2003.0,2003.0,2003.0,2003.0,93.0,83.0,52.0
2002,MENARD,13.5,2002.0,2002.0,2002.0,2002.0,2002.0,95.0,87.0,59.0
2001,MENARD,37.5,2001.0,2001.0,2001.0,2001.0,2001.0,87.0,70.0,22.0
2000,MENARD,0.0,2000.0,2000.0,2000.0,2000.0,2000.0,92.0,77.0,40.0
2007,REAGAN,28.0,2007.0,2007.0,2007.0,2007.0,2007.0,92.0,84.0,41.0
2006,REAGAN,8.0,2006.0,2006.0,2006.0,2006.0,2006.0,88.0,84.0,41.0
2005,REAGAN,25.4,2005.0,2005.0,2005.0,2005.0,2005.0,91.0,83.0,61.0
2004,REAGAN,18.0,2004.0,2004.0,2004.0,2004.0,2004.0,91.0,84.0,55.0
2003,REAGAN,15.2,2003.0,2003.0,2003.0,2003.0,2003.0,93.0,83.0,52.0
2002,REAGAN,22.2,2002.0,2002.0,2002.0,2002.0,2002.0,95.0,87.0,59.0
2001,REAGAN,32.2,2001.0,2001.0,2001.0,2001.0,2001.0,87.0,70.0,22.0
2000,REAGAN,19.0,2000.0,2000.0,2000.0,2000.0,2000.0,92.0,77.0,40.0
2007,SAN SABA,33.0,2007.0,2007.0,2007.0,2007.0,2007.0,92.0,84.0,41.0
2006,SAN SABA,20.0,2006.0,2006.0,2006.0,2006.0,2006.0,88.0,84.0,41.0
2005,SAN SABA,32.1,2005.0,2005.0,2005.0,2005.0,2005.0,91.0,83.0,61.0
2004,SAN SABA,35.3,2004.0,2004.0,2004.0,2004.0,2004.0,91.0,84.0,55.0
2003,SAN SABA,26.6,2003.0,2003.0,2003.0,2003.0,2003.0,93.0,83.0,52.0
2002,SAN SABA,30.2,2002.0,2002.0,2002.0,2002.0,2002.0,95.0,87.0,59.0
2001,SAN SABA,43.6,2001.0,2001.0,2001.0,2001.0,2001.0,87.0,70.0,22.0
2000,SAN SABA,28.2,2000.0,2000.0,2000.0,2000.0,2000.0,92.0,77.0,40.0
2007,SCHLEICHER,21.0,2007.0,2007.0,2007.0,2007.0,2007.0,92.0,84.0,41.0
2006,SCHLEICHER,20.0,2006.0,2006.0,2006.0,2006.0,2006.0,88.0,84.0,41.0
2005,SCHLEICHER,21.6,2005.0,2005.0,2005.0,2005.0,2005.0,91.0,83.0,61.0
2004,SCHLEICHER,16.3,2004.0,2004.0,2004.0,2004.0,2004.0,91.0,84.0,55.0
2003,SCHLEICHER,15.6,2003.0,2003.0,2003.0,2003.0,2003.0,93.0,83.0,52.0
2002,SCHLEICHER,17.9,2002.0,2002.0,2002.0,2002.0,2002.0,95.0,87.0,59.0
2001,SCHLEICHER,24.3,2001.0,2001.0,2001.0,2001.0,2001.0,87.0,70.0,22.0
2000,SCHLEICHER,19.0,2000.0,2000.0,2000.0,2000.0,2000.0,92.0,77.0,40.0
2006,STERLING,17.0,2006.0,2006.0,2006.0,2006.0,2006.0,88.0,84.0,41.0
2005,STERLING,20.7,2005.0,2005.0,2005.0,2005.0,2005.0,91.0,83.0,61.0
2004,STERLING,18.5,2004.0,2004.0,2004.0,2004.0,2004.0,91.0,84.0,55.0
2003,STERLING,16.8,2003.0,2003.0,2003.0,2003.0,2003.0,93.0,83.0,52.0
2002,STERLING,20.0,2002.0,2002.0,2002.0,2002.0,2002.0,95.0,87.0,59.0
2001,STERLING,30.3,2001.0,2001.0,2001.0,2001.0,2001.0,87.0,70.0,22.0
2000,STERLING,20.0,2000.0,2000.0,2000.0,2000.0,2000.0,92.0,77.0,40.0
2006,SUTTON,20.0,2006.0,2006.0,2006.0,2006.0,2006.0,88.0,84.0,41.0
2005,SUTTON,17.5,2005.0,2005.0,2005.0,2005.0,2005.0,91.0,83.0,61.0
2004,SUTTON,16.7,2004.0,2004.0,2004.0,2004.0,2004.0,91.0,84.0,55.0
2003,SUTTON,12.9,2003.0,2003.0,2003.0,2003.0,2003.0,93.0,83.0,52.0
2002,SUTTON,14.0,2002.0,2002.0,2002.0,2002.0,2002.0,95.0,87.0,59.0
2001,SUTTON,36.0,2001.0,2001.0,2001.0,2001.0,2001.0,87.0,70.0,22.0
2007,TOM GREEN,31.0,2007.0,2007.0,2007.0,2007.0,2007.0,92.0,84.0,41.0
2006,TOM GREEN,40.0,2006.0,2006.0,2006.0,2006.0,2006.0,88.0,84.0,41.0
2005,TOM GREEN,37.7,2005.0,2005.0,2005.0,2005.0,2005.0,91.0,83.0,61.0
2004,TOM GREEN,31.7,2004.0,2004.0,2004.0,2004.0,2004.0,91.0,84.0,55.0
2003,TOM GREEN,19.7,2003.0,2003.0,2003.0,2003.0,2003.0,93.0,83.0,52.0
2002,TOM GREEN,21.6,2002.0,2002.0,2002.0,2002.0,2002.0,95.0,87.0,59.0
2001,TOM GREEN,25.7,2001.0,2001.0,2001.0,2001.0,2001.0,87.0,70.0,22.0
2000,TOM GREEN,28.3,2000.0,2000.0,2000.0,2000.0,2000.0,92.0,77.0,40.0
2007,UPTON,10.0,2007.0,2007.0,2007.0,2007.0,2007.0,92.0,84.0,41.0
2006,UPTON,8.0,2006.0,2006.0,2006.0,2006.0,2006.0,88.0,84.0,41.0
2005,UPTON,29.5,2005.0,2005.0,2005.0,2005.0,2005.0,91.0,83.0,61.0
2004,UPTON,19.2,2004.0,2004.0,2004.0,2004.0,2004.0,91.0,84.0,55.0
2003,UPTON,11.6,2003.0,2003.0,2003.0,2003.0,2003.0,93.0,83.0,52.0
2002,UPTON,20.0,2002.0,2002.0,2002.0,2002.0,2002.0,95.0,87.0,59.0
2001,UPTON,28.0,2001.0,2001.0,2001.0,2001.0,2001.0,87.0,70.0,22.0
2000,UPTON,29.0,2000.0,2000.0,2000.0,2000.0,2000.0,92.0,77.0,40.0
2007,UVALDE,29.0,2007.0,2007.0,2007.0,2007.0,2007.0,92.0,84.0,41.0
2006,UVALDE,34.0,2006.0,2006.0,2006.0,2006.0,2006.0,88.0,84.0,41.0
2005,UVALDE,36.0,2005.0,2005.0,2005.0,2005.0,2005.0,91.0,83.0,61.0
2004,UVALDE,25.9,2004.0,2004.0,2004.0,2004.0,2004.0,91.0,84.0,55.0
2003,UVALDE,27.6,2003.0,2003.0,2003.0,2003.0,2003.0,93.0,83.0,52.0
2002,UVALDE,29.0,2002.0,2002.0,2002.0,2002.0,2002.0,95.0,87.0,59.0
2001,UVALDE,33.7,2001.0,2001.0,2001.0,2001.0,2001.0,87.0,70.0,22.0
2000,UVALDE,25.9,2000.0,2000.0,2000.0,2000.0,2000.0,92.0,77.0,40.0
2007,OTHER (COMBINED) COUNTIES,31.0,2007.0,2007.0,2007.0,2007.0,2007.0,92.0,84.0,41.0
2006,OTHER (COMBINED) COUNTIES,23.0,2006.0,2006.0,2006.0,2006.0,2006.0,88.0,84.0,41.0
2005,OTHER (COMBINED) COUNTIES,28.1,2005.0,2005.0,2005.0,2005.0,2005.0,91.0,83.0,61.0
2004,OTHER (COMBINED) COUNTIES,25.7,2004.0,2004.0,2004.0,2004.0,2004.0,91.0,84.0,55.0
2003,OTHER (COMBINED) COUNTIES,29.2,2003.0,2003.0,2003.0,2003.0,2003.0,93.0,83.0,52.0
2002,OTHER (COMBINED) COUNTIES,21.8,2002.0,2002.0,2002.0,2002.0,2002.0,95.0,87.0,59.0
2001,OTHER (COMBINED) COUNTIES,35.7,2001.0,2001.0,2001.0,2001.0,2001.0,87.0,70.0,22.0
2000,OTHER (COMBINED) COUNTIES,24.4,2000.0,2000.0,2000.0,2000.0,2000.0,92.0,77.0,40.0
2004,BASTROP,24.0,2004.0,2004.0,2004.0,2004.0,2004.0,91.0,84.0,55.0
2003,BASTROP,25.0,2003.0,2003.0,2003.0,2003.0,2003.0,93.0,83.0,52.0
2002,BASTROP,20.0,2002.0,2002.0,2002.0,2002.0,2002.0,95.0,87.0,59.0
2006,BEE,40.0,2006.0,2006.0,2006.0,2006.0,2006.0,88.0,84.0,41.0
2005,BEE,24.2,2005.0,2005.0,2005.0,2005.0,2005.0,91.0,83.0,61.0
2004,BEE,22.7,2004.0,2004.0,2004.0,2004.0,2004.0,91.0,84.0,55.0
2003,BEE,21.9,2003.0,2003.0,2003.0,2003.0,2003.0,93.0,83.0,52.0
2002,BEE,9.0,2002.0,2002.0,2002.0,2002.0,2002.0,95.0,87.0,59.0
2001,BEE,30.0,2001.0,2001.0,2001.0,2001.0,2001.0,87.0,70.0,22.0
2007,BEXAR,32.0,2007.0,2007.0,2007.0,2007.0,2007.0,92.0,84.0,41.0
2006,BEXAR,20.0,2006.0,2006.0,2006.0,2006.0,2006.0,88.0,84.0,41.0
2005,BEXAR,31.3,2005.0,2005.0,2005.0,2005.0,2005.0,91.0,83.0,61.0
2004,BEXAR,32.7,2004.0,2004.0,2004.0,2004.0,2004.0,91.0,84.0,55.0
2003,BEXAR,26.9,2003.0,2003.0,2003.0,2003.0,2003.0,93.0,83.0,52.0
2002,BEXAR,21.1,2002.0,2002.0,2002.0,2002.0,2002.0,95.0,87.0,59.0
2001,BEXAR,38.7,2001.0,2001.0,2001.0,2001.0,2001.0,87.0,70.0,22.0
2000,BEXAR,21.8,2000.0,2000.0,2000.0,2000.0,2000.0,92.0,77.0,40.0
2006,BURLESON,42.0,2006.0,2006.0,2006.0,2006.0,2006.0,88.0,84.0,41.0
2005,BURLESON,31.8,2005.0,2005.0,2005.0,2005.0,2005.0,91.0,83.0,61.0
2004,BURLESON,35.0,2004.0,2004.0,2004.0,2004.0,2004.0,91.0,84.0,55.0
2003,BURLESON,43.3,2003.0,2003.0,2003.0,2003.0,2003.0,93.0,83.0,52.0
2002,BURLESON,27.5,2002.0,2002.0,2002.0,2002.0,2002.0,95.0,87.0,59.0
2001,BURLESON,36.0,2001.0,2001.0,2001.0,2001.0,2001.0,87.0,70.0,22.0
2000,BURLESON,21.7,2000.0,2000.0,2000.0,2000.0,2000.0,92.0,77.0,40.0
2006,CALDWELL,30.0,2006.0,2006.0,2006.0,2006.0,2006.0,88.0,84.0,41.0
2005,CALDWELL,15.6,2005.0,2005.0,2005.0,2005.0,2005.0,91.0,83.0,61.0
2004,CALDWELL,38.6,2004.0,2004.0,2004.0,2004.0,2004.0,91.0,84.0,55.0
2003,CALDWELL,27.1,2003.0,2003.0,2003.0,2003.0,2003.0,93.0,83.0,52.0
2002,CALDWELL,17.1,2002.0,2002.0,2002.0,2002.0,2002.0,95.0,87.0,59.0
2001,CALDWELL,38.8,2001.0,2001.0,2001.0,2001.0,2001.0,87.0,70.0,22.0
2000,CALDWELL,0.0,2000.0,2000.0,2000.0,2000.0,2000.0,92.0,77.0,40.0
2004,COLORADO,28.8,2004.0,2004.0,2004.0,2004.0,2004.0,91.0,84.0,55.0
2003,COLORADO,25.7,2003.0,2003.0,2003.0,2003.0,2003.0,93.0,83.0,52.0
2007,DE WITT,29.0,2007.0,2007.0,2007.0,2007.0,2007.0,92.0,84.0,41.0
2005,DE WITT,27.0,2005.0,2005.0,2005.0,2005.0,2005.0,91.0,83.0,61.0
2004,DE WITT,31.8,2004.0,2004.0,2004.0,2004.0,2004.0,91.0,84.0,55.0
2003,DE WITT,30.0,2003.0,2003.0,2003.0,2003.0,2003.0,93.0,83.0,52.0
2007,GUADALUPE,28.0,2007.0,2007.0,2007.0,2007.0,2007.0,92.0,84.0,41.0
2006,GUADALUPE,10.0,2006.0,2006.0,2006.0,2006.0,2006.0,88.0,84.0,41.0
2005,GUADALUPE,37.1,2005.0,2005.0,2005.0,2005.0,2005.0,91.0,83.0,61.0
2004,GUADALUPE,30.1,2004.0,2004.0,2004.0,2004.0,2004.0,91.0,84.0,55.0
2003,GUADALUPE,35.1,2003.0,2003.0,2003.0,2003.0,2003.0,93.0,83.0,52.0
2002,GUADALUPE,20.6,2002.0,2002.0,2002.0,2002.0,2002.0,95.0,87.0,59.0
2001,GUADALUPE,37.5,2001.0,2001.0,2001.0,2001.0,2001.0,87.0,70.0,22.0
2000,GUADALUPE,25.3,2000.0,2000.0,2000.0,2000.0,2000.0,92.0,77.0,40.0
2007,HAYS,18.0,2007.0,2007.0,2007.0,2007.0,2007.0,92.0,84.0,41.0
2006,HAYS,10.0,2006.0,2006.0,2006.0,2006.0,2006.0,88.0,84.0,41.0
2005,HAYS,20.0,2005.0,2005.0,2005.0,2005.0,2005.0,91.0,83.0,61.0
2004,HAYS,30.3,2004.0,2004.0,2004.0,2004.0,2004.0,91.0,84.0,55.0
2003,HAYS,26.4,2003.0,2003.0,2003.0,2003.0,2003.0,93.0,83.0,52.0
2002,HAYS,24.0,2002.0,2002.0,2002.0,2002.0,2002.0,95.0,87.0,59.0
2001,HAYS,38.5,2001.0,2001.0,2001.0,2001.0,2001.0,87.0,70.0,22.0
2000,HAYS,0.0,2000.0,2000.0,2000.0,2000.0,2000.0,92.0,77.0,40.0
2006,KARNES,13.0,2006.0,2006.0,2006.0,2006.0,2006.0,88.0,84.0,41.0
2005,KARNES,32.0,2005.0,2005.0,2005.0,2005.0,2005.0,91.0,83.0,61.0
2004,KARNES,31.4,2004.0,2004.0,2004.0,2004.0,2004.0,91.0,84.0,55.0
2003,KARNES,24.8,2003.0,2003.0,2003.0,2003.0,2003.0,93.0,83.0,52.0
2002,KARNES,8.5,2002.0,2002.0,2002.0,2002.0,2002.0,95.0,87.0,59.0
2001,KARNES,38.0,2001.0,2001.0,2001.0,2001.0,2001.0,87.0,70.0,22.0
2000,KARNES,16.5,2000.0,2000.0,2000.0,2000.0,2000.0,92.0,77.0,40.0
2007,MEDINA,29.0,2007.0,2007.0,2007.0,2007.0,2007.0,92.0,84.0,41.0
2006,MEDINA,14.0,2006.0,2006.0,2006.0,2006.0,2006.0,88.0,84.0,41.0
2005,MEDINA,27.2,2005.0,2005.0,2005.0,2005.0,2005.0,91.0,83.0,61.0
2004,MEDINA,25.7,2004.0,2004.0,2004.0,2004.0,2004.0,91.0,84.0,55.0
2003,MEDINA,30.9,2003.0,2003.0,2003.0,2003.0,2003.0,93.0,83.0,52.0
2002,MEDINA,23.9,2002.0,2002.0,2002.0,2002.0,2002.0,95.0,87.0,59.0
2001,MEDINA,38.1,2001.0,2001.0,2001.0,2001.0,2001.0,87.0,70.0,22.0
2000,MEDINA,27.0,2000.0,2000.0,2000.0,2000.0,2000.0,92.0,77.0,40.0
2007,TRAVIS,32.0,2007.0,2007.0,2007.0,2007.0,2007.0,92.0,84.0,41.0
2006,TRAVIS,21.0,2006.0,2006.0,2006.0,2006.0,2006.0,88.0,84.0,41.0
2005,TRAVIS,15.0,2005.0,2005.0,2005.0,2005.0,2005.0,91.0,83.0,61.0
2004,TRAVIS,29.5,2004.0,2004.0,2004.0,2004.0,2004.0,91.0,84.0,55.0
2003,TRAVIS,32.6,2003.0,2003.0,2003.0,2003.0,2003.0,93.0,83.0,52.0
2002,TRAVIS,28.4,2002.0,2002.0,2002.0,2002.0,2002.0,95.0,87.0,59.0
2001,TRAVIS,35.0,2001.0,2001.0,2001.0,2001.0,2001.0,87.0,70.0,22.0
2000,TRAVIS,22.8,2000.0,2000.0,2000.0,2000.0,2000.0,92.0,77.0,40.0
2006,WASHINGTON,27.0,2006.0,2006.0,2006.0,2006.0,2006.0,88.0,84.0,41.0
2005,WASHINGTON,27.5,2005.0,2005.0,2005.0,2005.0,2005.0,91.0,83.0,61.0
2004,WASHINGTON,26.7,2004.0,2004.0,2004.0,2004.0,2004.0,91.0,84.0,55.0
2006,WILSON,22.0,2006.0,2006.0,2006.0,2006.0,2006.0,88.0,84.0,41.0
2005,WILSON,24.5,2005.0,2005.0,2005.0,2005.0,2005.0,91.0,83.0,61.0
2004,WILSON,23.3,2004.0,2004.0,2004.0,2004.0,2004.0,91.0,84.0,55.0
2003,WILSON,26.5,2003.0,2003.0,2003.0,2003.0,2003.0,93.0,83.0,52.0
2002,WILSON,18.1,2002.0,2002.0,2002.0,2002.0,2002.0,95.0,87.0,59.0
2001,WILSON,28.1,2001.0,2001.0,2001.0,2001.0,2001.0,87.0,70.0,22.0
2000,WILSON,24.0,2000.0,2000.0,2000.0,2000.0,2000.0,92.0,77.0,40.0
2007,OTHER (COMBINED) COUNTIES,35.0,2007.0,2007.0,2007.0,2007.0,2007.0,92.0,84.0,41.0
2004,OTHER (COMBINED) COUNTIES,25.0,2004.0,2004.0,2004.0,2004.0,2004.0,91.0,84.0,55.0
2003,OTHER (COMBINED) COUNTIES,24.0,2003.0,2003.0,2003.0,2003.0,2003.0,93.0,83.0,52.0
2002,OTHER (COMBINED) COUNTIES,0.0,2002.0,2002.0,2002.0,2002.0,2002.0,95.0,87.0,59.0
2000,OTHER (COMBINED) COUNTIES,28.0,2000.0,2000.0,2000.0,2000.0,2000.0,92.0,77.0,40.0
2006,KLEBERG,13.0,2006.0,2006.0,2006.0,2006.0,2006.0,88.0,84.0,41.0
2004,KLEBERG,31.3,2004.0,2004.0,2004.0,2004.0,2004.0,91.0,84.0,55.0
2007,NUECES,43.0,2007.0,2007.0,2007.0,2007.0,2007.0,92.0,84.0,41.0
2006,NUECES,10.0,2006.0,2006.0,2006.0,2006.0,2006.0,88.0,84.0,41.0
2006,OTHER (COMBINED) COUNTIES,29.0,2006.0,2006.0,2006.0,2006.0,2006.0,88.0,84.0,41.0
2005,OTHER (COMBINED) COUNTIES,23.2,2005.0,2005.0,2005.0,2005.0,2005.0,91.0,83.0,61.0
2004,OTHER (COMBINED) COUNTIES,21.5,2004.0,2004.0,2004.0,2004.0,2004.0,91.0,84.0,55.0
2003,OTHER (COMBINED) COUNTIES,32.6,2003.0,2003.0,2003.0,2003.0,2003.0,93.0,83.0,52.0
2002,OTHER (COMBINED) COUNTIES,22.2,2002.0,2002.0,2002.0,2002.0,2002.0,95.0,87.0,59.0
2001,OTHER (COMBINED) COUNTIES,40.0,2001.0,2001.0,2001.0,2001.0,2001.0,87.0,70.0,22.0
2000,OTHER (COMBINED) COUNTIES,25.6,2000.0,2000.0,2000.0,2000.0,2000.0,92.0,77.0,40.0
2004,BRAZORIA,44.6,2004.0,2004.0,2004.0,2004.0,2004.0,91.0,84.0,55.0
2002,BRAZORIA,23.1,2002.0,2002.0,2002.0,2002.0,2002.0,95.0,87.0,59.0
2001,BRAZORIA,42.9,2001.0,2001.0,2001.0,2001.0,2001.0,87.0,70.0,22.0
2001,CALHOUN,0.0,2001.0,2001.0,2001.0,2001.0,2001.0,87.0,70.0,22.0
2004,CHAMBERS,26.0,2004.0,2004.0,2004.0,2004.0,2004.0,91.0,84.0,55.0
2002,CHAMBERS,20.0,2002.0,2002.0,2002.0,2002.0,2002.0,95.0,87.0,59.0
2001,CHAMBERS,40.0,2001.0,2001.0,2001.0,2001.0,2001.0,87.0,70.0,22.0
2000,CHAMBERS,28.0,2000.0,2000.0,2000.0,2000.0,2000.0,92.0,77.0,40.0
2004,FORT BEND,24.5,2004.0,2004.0,2004.0,2004.0,2004.0,91.0,84.0,55.0
2006,HARRIS,37.0,2006.0,2006.0,2006.0,2006.0,2006.0,88.0,84.0,41.0
2005,JACKSON,27.5,2005.0,2005.0,2005.0,2005.0,2005.0,91.0,83.0,61.0
2004,JACKSON,30.0,2004.0,2004.0,2004.0,2004.0,2004.0,91.0,84.0,55.0
2006,LIBERTY,44.0,2006.0,2006.0,2006.0,2006.0,2006.0,88.0,84.0,41.0
2004,LIBERTY,15.4,2004.0,2004.0,2004.0,2004.0,2004.0,91.0,84.0,55.0
2001,LIBERTY,44.4,2001.0,2001.0,2001.0,2001.0,2001.0,87.0,70.0,22.0
2000,VICTORIA,18.3,2000.0,2000.0,2000.0,2000.0,2000.0,92.0,77.0,40.0
2006,WHARTON,34.0,2006.0,2006.0,2006.0,2006.0,2006.0,88.0,84.0,41.0
2004,WHARTON,16.2,2004.0,2004.0,2004.0,2004.0,2004.0,91.0,84.0,55.0
2003,WHARTON,32.0,2003.0,2003.0,2003.0,2003.0,2003.0,93.0,83.0,52.0
2002,WHARTON,20.0,2002.0,2002.0,2002.0,2002.0,2002.0,95.0,87.0,59.0
2001,WHARTON,40.0,2001.0,2001.0,2001.0,2001.0,2001.0,87.0,70.0,22.0
2007,OTHER (COMBINED) COUNTIES,27.0,2007.0,2007.0,2007.0,2007.0,2007.0,92.0,84.0,41.0
2006,OTHER (COMBINED) COUNTIES,23.0,2006.0,2006.0,2006.0,2006.0,2006.0,88.0,84.0,41.0
2005,OTHER (COMBINED) COUNTIES,36.7,2005.0,2005.0,2005.0,2005.0,2005.0,91.0,83.0,61.0
2004,OTHER (COMBINED) COUNTIES,26.7,2004.0,2004.0,2004.0,2004.0,2004.0,91.0,84.0,55.0
2003,OTHER (COMBINED) COUNTIES,22.0,2003.0,2003.0,2003.0,2003.0,2003.0,93.0,83.0,52.0
2002,OTHER (COMBINED) COUNTIES,16.7,2002.0,2002.0,2002.0,2002.0,2002.0,95.0,87.0,59.0
2001,OTHER (COMBINED) COUNTIES,20.0,2001.0,2001.0,2001.0,2001.0,2001.0,87.0,70.0,22.0
2000,OTHER (COMBINED) COUNTIES,15.0,2000.0,2000.0,2000.0,2000.0,2000.0,92.0,77.0,40.0
2007,ATASCOSA,21.0,2007.0,2007.0,2007.0,2007.0,2007.0,92.0,84.0,41.0
2006,ATASCOSA,20.0,2006.0,2006.0,2006.0,2006.0,2006.0,88.0,84.0,41.0
2005,ATASCOSA,21.3,2005.0,2005.0,2005.0,2005.0,2005.0,91.0,83.0,61.0
2004,ATASCOSA,17.6,2004.0,2004.0,2004.0,2004.0,2004.0,91.0,84.0,55.0
2003,ATASCOSA,27.0,2003.0,2003.0,2003.0,2003.0,2003.0,93.0,83.0,52.0
2002,ATASCOSA,21.2,2002.0,2002.0,2002.0,2002.0,2002.0,95.0,87.0,59.0
2001,ATASCOSA,26.0,2001.0,2001.0,2001.0,2001.0,2001.0,87.0,70.0,22.0
2000,ATASCOSA,14.0,2000.0,2000.0,2000.0,2000.0,2000.0,92.0,77.0,40.0
2004,DIMMIT,27.8,2004.0,2004.0,2004.0,2004.0,2004.0,91.0,84.0,55.0
2004,DUVAL,17.5,2004.0,2004.0,2004.0,2004.0,2004.0,91.0,84.0,55.0
2000,DUVAL,15.0,2000.0,2000.0,2000.0,2000.0,2000.0,92.0,77.0,40.0
2007,FRIO,19.0,2007.0,2007.0,2007.0,2007.0,2007.0,92.0,84.0,41.0
2006,FRIO,23.0,2006.0,2006.0,2006.0,2006.0,2006.0,88.0,84.0,41.0
2005,FRIO,33.2,2005.0,2005.0,2005.0,2005.0,2005.0,91.0,83.0,61.0
2004,FRIO,29.9,2004.0,2004.0,2004.0,2004.0,2004.0,91.0,84.0,55.0
2003,FRIO,21.9,2003.0,2003.0,2003.0,2003.0,2003.0,93.0,83.0,52.0
2002,FRIO,18.7,2002.0,2002.0,2002.0,2002.0,2002.0,95.0,87.0,59.0
2001,FRIO,33.4,2001.0,2001.0,2001.0,2001.0,2001.0,87.0,70.0,22.0
2000,FRIO,27.9,2000.0,2000.0,2000.0,2000.0,2000.0,92.0,77.0,40.0
2006,JIM WELLS,23.0,2006.0,2006.0,2006.0,2006.0,2006.0,88.0,84.0,41.0
2005,JIM WELLS,48.9,2005.0,2005.0,2005.0,2005.0,2005.0,91.0,83.0,61.0
2004,JIM WELLS,16.9,2004.0,2004.0,2004.0,2004.0,2004.0,91.0,84.0,55.0
2001,JIM WELLS,0.0,2001.0,2001.0,2001.0,2001.0,2001.0,87.0,70.0,22.0
2006,LA SALLE,22.0,2006.0,2006.0,2006.0,2006.0,2006.0,88.0,84.0,41.0
2005,LA SALLE,24.2,2005.0,2005.0,2005.0,2005.0,2005.0,91.0,83.0,61.0
2004,LA SALLE,30.0,2004.0,2004.0,2004.0,2004.0,2004.0,91.0,84.0,55.0
2001,LA SALLE,31.3,2001.0,2001.0,2001.0,2001.0,2001.0,87.0,70.0,22.0
2005,LIVE OAK,16.3,2005.0,2005.0,2005.0,2005.0,2005.0,91.0,83.0,61.0
2004,LIVE OAK,19.1,2004.0,2004.0,2004.0,2004.0,2004.0,91.0,84.0,55.0
2003,LIVE OAK,18.6,2003.0,2003.0,2003.0,2003.0,2003.0,93.0,83.0,52.0
2002,LIVE OAK,5.7,2002.0,2002.0,2002.0,2002.0,2002.0,95.0,87.0,59.0
2001,LIVE OAK,18.2,2001.0,2001.0,2001.0,2001.0,2001.0,87.0,70.0,22.0
2000,LIVE OAK,14.0,2000.0,2000.0,2000.0,2000.0,2000.0,92.0,77.0,40.0
2004,MCMULLEN,24.0,2004.0,2004.0,2004.0,2004.0,2004.0,91.0,84.0,55.0
2003,MCMULLEN,10.5,2003.0,2003.0,2003.0,2003.0,2003.0,93.0,83.0,52.0
2002,MCMULLEN,8.6,2002.0,2002.0,2002.0,2002.0,2002.0,95.0,87.0,59.0
2001,MCMULLEN,23.5,2001.0,2001.0,2001.0,2001.0,2001.0,87.0,70.0,22.0
2000,MCMULLEN,14.3,2000.0,2000.0,2000.0,2000.0,2000.0,92.0,77.0,40.0
2007,ZAVALA,26.0,2007.0,2007.0,2007.0,2007.0,2007.0,92.0,84.0,41.0
2006,ZAVALA,24.0,2006.0,2006.0,2006.0,2006.0,2006.0,88.0,84.0,41.0
2005,ZAVALA,30.0,2005.0,2005.0,2005.0,2005.0,2005.0,91.0,83.0,61.0
2004,ZAVALA,32.3,2004.0,2004.0,2004.0,2004.0,2004.0,91.0,84.0,55.0
2003,ZAVALA,25.6,2003.0,2003.0,2003.0,2003.0,2003.0,93.0,83.0,52.0
2002,ZAVALA,12.9,2002.0,2002.0,2002.0,2002.0,2002.0,95.0,87.0,59.0
2001,ZAVALA,27.3,2001.0,2001.0,2001.0,2001.0,2001.0,87.0,70.0,22.0
2000,ZAVALA,14.4,2000.0,2000.0,2000.0,2000.0,2000.0,92.0,77.0,40.0
2007,OTHER (COMBINED) COUNTIES,30.0,2007.0,2007.0,2007.0,2007.0,2007.0,92.0,84.0,41.0
2006,OTHER (COMBINED) COUNTIES,24.0,2006.0,2006.0,2006.0,2006.0,2006.0,88.0,84.0,41.0
2004,OTHER (COMBINED) COUNTIES,25.0,2004.0,2004.0,2004.0,2004.0,2004.0,91.0,84.0,55.0
2003,OTHER (COMBINED) COUNTIES,0.0,2003.0,2003.0,2003.0,2003.0,2003.0,93.0,83.0,52.0
2002,OTHER (COMBINED) COUNTIES,10.0,2002.0,2002.0,2002.0,2002.0,2002.0,95.0,87.0,59.0
2000,OTHER (COMBINED) COUNTIES,28.0,2000.0,2000.0,2000.0,2000.0,2000.0,92.0,77.0,40.0
2006,WILLACY,24.0,2006.0,2006.0,2006.0,2006.0,2006.0,88.0,84.0,41.0
2019,OTHER (COMBINED) COUNTIES,36.1,2019.0,2019.0,2019.0,2019.0,2019.0,90.0,67.0,42.0
2018,OTHER (COMBINED) COUNTIES,33.8,2018.0,2018.0,2018.0,2018.0,2018.0,92.0,79.0,33.0
2017,OTHER (COMBINED) COUNTIES,29.8,2017.0,2017.0,2017.0,2017.0,2017.0,93.0,75.0,30.0
2016,OTHER (COMBINED) COUNTIES,40.4,2016.0,2016.0,2016.0,2016.0,2016.0,89.0,67.0,24.0
2015,OTHER (COMBINED) COUNTIES,42.6,2015.0,2015.0,2015.0,2015.0,2015.0,92.0,77.0,41.0
2014,OTHER (COMBINED) COUNTIES,32.2,2014.0,2014.0,2014.0,2014.0,2014.0,89.0,75.0,42.0
2013,OTHER (COMBINED) COUNTIES,27.7,2013.0,2013.0,2013.0,2013.0,2013.0,91.0,82.0,43.0
2012,OTHER (COMBINED) COUNTIES,36.4,2012.0,2012.0,2012.0,2012.0,2012.0,88.0,74.0,14.0
2025,ARMSTRONG,35.6,2025.0,2025.0,2025.0,2025.0,2025.0,93.0,70.0,43.0
2023,ARMSTRONG,21.5,2023.0,2023.0,100.0,100.0,100.0,98.0,84.0,44.0
2022,ARMSTRONG,19.6,2022.0,2022.0,2022.0,2022.0,2022.0,96.0,79.0,37.0
2021,ARMSTRONG,28.6,1.0,1.0,1.0,1.0,1.0,95.0,71.0,31.0
2020,ARMSTRONG,23.6,2020.0,93.0,93.0,93.0,93.0,87.0,74.0,34.0
2019,ARMSTRONG,34.7,2019.0,2019.0,2019.0,2019.0,2019.0,90.0,67.0,42.0
2018,ARMSTRONG,19.3,2018.0,2018.0,2018.0,2018.0,2018.0,92.0,79.0,33.0
2017,ARMSTRONG,30.0,2017.0,2017.0,2017.0,2017.0,2017.0,93.0,75.0,30.0
2016,ARMSTRONG,25.9,2016.0,2016.0,2016.0,2016.0,2016.0,89.0,67.0,24.0
2015,ARMSTRONG,25.3,2015.0,2015.0,2015.0,2015.0,2015.0,92.0,77.0,41.0
2014,ARMSTRONG,13.8,2014.0,2014.0,2014.0,2014.0,2014.0,89.0,75.0,42.0
2013,ARMSTRONG,8.6,2013.0,2013.0,2013.0,2013.0,2013.0,91.0,82.0,43.0
2012,ARMSTRONG,16.6,2012.0,2012.0,2012.0,2012.0,2012.0,88.0,74.0,14.0
2011,ARMSTRONG,16.0,2011.0,2011.0,2011.0,2011.0,2011.0,89.0,85.0,36.0
2010,ARMSTRONG,35.7,2010.0,2010.0,2010.0,2010.0,2010.0,94.0,75.0,40.0
2009,ARMSTRONG,17.0,2009.0,2009.0,2009.0,2009.0,2009.0,94.0,81.0,42.0
2008,ARMSTRONG,15.5,2008.0,2008.0,2008.0,2008.0,2008.0,89.0,80.0,30.0
2007,ARMSTRONG,41.0,2007.0,2007.0,2007.0,2007.0,2007.0,92.0,84.0,41.0
2006,ARMSTRONG,19.0,2006.0,2006.0,2006.0,2006.0,2006.0,88.0,84.0,41.0
2005,ARMSTRONG,23.4,2005.0,2005.0,2005.0,2005.0,2005.0,91.0,83.0,61.0
2004,ARMSTRONG,28.3,2004.0,2004.0,2004.0,2004.0,2004.0,91.0,84.0,55.0
2003,ARMSTRONG,16.8,2003.0,2003.0,2003.0,2003.0,2003.0,93.0,83.0,52.0
2002,ARMSTRONG,19.2,2002.0,2002.0,2002.0,2002.0,2002.0,95.0,87.0,59.0
2001,ARMSTRONG,35.6,2001.0,2001.0,2001.0,2001.0,2001.0,87.0,70.0,22.0
2000,ARMSTRONG,20.6,2000.0,2000.0,2000.0,2000.0,2000.0,92.0,77.0,40.0
2020,BRISCOE,16.4,2020.0,93.0,93.0,93.0,93.0,87.0,74.0,34.0
2019,BRISCOE,18.3,2019.0,2019.0,2019.0,2019.0,2019.0,90.0,67.0,42.0
2018,BRISCOE,14.2,2018.0,2018.0,2018.0,2018.0,2018.0,92.0,79.0,33.0
2017,BRISCOE,22.6,2017.0,2017.0,2017.0,2017.0,2017.0,93.0,75.0,30.0
2016,BRISCOE,16.1,2016.0,2016.0,2016.0,2016.0,2016.0,89.0,67.0,24.0
2015,BRISCOE,17.8,2015.0,2015.0,2015.0,2015.0,2015.0,92.0,77.0,41.0
2013,BRISCOE,11.2,2013.0,2013.0,2013.0,2013.0,2013.0,91.0,82.0,43.0
2012,BRISCOE,13.7,2012.0,2012.0,2012.0,2012.0,2012.0,88.0,74.0,14.0
2011,BRISCOE,16.7,2011.0,2011.0,2011.0,2011.0,2011.0,89.0,85.0,36.0
2010,BRISCOE,28.0,2010.0,2010.0,2010.0,2010.0,2010.0,94.0,75.0,40.0
2009,BRISCOE,16.0,2009.0,2009.0,2009.0,2009.0,2009.0,94.0,81.0,42.0
2008,BRISCOE,22.0,2008.0,2008.0,2008.0,2008.0,2008.0,89.0,80.0,30.0
2007,BRISCOE,33.0,2007.0,2007.0,2007.0,2007.0,2007.0,92.0,84.0,41.0
2006,BRISCOE,14.0,2006.0,2006.0,2006.0,2006.0,2006.0,88.0,84.0,41.0
2005,BRISCOE,26.3,2005.0,2005.0,2005.0,2005.0,2005.0,91.0,83.0,61.0
2004,BRISCOE,20.6,2004.0,2004.0,2004.0,2004.0,2004.0,91.0,84.0,55.0
2003,BRISCOE,14.2,2003.0,2003.0,2003.0,2003.0,2003.0,93.0,83.0,52.0
2002,BRISCOE,18.9,2002.0,2002.0,2002.0,2002.0,2002.0,95.0,87.0,59.0
2001,BRISCOE,25.5,2001.0,2001.0,2001.0,2001.0,2001.0,87.0,70.0,22.0
2000,BRISCOE,15.0,2000.0,2000.0,2000.0,2000.0,2000.0,92.0,77.0,40.0
2025,CARSON,51.8,2025.0,2025.0,2025.0,2025.0,2025.0,93.0,70.0,43.0
2023,CARSON,45.6,2023.0,2023.0,100.0,100.0,100.0,98.0,84.0,44.0
2022,CARSON,24.1,2022.0,2022.0,2022.0,2022.0,2022.0,96.0,79.0,37.0
2021,CARSON,45.2,1.0,1.0,1.0,1.0,1.0,95.0,71.0,31.0
2020,CARSON,28.9,2020.0,93.0,93.0,93.0,93.0,87.0,74.0,34.0
2019,CARSON,34.9,2019.0,2019.0,2019.0,2019.0,2019.0,90.0,67.0,42.0
2018,CARSON,20.0,2018.0,2018.0,2018.0,2018.0,2018.0,92.0,79.0,33.0
2017,CARSON,31.1,2017.0,2017.0,2017.0,2017.0,2017.0,93.0,75.0,30.0
2016,CARSON,26.6,2016.0,2016.0,2016.0,2016.0,2016.0,89.0,67.0,24.0
2015,CARSON,28.9,2015.0,2015.0,2015.0,2015.0,2015.0,92.0,77.0,41.0
2014,CARSON,24.2,2014.0,2014.0,2014.0,2014.0,2014.0,89.0,75.0,42.0
2013,CARSON,17.8,2013.0,2013.0,2013.0,2013.0,2013.0,91.0,82.0,43.0
2012,CARSON,29.7,2012.0,2012.0,2012.0,2012.0,2012.0,88.0,74.0,14.0
2011,CARSON,18.6,2011.0,2011.0,2011.0,2011.0,2011.0,89.0,85.0,36.0
2010,CARSON,39.5,2010.0,2010.0,2010.0,2010.0,2010.0,94.0,75.0,40.0
2009,CARSON,23.5,2009.0,2009.0,2009.0,2009.0,2009.0,94.0,81.0,42.0
2008,CARSON,19.0,2008.0,2008.0,2008.0,2008.0,2008.0,89.0,80.0,30.0
2007,CARSON,46.0,2007.0,2007.0,2007.0,2007.0,2007.0,92.0,84.0,41.0
2006,CARSON,16.0,2006.0,2006.0,2006.0,2006.0,2006.0,88.0,84.0,41.0
2005,CARSON,34.0,2005.0,2005.0,2005.0,2005.0,2005.0,91.0,83.0,61.0
2004,CARSON,27.9,2004.0,2004.0,2004.0,2004.0,2004.0,91.0,84.0,55.0
2003,CARSON,26.5,2003.0,2003.0,2003.0,2003.0,2003.0,93.0,83.0,52.0
2002,CARSON,15.8,2002.0,2002.0,2002.0,2002.0,2002.0,95.0,87.0,59.0
2001,CARSON,39.7,2001.0,2001.0,2001.0,2001.0,2001.0,87.0,70.0,22.0
2000,CARSON,17.5,2000.0,2000.0,2000.0,2000.0,2000.0,92.0,77.0,40.0
2021,CASTRO,42.6,1.0,1.0,1.0,1.0,1.0,95.0,71.0,31.0
2020,CASTRO,29.8,2020.0,93.0,93.0,93.0,93.0,87.0,74.0,34.0
2018,CASTRO,38.1,2018.0,2018.0,2018.0,2018.0,2018.0,92.0,79.0,33.0
2015,CASTRO,33.2,2015.0,2015.0,2015.0,2015.0,2015.0,92.0,77.0,41.0
2011,CASTRO,25.9,2011.0,2011.0,2011.0,2011.0,2011.0,89.0,85.0,36.0
2010,CASTRO,35.6,2010.0,2010.0,2010.0,2010.0,2010.0,94.0,75.0,40.0
2009,CASTRO,49.0,2009.0,2009.0,2009.0,2009.0,2009.0,94.0,81.0,42.0
2008,CASTRO,45.5,2008.0,2008.0,2008.0,2008.0,2008.0,89.0,80.0,30.0
2007,CASTRO,45.0,2007.0,2007.0,2007.0,2007.0,2007.0,92.0,84.0,41.0
2006,CASTRO,38.0,2006.0,2006.0,2006.0,2006.0,2006.0,88.0,84.0,41.0
2005,CASTRO,42.6,2005.0,2005.0,2005.0,2005.0,2005.0,91.0,83.0,61.0
2004,CASTRO,46.1,2004.0,2004.0,2004.0,2004.0,2004.0,91.0,84.0,55.0
2003,CASTRO,54.4,2003.0,2003.0,2003.0,2003.0,2003.0,93.0,83.0,52.0
2002,CASTRO,41.5,2002.0,2002.0,2002.0,2002.0,2002.0,95.0,87.0,59.0
2001,CASTRO,41.8,2001.0,2001.0,2001.0,2001.0,2001.0,87.0,70.0,22.0
2000,CASTRO,33.0,2000.0,2000.0,2000.0,2000.0,2000.0,92.0,77.0,40.0
2025,DALLAM,54.5,2025.0,2025.0,2025.0,2025.0,2025.0,93.0,70.0,43.0
2023,DALLAM,35.5,2023.0,2023.0,100.0,100.0,100.0,98.0,84.0,44.0
2022,DALLAM,40.6,2022.0,2022.0,2022.0,2022.0,2022.0,96.0,79.0,37.0
2021,DALLAM,51.6,1.0,1.0,1.0,1.0,1.0,95.0,71.0,31.0
2020,DALLAM,37.7,2020.0,93.0,93.0,93.0,93.0,87.0,74.0,34.0
2019,DALLAM,45.5,2019.0,2019.0,2019.0,2019.0,2019.0,90.0,67.0,42.0
2018,DALLAM,48.0,2018.0,2018.0,2018.0,2018.0,2018.0,92.0,79.0,33.0
2017,DALLAM,57.7,2017.0,2017.0,2017.0,2017.0,2017.0,93.0,75.0,30.0
2016,DALLAM,49.6,2016.0,2016.0,2016.0,2016.0,2016.0,89.0,67.0,24.0
2015,DALLAM,48.2,2015.0,2015.0,2015.0,2015.0,2015.0,92.0,77.0,41.0
2014,DALLAM,54.1,2014.0,2014.0,2014.0,2014.0,2014.0,89.0,75.0,42.0
2013,DALLAM,26.1,2013.0,2013.0,2013.0,2013.0,2013.0,91.0,82.0,43.0
2012,DALLAM,38.2,2012.0,2012.0,2012.0,2012.0,2012.0,88.0,74.0,14.0
2011,DALLAM,37.7,2011.0,2011.0,2011.0,2011.0,2011.0,89.0,85.0,36.0
2010,DALLAM,41.3,2010.0,2010.0,2010.0,2010.0,2010.0,94.0,75.0,40.0
2009,DALLAM,36.0,2009.0,2009.0,2009.0,2009.0,2009.0,94.0,81.0,42.0
2008,DALLAM,38.5,2008.0,2008.0,2008.0,2008.0,2008.0,89.0,80.0,30.0
2007,DALLAM,50.0,2007.0,2007.0,2007.0,2007.0,2007.0,92.0,84.0,41.0
2006,DALLAM,34.0,2006.0,2006.0,2006.0,2006.0,2006.0,88.0,84.0,41.0
2005,DALLAM,48.7,2005.0,2005.0,2005.0,2005.0,2005.0,91.0,83.0,61.0
2004,DALLAM,39.9,2004.0,2004.0,2004.0,2004.0,2004.0,91.0,84.0,55.0
2003,DALLAM,39.1,2003.0,2003.0,2003.0,2003.0,2003.0,93.0,83.0,52.0
2002,DALLAM,50.2,2002.0,2002.0,2002.0,2002.0,2002.0,95.0,87.0,59.0
2001,DALLAM,50.7,2001.0,2001.0,2001.0,2001.0,2001.0,87.0,70.0,22.0
2000,DALLAM,41.1,2000.0,2000.0,2000.0,2000.0,2000.0,92.0,77.0,40.0
2025,DEAF SMITH,39.5,2025.0,2025.0,2025.0,2025.0,2025.0,93.0,70.0,43.0
2023,DEAF SMITH,37.6,2023.0,2023.0,100.0,100.0,100.0,98.0,84.0,44.0
2022,DEAF SMITH,24.9,2022.0,2022.0,2022.0,2022.0,2022.0,96.0,79.0,37.0
2021,DEAF SMITH,37.7,1.0,1.0,1.0,1.0,1.0,95.0,71.0,31.0
2020,DEAF SMITH,29.6,2020.0,93.0,93.0,93.0,93.0,87.0,74.0,34.0
2019,DEAF SMITH,40.5,2019.0,2019.0,2019.0,2019.0,2019.0,90.0,67.0,42.0
2018,DEAF SMITH,19.0,2018.0,2018.0,2018.0,2018.0,2018.0,92.0,79.0,33.0
2017,DEAF SMITH,28.2,2017.0,2017.0,2017.0,2017.0,2017.0,93.0,75.0,30.0
2016,DEAF SMITH,40.7,2016.0,2016.0,2016.0,2016.0,2016.0,89.0,67.0,24.0
2015,DEAF SMITH,36.2,2015.0,2015.0,2015.0,2015.0,2015.0,92.0,77.0,41.0
2014,DEAF SMITH,41.7,2014.0,2014.0,2014.0,2014.0,2014.0,89.0,75.0,42.0
2013,DEAF SMITH,16.8,2013.0,2013.0,2013.0,2013.0,2013.0,91.0,82.0,43.0
2012,DEAF SMITH,35.6,2012.0,2012.0,2012.0,2012.0,2012.0,88.0,74.0,14.0
2011,DEAF SMITH,18.9,2011.0,2011.0,2011.0,2011.0,2011.0,89.0,85.0,36.0
2010,DEAF SMITH,30.9,2010.0,2010.0,2010.0,2010.0,2010.0,94.0,75.0,40.0
2009,DEAF SMITH,22.0,2009.0,2009.0,2009.0,2009.0,2009.0,94.0,81.0,42.0
2008,DEAF SMITH,27.0,2008.0,2008.0,2008.0,2008.0,2008.0,89.0,80.0,30.0
2007,DEAF SMITH,41.0,2007.0,2007.0,2007.0,2007.0,2007.0,92.0,84.0,41.0
2006,DEAF SMITH,27.0,2006.0,2006.0,2006.0,2006.0,2006.0,88.0,84.0,41.0
2005,DEAF SMITH,36.0,2005.0,2005.0,2005.0,2005.0,2005.0,91.0,83.0,61.0
2004,DEAF SMITH,32.0,2004.0,2004.0,2004.0,2004.0,2004.0,91.0,84.0,55.0
2003,DEAF SMITH,18.8,2003.0,2003.0,2003.0,2003.0,2003.0,93.0,83.0,52.0
2002,DEAF SMITH,27.3,2002.0,2002.0,2002.0,2002.0,2002.0,95.0,87.0,59.0
2001,DEAF SMITH,40.6,2001.0,2001.0,2001.0,2001.0,2001.0,87.0,70.0,22.0
2000,DEAF SMITH,22.6,2000.0,2000.0,2000.0,2000.0,2000.0,92.0,77.0,40.0
2025,FLOYD,32.3,2025.0,2025.0,2025.0,2025.0,2025.0,93.0,70.0,43.0
2023,FLOYD,22.2,2023.0,2023.0,100.0,100.0,100.0,98.0,84.0,44.0
2021,FLOYD,22.3,1.0,1.0,1.0,1.0,1.0,95.0,71.0,31.0
2020,FLOYD,25.0,2020.0,93.0,93.0,93.0,93.0,87.0,74.0,34.0
2019,FLOYD,24.1,2019.0,2019.0,2019.0,2019.0,2019.0,90.0,67.0,42.0
2018,FLOYD,17.2,2018.0,2018.0,2018.0,2018.0,2018.0,92.0,79.0,33.0
2017,FLOYD,19.2,2017.0,2017.0,2017.0,2017.0,2017.0,93.0,75.0,30.0
2016,FLOYD,24.7,2016.0,2016.0,2016.0,2016.0,2016.0,89.0,67.0,24.0
2015,FLOYD,30.5,2015.0,2015.0,2015.0,2015.0,2015.0,92.0,77.0,41.0
2014,FLOYD,17.0,2014.0,2014.0,2014.0,2014.0,2014.0,89.0,75.0,42.0
2012,FLOYD,18.3,2012.0,2012.0,2012.0,2012.0,2012.0,88.0,74.0,14.0
2011,FLOYD,14.2,2011.0,2011.0,2011.0,2011.0,2011.0,89.0,85.0,36.0
2010,FLOYD,30.7,2010.0,2010.0,2010.0,2010.0,2010.0,94.0,75.0,40.0
2009,FLOYD,16.0,2009.0,2009.0,2009.0,2009.0,2009.0,94.0,81.0,42.0
2008,FLOYD,20.0,2008.0,2008.0,2008.0,2008.0,2008.0,89.0,80.0,30.0
2007,FLOYD,36.0,2007.0,2007.0,2007.0,2007.0,2007.0,92.0,84.0,41.0
2006,FLOYD,14.0,2006.0,2006.0,2006.0,2006.0,2006.0,88.0,84.0,41.0
2005,FLOYD,26.6,2005.0,2005.0,2005.0,2005.0,2005.0,91.0,83.0,61.0
2004,FLOYD,26.3,2004.0,2004.0,2004.0,2004.0,2004.0,91.0,84.0,55.0
2003,FLOYD,14.7,2003.0,2003.0,2003.0,2003.0,2003.0,93.0,83.0,52.0
2002,FLOYD,17.9,2002.0,2002.0,2002.0,2002.0,2002.0,95.0,87.0,59.0
2001,FLOYD,25.3,2001.0,2001.0,2001.0,2001.0,2001.0,87.0,70.0,22.0
2000,FLOYD,13.3,2000.0,2000.0,2000.0,2000.0,2000.0,92.0,77.0,40.0
2025,GRAY,45.2,2025.0,2025.0,2025.0,2025.0,2025.0,93.0,70.0,43.0
2023,GRAY,25.3,2023.0,2023.0,100.0,100.0,100.0,98.0,84.0,44.0
2022,GRAY,25.0,2022.0,2022.0,2022.0,2022.0,2022.0,96.0,79.0,37.0
2021,GRAY,51.2,1.0,1.0,1.0,1.0,1.0,95.0,71.0,31.0
2020,GRAY,32.4,2020.0,93.0,93.0,93.0,93.0,87.0,74.0,34.0
2019,GRAY,34.1,2019.0,2019.0,2019.0,2019.0,2019.0,90.0,67.0,42.0
2018,GRAY,11.4,2018.0,2018.0,2018.0,2018.0,2018.0,92.0,79.0,33.0
2017,GRAY,29.4,2017.0,2017.0,2017.0,2017.0,2017.0,93.0,75.0,30.0
2014,GRAY,17.3,2014.0,2014.0,2014.0,2014.0,2014.0,89.0,75.0,42.0
2013,GRAY,12.2,2013.0,2013.0,2013.0,2013.0,2013.0,91.0,82.0,43.0
2011,GRAY,16.6,2011.0,2011.0,2011.0,2011.0,2011.0,89.0,85.0,36.0
2010,GRAY,35.3,2010.0,2010.0,2010.0,2010.0,2010.0,94.0,75.0,40.0
2009,GRAY,19.0,2009.0,2009.0,2009.0,2009.0,2009.0,94.0,81.0,42.0
2008,GRAY,24.0,2008.0,2008.0,2008.0,2008.0,2008.0,89.0,80.0,30.0
2007,GRAY,42.0,2007.0,2007.0,2007.0,2007.0,2007.0,92.0,84.0,41.0
2006,GRAY,13.0,2006.0,2006.0,2006.0,2006.0,2006.0,88.0,84.0,41.0
2005,GRAY,30.9,2005.0,2005.0,2005.0,2005.0,2005.0,91.0,83.0,61.0
2004,GRAY,27.8,2004.0,2004.0,2004.0,2004.0,2004.0,91.0,84.0,55.0
2003,GRAY,26.8,2003.0,2003.0,2003.0,2003.0,2003.0,93.0,83.0,52.0
2002,GRAY,17.8,2002.0,2002.0,2002.0,2002.0,2002.0,95.0,87.0,59.0
2001,GRAY,25.9,2001.0,2001.0,2001.0,2001.0,2001.0,87.0,70.0,22.0
2000,GRAY,15.5,2000.0,2000.0,2000.0,2000.0,2000.0,92.0,77.0,40.0
2025,HALE,34.0,2025.0,2025.0,2025.0,2025.0,2025.0,93.0,70.0,43.0
2022,HALE,29.0,2022.0,2022.0,2022.0,2022.0,2022.0,96.0,79.0,37.0
2021,HALE,47.5,1.0,1.0,1.0,1.0,1.0,95.0,71.0,31.0
2020,HALE,29.7,2020.0,93.0,93.0,93.0,93.0,87.0,74.0,34.0
2019,HALE,25.4,2019.0,2019.0,2019.0,2019.0,2019.0,90.0,67.0,42.0
2012,HALE,31.2,2012.0,2012.0,2012.0,2012.0,2012.0,88.0,74.0,14.0
2011,HALE,33.4,2011.0,2011.0,2011.0,2011.0,2011.0,89.0,85.0,36.0
2010,HALE,42.1,2010.0,2010.0,2010.0,2010.0,2010.0,94.0,75.0,40.0
2009,HALE,29.5,2009.0,2009.0,2009.0,2009.0,2009.0,94.0,81.0,42.0
2008,HALE,46.0,2008.0,2008.0,2008.0,2008.0,2008.0,89.0,80.0,30.0
2007,HALE,45.0,2007.0,2007.0,2007.0,2007.0,2007.0,92.0,84.0,41.0
2006,HALE,30.0,2006.0,2006.0,2006.0,2006.0,2006.0,88.0,84.0,41.0
2005,HALE,30.6,2005.0,2005.0,2005.0,2005.0,2005.0,91.0,83.0,61.0
2004,HALE,29.5,2004.0,2004.0,2004.0,2004.0,2004.0,91.0,84.0,55.0
2003,HALE,36.0,2003.0,2003.0,2003.0,2003.0,2003.0,93.0,83.0,52.0
2002,HALE,30.2,2002.0,2002.0,2002.0,2002.0,2002.0,95.0,87.0,59.0
2001,HALE,41.3,2001.0,2001.0,2001.0,2001.0,2001.0,87.0,70.0,22.0
2000,HALE,27.9,2000.0,2000.0,2000.0,2000.0,2000.0,92.0,77.0,40.0
2025,HANSFORD,37.5,2025.0,2025.0,2025.0,2025.0,2025.0,93.0,70.0,43.0
2021,HANSFORD,36.3,1.0,1.0,1.0,1.0,1.0,95.0,71.0,31.0
2020,HANSFORD,28.9,2020.0,93.0,93.0,93.0,93.0,87.0,74.0,34.0
2019,HANSFORD,32.8,2019.0,2019.0,2019.0,2019.0,2019.0,90.0,67.0,42.0
2016,HANSFORD,45.7,2016.0,2016.0,2016.0,2016.0,2016.0,89.0,67.0,24.0
2015,HANSFORD,35.4,2015.0,2015.0,2015.0,2015.0,2015.0,92.0,77.0,41.0
2012,HANSFORD,24.0,2012.0,2012.0,2012.0,2012.0,2012.0,88.0,74.0,14.0
2011,HANSFORD,24.5,2011.0,2011.0,2011.0,2011.0,2011.0,89.0,85.0,36.0
2010,HANSFORD,33.5,2010.0,2010.0,2010.0,2010.0,2010.0,94.0,75.0,40.0
2009,HANSFORD,30.0,2009.0,2009.0,2009.0,2009.0,2009.0,94.0,81.0,42.0
2008,HANSFORD,26.0,2008.0,2008.0,2008.0,2008.0,2008.0,89.0,80.0,30.0
2007,HANSFORD,45.0,2007.0,2007.0,2007.0,2007.0,2007.0,92.0,84.0,41.0
2006,HANSFORD,21.0,2006.0,2006.0,2006.0,2006.0,2006.0,88.0,84.0,41.0
2005,HANSFORD,32.0,2005.0,2005.0,2005.0,2005.0,2005.0,91.0,83.0,61.0
2004,HANSFORD,27.6,2004.0,2004.0,2004.0,2004.0,2004.0,91.0,84.0,55.0
2003,HANSFORD,26.8,2003.0,2003.0,2003.0,2003.0,2003.0,93.0,83.0,52.0
2002,HANSFORD,25.6,2002.0,2002.0,2002.0,2002.0,2002.0,95.0,87.0,59.0
2001,HANSFORD,46.4,2001.0,2001.0,2001.0,2001.0,2001.0,87.0,70.0,22.0
2000,HANSFORD,28.7,2000.0,2000.0,2000.0,2000.0,2000.0,92.0,77.0,40.0
2021,HARTLEY,35.0,1.0,1.0,1.0,1.0,1.0,95.0,71.0,31.0
2020,HARTLEY,33.9,2020.0,93.0,93.0,93.0,93.0,87.0,74.0,34.0
2018,HARTLEY,46.9,2018.0,2018.0,2018.0,2018.0,2018.0,92.0,79.0,33.0
2012,HARTLEY,37.0,2012.0,2012.0,2012.0,2012.0,2012.0,88.0,74.0,14.0
2011,HARTLEY,26.7,2011.0,2011.0,2011.0,2011.0,2011.0,89.0,85.0,36.0
2010,HARTLEY,48.0,2010.0,2010.0,2010.0,2010.0,2010.0,94.0,75.0,40.0
2009,HARTLEY,38.0,2009.0,2009.0,2009.0,2009.0,2009.0,94.0,81.0,42.0
2008,HARTLEY,43.0,2008.0,2008.0,2008.0,2008.0,2008.0,89.0,80.0,30.0
2007,HARTLEY,52.0,2007.0,2007.0,2007.0,2007.0,2007.0,92.0,84.0,41.0
2006,HARTLEY,23.0,2006.0,2006.0,2006.0,2006.0,2006.0,88.0,84.0,41.0
2005,HARTLEY,47.8,2005.0,2005.0,2005.0,2005.0,2005.0,91.0,83.0,61.0
2004,HARTLEY,50.6,2004.0,2004.0,2004.0,2004.0,2004.0,91.0,84.0,55.0
2003,HARTLEY,39.2,2003.0,2003.0,2003.0,2003.0,2003.0,93.0,83.0,52.0
2002,HARTLEY,47.3,2002.0,2002.0,2002.0,2002.0,2002.0,95.0,87.0,59.0
2001,HARTLEY,50.2,2001.0,2001.0,2001.0,2001.0,2001.0,87.0,70.0,22.0
2000,HARTLEY,39.6,2000.0,2000.0,2000.0,2000.0,2000.0,92.0,77.0,40.0
2022,HEMPHILL,17.4,2022.0,2022.0,2022.0,2022.0,2022.0,96.0,79.0,37.0
2021,HEMPHILL,22.1,1.0,1.0,1.0,1.0,1.0,95.0,71.0,31.0
2020,HEMPHILL,24.8,2020.0,93.0,93.0,93.0,93.0,87.0,74.0,34.0
2017,HEMPHILL,30.0,2017.0,2017.0,2017.0,2017.0,2017.0,93.0,75.0,30.0
2016,HEMPHILL,34.3,2016.0,2016.0,2016.0,2016.0,2016.0,89.0,67.0,24.0
2015,HEMPHILL,16.3,2015.0,2015.0,2015.0,2015.0,2015.0,92.0,77.0,41.0
2014,HEMPHILL,12.2,2014.0,2014.0,2014.0,2014.0,2014.0,89.0,75.0,42.0
2013,HEMPHILL,9.8,2013.0,2013.0,2013.0,2013.0,2013.0,91.0,82.0,43.0
2012,HEMPHILL,27.6,2012.0,2012.0,2012.0,2012.0,2012.0,88.0,74.0,14.0
2011,HEMPHILL,18.8,2011.0,2011.0,2011.0,2011.0,2011.0,89.0,85.0,36.0
2010,HEMPHILL,30.6,2010.0,2010.0,2010.0,2010.0,2010.0,94.0,75.0,40.0
2009,HEMPHILL,15.0,2009.0,2009.0,2009.0,2009.0,2009.0,94.0,81.0,42.0
2008,HEMPHILL,23.0,2008.0,2008.0,2008.0,2008.0,2008.0,89.0,80.0,30.0
2007,HEMPHILL,31.0,2007.0,2007.0,2007.0,2007.0,2007.0,92.0,84.0,41.0
2006,HEMPHILL,27.0,2006.0,2006.0,2006.0,2006.0,2006.0,88.0,84.0,41.0
2005,HEMPHILL,25.5,2005.0,2005.0,2005.0,2005.0,2005.0,91.0,83.0,61.0
2004,HEMPHILL,25.2,2004.0,2004.0,2004.0,2004.0,2004.0,91.0,84.0,55.0
2003,HEMPHILL,25.8,2003.0,2003.0,2003.0,2003.0,2003.0,93.0,83.0,52.0
2002,HEMPHILL,10.9,2002.0,2002.0,2002.0,2002.0,2002.0,95.0,87.0,59.0
2001,HEMPHILL,29.5,2001.0,2001.0,2001.0,2001.0,2001.0,87.0,70.0,22.0
2000,HEMPHILL,21.3,2000.0,2000.0,2000.0,2000.0,2000.0,92.0,77.0,40.0
2025,HUTCHINSON,37.6,2025.0,2025.0,2025.0,2025.0,2025.0,93.0,70.0,43.0
2023,HUTCHINSON,65.7,2023.0,2023.0,100.0,100.0,100.0,98.0,84.0,44.0
2022,HUTCHINSON,47.5,2022.0,2022.0,2022.0,2022.0,2022.0,96.0,79.0,37.0
2021,HUTCHINSON,36.2,1.0,1.0,1.0,1.0,1.0,95.0,71.0,31.0
2020,HUTCHINSON,32.6,2020.0,93.0,93.0,93.0,93.0,87.0,74.0,34.0
2019,HUTCHINSON,28.8,2019.0,2019.0,2019.0,2019.0,2019.0,90.0,67.0,42.0
2018,HUTCHINSON,36.2,2018.0,2018.0,2018.0,2018.0,2018.0,92.0,79.0,33.0
2017,HUTCHINSON,22.2,2017.0,2017.0,2017.0,2017.0,2017.0,93.0,75.0,30.0
2016,HUTCHINSON,28.1,2016.0,2016.0,2016.0,2016.0,2016.0,89.0,67.0,24.0
2015,HUTCHINSON,33.1,2015.0,2015.0,2015.0,2015.0,2015.0,92.0,77.0,41.0
2014,HUTCHINSON,35.7,2014.0,2014.0,2014.0,2014.0,2014.0,89.0,75.0,42.0
2012,HUTCHINSON,26.5,2012.0,2012.0,2012.0,2012.0,2012.0,88.0,74.0,14.0
2011,HUTCHINSON,16.7,2011.0,2011.0,2011.0,2011.0,2011.0,89.0,85.0,36.0
2010,HUTCHINSON,29.4,2010.0,2010.0,2010.0,2010.0,2010.0,94.0,75.0,40.0
2009,HUTCHINSON,25.5,2009.0,2009.0,2009.0,2009.0,2009.0,94.0,81.0,42.0
2008,HUTCHINSON,23.0,2008.0,2008.0,2008.0,2008.0,2008.0,89.0,80.0,30.0
2007,HUTCHINSON,44.0,2007.0,2007.0,2007.0,2007.0,2007.0,92.0,84.0,41.0
2006,HUTCHINSON,24.0,2006.0,2006.0,2006.0,2006.0,2006.0,88.0,84.0,41.0
2005,HUTCHINSON,30.4,2005.0,2005.0,2005.0,2005.0,2005.0,91.0,83.0,61.0
2004,HUTCHINSON,19.6,2004.0,2004.0,2004.0,2004.0,2004.0,91.0,84.0,55.0
2003,HUTCHINSON,27.1,2003.0,2003.0,2003.0,2003.0,2003.0,93.0,83.0,52.0
2002,HUTCHINSON,20.3,2002.0,2002.0,2002.0,2002.0,2002.0,95.0,87.0,59.0
2001,HUTCHINSON,34.3,2001.0,2001.0,2001.0,2001.0,2001.0,87.0,70.0,22.0
2000,HUTCHINSON,31.1,2000.0,2000.0,2000.0,2000.0,2000.0,92.0,77.0,40.0
2023,LIPSCOMB,16.3,2023.0,2023.0,100.0,100.0,100.0,98.0,84.0,44.0
2021,LIPSCOMB,44.8,1.0,1.0,1.0,1.0,1.0,95.0,71.0,31.0
2017,LIPSCOMB,39.1,2017.0,2017.0,2017.0,2017.0,2017.0,93.0,75.0,30.0
2016,LIPSCOMB,28.2,2016.0,2016.0,2016.0,2016.0,2016.0,89.0,67.0,24.0
2015,LIPSCOMB,26.7,2015.0,2015.0,2015.0,2015.0,2015.0,92.0,77.0,41.0
2014,LIPSCOMB,29.0,2014.0,2014.0,2014.0,2014.0,2014.0,89.0,75.0,42.0
2013,LIPSCOMB,15.7,2013.0,2013.0,2013.0,2013.0,2013.0,91.0,82.0,43.0
2012,LIPSCOMB,34.0,2012.0,2012.0,2012.0,2012.0,2012.0,88.0,74.0,14.0
2011,LIPSCOMB,27.8,2011.0,2011.0,2011.0,2011.0,2011.0,89.0,85.0,36.0
2010,LIPSCOMB,34.9,2010.0,2010.0,2010.0,2010.0,2010.0,94.0,75.0,40.0
2009,LIPSCOMB,26.0,2009.0,2009.0,2009.0,2009.0,2009.0,94.0,81.0,42.0
2008,LIPSCOMB,27.5,2008.0,2008.0,2008.0,2008.0,2008.0,89.0,80.0,30.0
2007,LIPSCOMB,36.0,2007.0,2007.0,2007.0,2007.0,2007.0,92.0,84.0,41.0
2006,LIPSCOMB,29.0,2006.0,2006.0,2006.0,2006.0,2006.0,88.0,84.0,41.0
2005,LIPSCOMB,29.3,2005.0,2005.0,2005.0,2005.0,2005.0,91.0,83.0,61.0
2004,LIPSCOMB,26.4,2004.0,2004.0,2004.0,2004.0,2004.0,91.0,84.0,55.0
2003,LIPSCOMB,33.6,2003.0,2003.0,2003.0,2003.0,2003.0,93.0,83.0,52.0
2002,LIPSCOMB,10.6,2002.0,2002.0,2002.0,2002.0,2002.0,95.0,87.0,59.0
2001,LIPSCOMB,28.6,2001.0,2001.0,2001.0,2001.0,2001.0,87.0,70.0,22.0
2000,LIPSCOMB,29.9,2000.0,2000.0,2000.0,2000.0,2000.0,92.0,77.0,40.0
2025,MOORE,65.0,2025.0,2025.0,2025.0,2025.0,2025.0,93.0,70.0,43.0
2023,MOORE,68.0,2023.0,2023.0,100.0,100.0,100.0,98.0,84.0,44.0
2022,MOORE,35.4,2022.0,2022.0,2022.0,2022.0,2022.0,96.0,79.0,37.0
2021,MOORE,36.6,1.0,1.0,1.0,1.0,1.0,95.0,71.0,31.0
2020,MOORE,40.7,2020.0,93.0,93.0,93.0,93.0,87.0,74.0,34.0
2019,MOORE,43.8,2019.0,2019.0,2019.0,2019.0,2019.0,90.0,67.0,42.0
2018,MOORE,31.0,2018.0,2018.0,2018.0,2018.0,2018.0,92.0,79.0,33.0
2017,MOORE,26.5,2017.0,2017.0,2017.0,2017.0,2017.0,93.0,75.0,30.0
2016,MOORE,36.4,2016.0,2016.0,2016.0,2016.0,2016.0,89.0,67.0,24.0
2015,MOORE,36.5,2015.0,2015.0,2015.0,2015.0,2015.0,92.0,77.0,41.0
2014,MOORE,44.8,2014.0,2014.0,2014.0,2014.0,2014.0,89.0,75.0,42.0
2013,MOORE,30.1,2013.0,2013.0,2013.0,2013.0,2013.0,91.0,82.0,43.0
2012,MOORE,37.5,2012.0,2012.0,2012.0,2012.0,2012.0,88.0,74.0,14.0
2011,MOORE,41.8,2011.0,2011.0,2011.0,2011.0,2011.0,89.0,85.0,36.0
2010,MOORE,37.8,2010.0,2010.0,2010.0,2010.0,2010.0,94.0,75.0,40.0
2009,MOORE,25.0,2009.0,2009.0,2009.0,2009.0,2009.0,94.0,81.0,42.0
2008,MOORE,35.0,2008.0,2008.0,2008.0,2008.0,2008.0,89.0,80.0,30.0
2007,MOORE,47.0,2007.0,2007.0,2007.0,2007.0,2007.0,92.0,84.0,41.0
2006,MOORE,28.0,2006.0,2006.0,2006.0,2006.0,2006.0,88.0,84.0,41.0
2005,MOORE,34.7,2005.0,2005.0,2005.0,2005.0,2005.0,91.0,83.0,61.0
2004,MOORE,30.7,2004.0,2004.0,2004.0,2004.0,2004.0,91.0,84.0,55.0
2003,MOORE,29.8,2003.0,2003.0,2003.0,2003.0,2003.0,93.0,83.0,52.0
2002,MOORE,47.4,2002.0,2002.0,2002.0,2002.0,2002.0,95.0,87.0,59.0
2001,MOORE,44.7,2001.0,2001.0,2001.0,2001.0,2001.0,87.0,70.0,22.0
2000,MOORE,41.4,2000.0,2000.0,2000.0,2000.0,2000.0,92.0,77.0,40.0
2025,OCHILTREE,42.5,2025.0,2025.0,2025.0,2025.0,2025.0,93.0,70.0,43.0
2023,OCHILTREE,31.2,2023.0,2023.0,100.0,100.0,100.0,98.0,84.0,44.0
2022,OCHILTREE,31.0,2022.0,2022.0,2022.0,2022.0,2022.0,96.0,79.0,37.0
2021,OCHILTREE,45.7,1.0,1.0,1.0,1.0,1.0,95.0,71.0,31.0
2020,OCHILTREE,34.0,2020.0,93.0,93.0,93.0,93.0,87.0,74.0,34.0
2019,OCHILTREE,42.9,2019.0,2019.0,2019.0,2019.0,2019.0,90.0,67.0,42.0
2018,OCHILTREE,28.3,2018.0,2018.0,2018.0,2018.0,2018.0,92.0,79.0,33.0
2017,OCHILTREE,41.0,2017.0,2017.0,2017.0,2017.0,2017.0,93.0,75.0,30.0
2016,OCHILTREE,38.3,2016.0,2016.0,2016.0,2016.0,2016.0,89.0,67.0,24.0
2015,OCHILTREE,27.3,2015.0,2015.0,2015.0,2015.0,2015.0,92.0,77.0,41.0
2014,OCHILTREE,22.9,2014.0,2014.0,2014.0,2014.0,2014.0,89.0,75.0,42.0
2013,OCHILTREE,22.6,2013.0,2013.0,2013.0,2013.0,2013.0,91.0,82.0,43.0
2012,OCHILTREE,32.4,2012.0,2012.0,2012.0,2012.0,2012.0,88.0,74.0,14.0
2011,OCHILTREE,21.2,2011.0,2011.0,2011.0,2011.0,2011.0,89.0,85.0,36.0
2010,OCHILTREE,36.4,2010.0,2010.0,2010.0,2010.0,2010.0,94.0,75.0,40.0
2009,OCHILTREE,30.0,2009.0,2009.0,2009.0,2009.0,2009.0,94.0,81.0,42.0
2008,OCHILTREE,24.5,2008.0,2008.0,2008.0,2008.0,2008.0,89.0,80.0,30.0
2007,OCHILTREE,49.0,2007.0,2007.0,2007.0,2007.0,2007.0,92.0,84.0,41.0
2006,OCHILTREE,21.0,2006.0,2006.0,2006.0,2006.0,2006.0,88.0,84.0,41.0
2005,OCHILTREE,36.5,2005.0,2005.0,2005.0,2005.0,2005.0,91.0,83.0,61.0
2004,OCHILTREE,24.9,2004.0,2004.0,2004.0,2004.0,2004.0,91.0,84.0,55.0
2003,OCHILTREE,25.7,2003.0,2003.0,2003.0,2003.0,2003.0,93.0,83.0,52.0
2002,OCHILTREE,17.2,2002.0,2002.0,2002.0,2002.0,2002.0,95.0,87.0,59.0
2001,OCHILTREE,34.6,2001.0,2001.0,2001.0,2001.0,2001.0,87.0,70.0,22.0
2000,OCHILTREE,25.1,2000.0,2000.0,2000.0,2000.0,2000.0,92.0,77.0,40.0
2025,OLDHAM,38.3,2025.0,2025.0,2025.0,2025.0,2025.0,93.0,70.0,43.0
2023,OLDHAM,28.4,2023.0,2023.0,100.0,100.0,100.0,98.0,84.0,44.0
2022,OLDHAM,33.5,2022.0,2022.0,2022.0,2022.0,2022.0,96.0,79.0,37.0
2021,OLDHAM,23.5,1.0,1.0,1.0,1.0,1.0,95.0,71.0,31.0
2020,OLDHAM,24.1,2020.0,93.0,93.0,93.0,93.0,87.0,74.0,34.0
2019,OLDHAM,25.5,2019.0,2019.0,2019.0,2019.0,2019.0,90.0,67.0,42.0
2018,OLDHAM,14.0,2018.0,2018.0,2018.0,2018.0,2018.0,92.0,79.0,33.0
2017,OLDHAM,11.2,2017.0,2017.0,2017.0,2017.0,2017.0,93.0,75.0,30.0
2016,OLDHAM,25.4,2016.0,2016.0,2016.0,2016.0,2016.0,89.0,67.0,24.0
2015,OLDHAM,24.7,2015.0,2015.0,2015.0,2015.0,2015.0,92.0,77.0,41.0
2013,OLDHAM,13.0,2013.0,2013.0,2013.0,2013.0,2013.0,91.0,82.0,43.0
2012,OLDHAM,11.5,2012.0,2012.0,2012.0,2012.0,2012.0,88.0,74.0,14.0
2011,OLDHAM,12.3,2011.0,2011.0,2011.0,2011.0,2011.0,89.0,85.0,36.0
2010,OLDHAM,19.4,2010.0,2010.0,2010.0,2010.0,2010.0,94.0,75.0,40.0
2009,OLDHAM,14.0,2009.0,2009.0,2009.0,2009.0,2009.0,94.0,81.0,42.0
2008,OLDHAM,15.5,2008.0,2008.0,2008.0,2008.0,2008.0,89.0,80.0,30.0
2007,OLDHAM,29.0,2007.0,2007.0,2007.0,2007.0,2007.0,92.0,84.0,41.0
2006,OLDHAM,18.0,2006.0,2006.0,2006.0,2006.0,2006.0,88.0,84.0,41.0
2005,OLDHAM,27.5,2005.0,2005.0,2005.0,2005.0,2005.0,91.0,83.0,61.0
2004,OLDHAM,21.9,2004.0,2004.0,2004.0,2004.0,2004.0,91.0,84.0,55.0
2003,OLDHAM,14.4,2003.0,2003.0,2003.0,2003.0,2003.0,93.0,83.0,52.0
2002,OLDHAM,16.0,2002.0,2002.0,2002.0,2002.0,2002.0,95.0,87.0,59.0
2001,OLDHAM,30.1,2001.0,2001.0,2001.0,2001.0,2001.0,87.0,70.0,22.0
2000,OLDHAM,15.5,2000.0,2000.0,2000.0,2000.0,2000.0,92.0,77.0,40.0
2025,PARMER,34.7,2025.0,2025.0,2025.0,2025.0,2025.0,93.0,70.0,43.0
2020,PARMER,28.2,2020.0,93.0,93.0,93.0,93.0,87.0,74.0,34.0
2019,PARMER,24.7,2019.0,2019.0,2019.0,2019.0,2019.0,90.0,67.0,42.0
2017,PARMER,27.1,2017.0,2017.0,2017.0,2017.0,2017.0,93.0,75.0,30.0
2016,PARMER,28.6,2016.0,2016.0,2016.0,2016.0,2016.0,89.0,67.0,24.0
2015,PARMER,26.2,2015.0,2015.0,2015.0,2015.0,2015.0,92.0,77.0,41.0
2014,PARMER,30.1,2014.0,2014.0,2014.0,2014.0,2014.0,89.0,75.0,42.0
2012,PARMER,28.7,2012.0,2012.0,2012.0,2012.0,2012.0,88.0,74.0,14.0
2011,PARMER,17.4,2011.0,2011.0,2011.0,2011.0,2011.0,89.0,85.0,36.0
2010,PARMER,28.4,2010.0,2010.0,2010.0,2010.0,2010.0,94.0,75.0,40.0
2009,PARMER,31.5,2009.0,2009.0,2009.0,2009.0,2009.0,94.0,81.0,42.0
2008,PARMER,34.5,2008.0,2008.0,2008.0,2008.0,2008.0,89.0,80.0,30.0
2007,PARMER,46.0,2007.0,2007.0,2007.0,2007.0,2007.0,92.0,84.0,41.0
2006,PARMER,29.0,2006.0,2006.0,2006.0,2006.0,2006.0,88.0,84.0,41.0
2005,PARMER,44.7,2005.0,2005.0,2005.0,2005.0,2005.0,91.0,83.0,61.0
2004,PARMER,34.3,2004.0,2004.0,2004.0,2004.0,2004.0,91.0,84.0,55.0
2003,PARMER,38.1,2003.0,2003.0,2003.0,2003.0,2003.0,93.0,83.0,52.0
2002,PARMER,23.8,2002.0,2002.0,2002.0,2002.0,2002.0,95.0,87.0,59.0
2001,PARMER,41.6,2001.0,2001.0,2001.0,2001.0,2001.0,87.0,70.0,22.0
2000,PARMER,18.8,2000.0,2000.0,2000.0,2000.0,2000.0,92.0,77.0,40.0
2021,POTTER,22.7,1.0,1.0,1.0,1.0,1.0,95.0,71.0,31.0
2020,POTTER,21.8,2020.0,93.0,93.0,93.0,93.0,87.0,74.0,34.0
2019,POTTER,38.0,2019.0,2019.0,2019.0,2019.0,2019.0,90.0,67.0,42.0
2017,POTTER,22.1,2017.0,2017.0,2017.0,2017.0,2017.0,93.0,75.0,30.0
2016,POTTER,29.9,2016.0,2016.0,2016.0,2016.0,2016.0,89.0,67.0,24.0
2015,POTTER,25.7,2015.0,2015.0,2015.0,2015.0,2015.0,92.0,77.0,41.0
2012,POTTER,21.9,2012.0,2012.0,2012.0,2012.0,2012.0,88.0,74.0,14.0
2011,POTTER,17.0,2011.0,2011.0,2011.0,2011.0,2011.0,89.0,85.0,36.0
2010,POTTER,30.1,2010.0,2010.0,2010.0,2010.0,2010.0,94.0,75.0,40.0
2009,POTTER,11.5,2009.0,2009.0,2009.0,2009.0,2009.0,94.0,81.0,42.0
2008,POTTER,20.5,2008.0,2008.0,2008.0,2008.0,2008.0,89.0,80.0,30.0
2007,POTTER,32.0,2007.0,2007.0,2007.0,2007.0,2007.0,92.0,84.0,41.0
2006,POTTER,19.0,2006.0,2006.0,2006.0,2006.0,2006.0,88.0,84.0,41.0
2005,POTTER,28.9,2005.0,2005.0,2005.0,2005.0,2005.0,91.0,83.0,61.0
2004,POTTER,22.2,2004.0,2004.0,2004.0,2004.0,2004.0,91.0,84.0,55.0
2003,POTTER,18.4,2003.0,2003.0,2003.0,2003.0,2003.0,93.0,83.0,52.0
2002,POTTER,13.7,2002.0,2002.0,2002.0,2002.0,2002.0,95.0,87.0,59.0
2001,POTTER,34.1,2001.0,2001.0,2001.0,2001.0,2001.0,87.0,70.0,22.0
2000,POTTER,26.6,2000.0,2000.0,2000.0,2000.0,2000.0,92.0,77.0,40.0
2022,RANDALL,20.2,2022.0,2022.0,2022.0,2022.0,2022.0,96.0,79.0,37.0
2021,RANDALL,26.3,1.0,1.0,1.0,1.0,1.0,95.0,71.0,31.0
2020,RANDALL,23.5,2020.0,93.0,93.0,93.0,93.0,87.0,74.0,34.0
2019,RANDALL,33.7,2019.0,2019.0,2019.0,2019.0,2019.0,90.0,67.0,42.0
2018,RANDALL,18.3,2018.0,2018.0,2018.0,2018.0,2018.0,92.0,79.0,33.0
2017,RANDALL,25.5,2017.0,2017.0,2017.0,2017.0,2017.0,93.0,75.0,30.0
2016,RANDALL,26.1,2016.0,2016.0,2016.0,2016.0,2016.0,89.0,67.0,24.0
2015,RANDALL,24.6,2015.0,2015.0,2015.0,2015.0,2015.0,92.0,77.0,41.0
2014,RANDALL,13.6,2014.0,2014.0,2014.0,2014.0,2014.0,89.0,75.0,42.0
2013,RANDALL,11.9,2013.0,2013.0,2013.0,2013.0,2013.0,91.0,82.0,43.0
2012,RANDALL,19.3,2012.0,2012.0,2012.0,2012.0,2012.0,88.0,74.0,14.0
2011,RANDALL,12.6,2011.0,2011.0,2011.0,2011.0,2011.0,89.0,85.0,36.0
2010,RANDALL,29.1,2010.0,2010.0,2010.0,2010.0,2010.0,94.0,75.0,40.0
2009,RANDALL,13.0,2009.0,2009.0,2009.0,2009.0,2009.0,94.0,81.0,42.0
2008,RANDALL,15.0,2008.0,2008.0,2008.0,2008.0,2008.0,89.0,80.0,30.0
2007,RANDALL,39.0,2007.0,2007.0,2007.0,2007.0,2007.0,92.0,84.0,41.0
2006,RANDALL,25.0,2006.0,2006.0,2006.0,2006.0,2006.0,88.0,84.0,41.0
2005,RANDALL,23.3,2005.0,2005.0,2005.0,2005.0,2005.0,91.0,83.0,61.0
2004,RANDALL,20.0,2004.0,2004.0,2004.0,2004.0,2004.0,91.0,84.0,55.0
2003,RANDALL,15.0,2003.0,2003.0,2003.0,2003.0,2003.0,93.0,83.0,52.0
2002,RANDALL,22.2,2002.0,2002.0,2002.0,2002.0,2002.0,95.0,87.0,59.0
2001,RANDALL,33.9,2001.0,2001.0,2001.0,2001.0,2001.0,87.0,70.0,22.0
2000,RANDALL,19.1,2000.0,2000.0,2000.0,2000.0,2000.0,92.0,77.0,40.0
2020,ROBERTS,10.2,2020.0,93.0,93.0,93.0,93.0,87.0,74.0,34.0
2016,ROBERTS,24.3,2016.0,2016.0,2016.0,2016.0,2016.0,89.0,67.0,24.0
2015,ROBERTS,17.5,2015.0,2015.0,2015.0,2015.0,2015.0,92.0,77.0,41.0
2013,ROBERTS,24.6,2013.0,2013.0,2013.0,2013.0,2013.0,91.0,82.0,43.0
2012,ROBERTS,24.3,2012.0,2012.0,2012.0,2012.0,2012.0,88.0,74.0,14.0
2011,ROBERTS,19.8,2011.0,2011.0,2011.0,2011.0,2011.0,89.0,85.0,36.0
2010,ROBERTS,38.4,2010.0,2010.0,2010.0,2010.0,2010.0,94.0,75.0,40.0
2009,ROBERTS,19.5,2009.0,2009.0,2009.0,2009.0,2009.0,94.0,81.0,42.0
2008,ROBERTS,20.0,2008.0,2008.0,2008.0,2008.0,2008.0,89.0,80.0,30.0
2007,ROBERTS,38.0,2007.0,2007.0,2007.0,2007.0,2007.0,92.0,84.0,41.0
2006,ROBERTS,17.0,2006.0,2006.0,2006.0,2006.0,2006.0,88.0,84.0,41.0
2005,ROBERTS,25.0,2005.0,2005.0,2005.0,2005.0,2005.0,91.0,83.0,61.0
2004,ROBERTS,28.9,2004.0,2004.0,2004.0,2004.0,2004.0,91.0,84.0,55.0
2003,ROBERTS,23.5,2003.0,2003.0,2003.0,2003.0,2003.0,93.0,83.0,52.0
2002,ROBERTS,30.4,2002.0,2002.0,2002.0,2002.0,2002.0,95.0,87.0,59.0
2001,ROBERTS,24.0,2001.0,2001.0,2001.0,2001.0,2001.0,87.0,70.0,22.0
2000,ROBERTS,20.9,2000.0,2000.0,2000.0,2000.0,2000.0,92.0,77.0,40.0
2023,SHERMAN,72.8,2023.0,2023.0,100.0,100.0,100.0,98.0,84.0,44.0
2022,SHERMAN,59.3,2022.0,2022.0,2022.0,2022.0,2022.0,96.0,79.0,37.0
2021,SHERMAN,54.2,1.0,1.0,1.0,1.0,1.0,95.0,71.0,31.0
2020,SHERMAN,39.3,2020.0,93.0,93.0,93.0,93.0,87.0,74.0,34.0
2019,SHERMAN,49.3,2019.0,2019.0,2019.0,2019.0,2019.0,90.0,67.0,42.0
2017,SHERMAN,36.6,2017.0,2017.0,2017.0,2017.0,2017.0,93.0,75.0,30.0
2016,SHERMAN,47.0,2016.0,2016.0,2016.0,2016.0,2016.0,89.0,67.0,24.0
2015,SHERMAN,44.8,2015.0,2015.0,2015.0,2015.0,2015.0,92.0,77.0,41.0
2014,SHERMAN,49.1,2014.0,2014.0,2014.0,2014.0,2014.0,89.0,75.0,42.0
2012,SHERMAN,38.8,2012.0,2012.0,2012.0,2012.0,2012.0,88.0,74.0,14.0
2011,SHERMAN,58.8,2011.0,2011.0,2011.0,2011.0,2011.0,89.0,85.0,36.0
2010,SHERMAN,39.2,2010.0,2010.0,2010.0,2010.0,2010.0,94.0,75.0,40.0
2009,SHERMAN,34.0,2009.0,2009.0,2009.0,2009.0,2009.0,94.0,81.0,42.0
2008,SHERMAN,41.0,2008.0,2008.0,2008.0,2008.0,2008.0,89.0,80.0,30.0
2007,SHERMAN,45.0,2007.0,2007.0,2007.0,2007.0,2007.0,92.0,84.0,41.0
2006,SHERMAN,30.0,2006.0,2006.0,2006.0,2006.0,2006.0,88.0,84.0,41.0
2005,SHERMAN,35.3,2005.0,2005.0,2005.0,2005.0,2005.0,91.0,83.0,61.0
2004,SHERMAN,49.3,2004.0,2004.0,2004.0,2004.0,2004.0,91.0,84.0,55.0
2003,SHERMAN,44.9,2003.0,2003.0,2003.0,2003.0,2003.0,93.0,83.0,52.0
2002,SHERMAN,43.6,2002.0,2002.0,2002.0,2002.0,2002.0,95.0,87.0,59.0
2001,SHERMAN,49.4,2001.0,2001.0,2001.0,2001.0,2001.0,87.0,70.0,22.0
2000,SHERMAN,46.5,2000.0,2000.0,2000.0,2000.0,2000.0,92.0,77.0,40.0
2025,SWISHER,34.0,2025.0,2025.0,2025.0,2025.0,2025.0,93.0,70.0,43.0
2021,SWISHER,34.2,1.0,1.0,1.0,1.0,1.0,95.0,71.0,31.0
2020,SWISHER,24.8,2020.0,93.0,93.0,93.0,93.0,87.0,74.0,34.0
2019,SWISHER,15.9,2019.0,2019.0,2019.0,2019.0,2019.0,90.0,67.0,42.0
2018,SWISHER,17.1,2018.0,2018.0,2018.0,2018.0,2018.0,92.0,79.0,33.0
2017,SWISHER,28.3,2017.0,2017.0,2017.0,2017.0,2017.0,93.0,75.0,30.0
2016,SWISHER,26.5,2016.0,2016.0,2016.0,2016.0,2016.0,89.0,67.0,24.0
2015,SWISHER,23.8,2015.0,2015.0,2015.0,2015.0,2015.0,92.0,77.0,41.0
2014,SWISHER,22.4,2014.0,2014.0,2014.0,2014.0,2014.0,89.0,75.0,42.0
2012,SWISHER,19.7,2012.0,2012.0,2012.0,2012.0,2012.0,88.0,74.0,14.0
2011,SWISHER,17.5,2011.0,2011.0,2011.0,2011.0,2011.0,89.0,85.0,36.0
2010,SWISHER,38.7,2010.0,2010.0,2010.0,2010.0,2010.0,94.0,75.0,40.0
2009,SWISHER,18.5,2009.0,2009.0,2009.0,2009.0,2009.0,94.0,81.0,42.0
2008,SWISHER,26.0,2008.0,2008.0,2008.0,2008.0,2008.0,89.0,80.0,30.0
2007,SWISHER,45.0,2007.0,2007.0,2007.0,2007.0,2007.0,92.0,84.0,41.0
2006,SWISHER,21.0,2006.0,2006.0,2006.0,2006.0,2006.0,88.0,84.0,41.0
2005,SWISHER,31.7,2005.0,2005.0,2005.0,2005.0,2005.0,91.0,83.0,61.0
2004,SWISHER,28.4,2004.0,2004.0,2004.0,2004.0,2004.0,91.0,84.0,55.0
2003,SWISHER,26.1,2003.0,2003.0,2003.0,2003.0,2003.0,93.0,83.0,52.0
2002,SWISHER,21.8,2002.0,2002.0,2002.0,2002.0,2002.0,95.0,87.0,59.0
2001,SWISHER,35.5,2001.0,2001.0,2001.0,2001.0,2001.0,87.0,70.0,22.0
2000,SWISHER,19.1,2000.0,2000.0,2000.0,2000.0,2000.0,92.0,77.0,40.0
2019,OTHER (COMBINED) COUNTIES,22.5,2019.0,2019.0,2019.0,2019.0,2019.0,90.0,67.0,42.0
2018,OTHER (COMBINED) COUNTIES,27.9,2018.0,2018.0,2018.0,2018.0,2018.0,92.0,79.0,33.0
2017,OTHER (COMBINED) COUNTIES,32.9,2017.0,2017.0,2017.0,2017.0,2017.0,93.0,75.0,30.0
2016,OTHER (COMBINED) COUNTIES,32.1,2016.0,2016.0,2016.0,2016.0,2016.0,89.0,67.0,24.0
2015,OTHER (COMBINED) COUNTIES,34.9,2015.0,2015.0,2015.0,2015.0,2015.0,92.0,77.0,41.0
2014,OTHER (COMBINED) COUNTIES,25.4,2014.0,2014.0,2014.0,2014.0,2014.0,89.0,75.0,42.0
2013,OTHER (COMBINED) COUNTIES,15.7,2013.0,2013.0,2013.0,2013.0,2013.0,91.0,82.0,43.0
2012,OTHER (COMBINED) COUNTIES,37.2,2012.0,2012.0,2012.0,2012.0,2012.0,88.0,74.0,14.0
2011,OTHER (COMBINED) COUNTIES,24.5,2011.0,2011.0,2011.0,2011.0,2011.0,89.0,85.0,36.0
2010,OTHER (COMBINED) COUNTIES,33.3,2010.0,2010.0,2010.0,2010.0,2010.0,94.0,75.0,40.0
2009,OTHER (COMBINED) COUNTIES,25.0,2009.0,2009.0,2009.0,2009.0,2009.0,94.0,81.0,42.0
2008,OTHER (COMBINED) COUNTIES,29.0,2008.0,2008.0,2008.0,2008.0,2008.0,89.0,80.0,30.0
2007,OTHER (COMBINED) COUNTIES,25.0,2007.0,2007.0,2007.0,2007.0,2007.0,92.0,84.0,41.0
2006,ANDREWS,23.0,2006.0,2006.0,2006.0,2006.0,2006.0,88.0,84.0,41.0
2005,ANDREWS,27.2,2005.0,2005.0,2005.0,2005.0,2005.0,91.0,83.0,61.0
2004,ANDREWS,32.1,2004.0,2004.0,2004.0,2004.0,2004.0,91.0,84.0,55.0
2003,ANDREWS,13.5,2003.0,2003.0,2003.0,2003.0,2003.0,93.0,83.0,52.0
2002,ANDREWS,30.0,2002.0,2002.0,2002.0,2002.0,2002.0,95.0,87.0,59.0
2001,ANDREWS,24.6,2001.0,2001.0,2001.0,2001.0,2001.0,87.0,70.0,22.0
2000,ANDREWS,26.0,2000.0,2000.0,2000.0,2000.0,2000.0,92.0,77.0,40.0
2019,BAILEY,36.3,2019.0,2019.0,2019.0,2019.0,2019.0,90.0,67.0,42.0
2017,BAILEY,36.4,2017.0,2017.0,2017.0,2017.0,2017.0,93.0,75.0,30.0
2016,BAILEY,24.5,2016.0,2016.0,2016.0,2016.0,2016.0,89.0,67.0,24.0
2015,BAILEY,25.2,2015.0,2015.0,2015.0,2015.0,2015.0,92.0,77.0,41.0
2014,BAILEY,21.4,2014.0,2014.0,2014.0,2014.0,2014.0,89.0,75.0,42.0
2012,BAILEY,31.6,2012.0,2012.0,2012.0,2012.0,2012.0,88.0,74.0,14.0
2010,BAILEY,26.5,2010.0,2010.0,2010.0,2010.0,2010.0,94.0,75.0,40.0
2009,BAILEY,22.5,2009.0,2009.0,2009.0,2009.0,2009.0,94.0,81.0,42.0
2007,BAILEY,34.0,2007.0,2007.0,2007.0,2007.0,2007.0,92.0,84.0,41.0
2006,BAILEY,22.0,2006.0,2006.0,2006.0,2006.0,2006.0,88.0,84.0,41.0
2005,BAILEY,25.1,2005.0,2005.0,2005.0,2005.0,2005.0,91.0,83.0,61.0
2004,BAILEY,31.8,2004.0,2004.0,2004.0,2004.0,2004.0,91.0,84.0,55.0
2003,BAILEY,34.9,2003.0,2003.0,2003.0,2003.0,2003.0,93.0,83.0,52.0
2002,BAILEY,13.6,2002.0,2002.0,2002.0,2002.0,2002.0,95.0,87.0,59.0
2001,BAILEY,37.8,2001.0,2001.0,2001.0,2001.0,2001.0,87.0,70.0,22.0
2000,BAILEY,20.9,2000.0,2000.0,2000.0,2000.0,2000.0,92.0,77.0,40.0
2019,COCHRAN,30.9,2019.0,2019.0,2019.0,2019.0,2019.0,90.0,67.0,42.0
2017,COCHRAN,12.5,2017.0,2017.0,2017.0,2017.0,2017.0,93.0,75.0,30.0
2016,COCHRAN,21.2,2016.0,2016.0,2016.0,2016.0,2016.0,89.0,67.0,24.0
2015,COCHRAN,24.7,2015.0,2015.0,2015.0,2015.0,2015.0,92.0,77.0,41.0
2010,COCHRAN,28.6,2010.0,2010.0,2010.0,2010.0,2010.0,94.0,75.0,40.0
2009,COCHRAN,23.0,2009.0,2009.0,2009.0,2009.0,2009.0,94.0,81.0,42.0
2007,COCHRAN,30.0,2007.0,2007.0,2007.0,2007.0,2007.0,92.0,84.0,41.0
2006,COCHRAN,11.0,2006.0,2006.0,2006.0,2006.0,2006.0,88.0,84.0,41.0
2005,COCHRAN,19.9,2005.0,2005.0,2005.0,2005.0,2005.0,91.0,83.0,61.0
2004,COCHRAN,30.0,2004.0,2004.0,2004.0,2004.0,2004.0,91.0,84.0,55.0
2003,COCHRAN,22.3,2003.0,2003.0,2003.0,2003.0,2003.0,93.0,83.0,52.0
2002,COCHRAN,17.4,2002.0,2002.0,2002.0,2002.0,2002.0,95.0,87.0,59.0
2001,COCHRAN,23.8,2001.0,2001.0,2001.0,2001.0,2001.0,87.0,70.0,22.0
2000,COCHRAN,23.9,2000.0,2000.0,2000.0,2000.0,2000.0,92.0,77.0,40.0
2021,CROSBY,26.8,1.0,1.0,1.0,1.0,1.0,95.0,71.0,31.0
2020,CROSBY,21.2,2020.0,93.0,93.0,93.0,93.0,87.0,74.0,34.0
2019,CROSBY,21.6,2019.0,2019.0,2019.0,2019.0,2019.0,90.0,67.0,42.0
2017,CROSBY,16.8,2017.0,2017.0,2017.0,2017.0,2017.0,93.0,75.0,30.0
2016,CROSBY,16.8,2016.0,2016.0,2016.0,2016.0,2016.0,89.0,67.0,24.0
2013,CROSBY,16.0,2013.0,2013.0,2013.0,2013.0,2013.0,91.0,82.0,43.0
2012,CROSBY,16.4,2012.0,2012.0,2012.0,2012.0,2012.0,88.0,74.0,14.0
2011,CROSBY,18.1,2011.0,2011.0,2011.0,2011.0,2011.0,89.0,85.0,36.0
2010,CROSBY,33.7,2010.0,2010.0,2010.0,2010.0,2010.0,94.0,75.0,40.0
2009,CROSBY,13.5,2009.0,2009.0,2009.0,2009.0,2009.0,94.0,81.0,42.0
2008,CROSBY,19.5,2008.0,2008.0,2008.0,2008.0,2008.0,89.0,80.0,30.0
2007,CROSBY,34.0,2007.0,2007.0,2007.0,2007.0,2007.0,92.0,84.0,41.0
2006,CROSBY,15.0,2006.0,2006.0,2006.0,2006.0,2006.0,88.0,84.0,41.0
2005,CROSBY,23.1,2005.0,2005.0,2005.0,2005.0,2005.0,91.0,83.0,61.0
2004,CROSBY,17.9,2004.0,2004.0,2004.0,2004.0,2004.0,91.0,84.0,55.0
2003,CROSBY,15.0,2003.0,2003.0,2003.0,2003.0,2003.0,93.0,83.0,52.0
2002,CROSBY,11.9,2002.0,2002.0,2002.0,2002.0,2002.0,95.0,87.0,59.0
2001,CROSBY,16.6,2001.0,2001.0,2001.0,2001.0,2001.0,87.0,70.0,22.0
2000,CROSBY,18.9,2000.0,2000.0,2000.0,2000.0,2000.0,92.0,77.0,40.0
2021,DAWSON,57.8,1.0,1.0,1.0,1.0,1.0,95.0,71.0,31.0
2019,DAWSON,41.4,2019.0,2019.0,2019.0,2019.0,2019.0,90.0,67.0,42.0
2018,DAWSON,29.1,2018.0,2018.0,2018.0,2018.0,2018.0,92.0,79.0,33.0
2017,DAWSON,49.2,2017.0,2017.0,2017.0,2017.0,2017.0,93.0,75.0,30.0
2013,DAWSON,43.0,2013.0,2013.0,2013.0,2013.0,2013.0,91.0,82.0,43.0
2010,DAWSON,46.7,2010.0,2010.0,2010.0,2010.0,2010.0,94.0,75.0,40.0
2009,DAWSON,37.0,2009.0,2009.0,2009.0,2009.0,2009.0,94.0,81.0,42.0
2008,DAWSON,47.0,2008.0,2008.0,2008.0,2008.0,2008.0,89.0,80.0,30.0
2007,DAWSON,40.0,2007.0,2007.0,2007.0,2007.0,2007.0,92.0,84.0,41.0
2006,DAWSON,30.0,2006.0,2006.0,2006.0,2006.0,2006.0,88.0,84.0,41.0
2005,DAWSON,31.1,2005.0,2005.0,2005.0,2005.0,2005.0,91.0,83.0,61.0
2004,DAWSON,32.1,2004.0,2004.0,2004.0,2004.0,2004.0,91.0,84.0,55.0
2003,DAWSON,25.6,2003.0,2003.0,2003.0,2003.0,2003.0,93.0,83.0,52.0
2002,DAWSON,23.3,2002.0,2002.0,2002.0,2002.0,2002.0,95.0,87.0,59.0
2001,DAWSON,29.5,2001.0,2001.0,2001.0,2001.0,2001.0,87.0,70.0,22.0
2000,DAWSON,21.8,2000.0,2000.0,2000.0,2000.0,2000.0,92.0,77.0,40.0
2025,GAINES,36.3,2025.0,2025.0,2025.0,2025.0,2025.0,93.0,70.0,43.0
2019,GAINES,30.8,2019.0,2019.0,2019.0,2019.0,2019.0,90.0,67.0,42.0
2018,GAINES,46.4,2018.0,2018.0,2018.0,2018.0,2018.0,92.0,79.0,33.0
2017,GAINES,49.6,2017.0,2017.0,2017.0,2017.0,2017.0,93.0,75.0,30.0
2013,GAINES,22.0,2013.0,2013.0,2013.0,2013.0,2013.0,91.0,82.0,43.0
2008,GAINES,32.5,2008.0,2008.0,2008.0,2008.0,2008.0,89.0,80.0,30.0
2007,GAINES,41.0,2007.0,2007.0,2007.0,2007.0,2007.0,92.0,84.0,41.0
2006,GAINES,22.0,2006.0,2006.0,2006.0,2006.0,2006.0,88.0,84.0,41.0
2005,GAINES,31.6,2005.0,2005.0,2005.0,2005.0,2005.0,91.0,83.0,61.0
2004,GAINES,37.7,2004.0,2004.0,2004.0,2004.0,2004.0,91.0,84.0,55.0
2003,GAINES,29.8,2003.0,2003.0,2003.0,2003.0,2003.0,93.0,83.0,52.0
2002,GAINES,21.6,2002.0,2002.0,2002.0,2002.0,2002.0,95.0,87.0,59.0
2001,GAINES,33.6,2001.0,2001.0,2001.0,2001.0,2001.0,87.0,70.0,22.0
2000,GAINES,31.7,2000.0,2000.0,2000.0,2000.0,2000.0,92.0,77.0,40.0
2020,GLASSCOCK,15.4,2020.0,93.0,93.0,93.0,93.0,87.0,74.0,34.0
2019,GLASSCOCK,33.0,2019.0,2019.0,2019.0,2019.0,2019.0,90.0,67.0,42.0
2017,GLASSCOCK,26.4,2017.0,2017.0,2017.0,2017.0,2017.0,93.0,75.0,30.0
2016,GLASSCOCK,22.7,2016.0,2016.0,2016.0,2016.0,2016.0,89.0,67.0,24.0
2013,GLASSCOCK,20.3,2013.0,2013.0,2013.0,2013.0,2013.0,91.0,82.0,43.0
2012,GLASSCOCK,16.5,2012.0,2012.0,2012.0,2012.0,2012.0,88.0,74.0,14.0
2010,GLASSCOCK,22.8,2010.0,2010.0,2010.0,2010.0,2010.0,94.0,75.0,40.0
2009,GLASSCOCK,19.5,2009.0,2009.0,2009.0,2009.0,2009.0,94.0,81.0,42.0
2007,GLASSCOCK,30.0,2007.0,2007.0,2007.0,2007.0,2007.0,92.0,84.0,41.0
2006,GLASSCOCK,17.0,2006.0,2006.0,2006.0,2006.0,2006.0,88.0,84.0,41.0
2005,GLASSCOCK,35.6,2005.0,2005.0,2005.0,2005.0,2005.0,91.0,83.0,61.0
2004,GLASSCOCK,19.8,2004.0,2004.0,2004.0,2004.0,2004.0,91.0,84.0,55.0
2003,GLASSCOCK,12.9,2003.0,2003.0,2003.0,2003.0,2003.0,93.0,83.0,52.0
2002,GLASSCOCK,17.1,2002.0,2002.0,2002.0,2002.0,2002.0,95.0,87.0,59.0
2001,GLASSCOCK,13.1,2001.0,2001.0,2001.0,2001.0,2001.0,87.0,70.0,22.0
2000,GLASSCOCK,20.5,2000.0,2000.0,2000.0,2000.0,2000.0,92.0,77.0,40.0
2016,HOCKLEY,26.7,2016.0,2016.0,2016.0,2016.0,2016.0,89.0,67.0,24.0
2011,HOCKLEY,48.2,2011.0,2011.0,2011.0,2011.0,2011.0,89.0,85.0,36.0
2010,HOCKLEY,31.7,2010.0,2010.0,2010.0,2010.0,2010.0,94.0,75.0,40.0
2008,HOCKLEY,35.5,2008.0,2008.0,2008.0,2008.0,2008.0,89.0,80.0,30.0
2007,HOCKLEY,30.0,2007.0,2007.0,2007.0,2007.0,2007.0,92.0,84.0,41.0
2006,HOCKLEY,26.0,2006.0,2006.0,2006.0,2006.0,2006.0,88.0,84.0,41.0
2005,HOCKLEY,26.5,2005.0,2005.0,2005.0,2005.0,2005.0,91.0,83.0,61.0
2004,HOCKLEY,33.3,2004.0,2004.0,2004.0,2004.0,2004.0,91.0,84.0,55.0
2003,HOCKLEY,17.4,2003.0,2003.0,2003.0,2003.0,2003.0,93.0,83.0,52.0
2002,HOCKLEY,19.4,2002.0,2002.0,2002.0,2002.0,2002.0,95.0,87.0,59.0
2001,HOCKLEY,30.7,2001.0,2001.0,2001.0,2001.0,2001.0,87.0,70.0,22.0
2000,HOCKLEY,23.8,2000.0,2000.0,2000.0,2000.0,2000.0,92.0,77.0,40.0
2016,HOWARD,27.9,2016.0,2016.0,2016.0,2016.0,2016.0,89.0,67.0,24.0
2009,HOWARD,10.0,2009.0,2009.0,2009.0,2009.0,2009.0,94.0,81.0,42.0
2006,HOWARD,15.0,2006.0,2006.0,2006.0,2006.0,2006.0,88.0,84.0,41.0
2005,HOWARD,23.3,2005.0,2005.0,2005.0,2005.0,2005.0,91.0,83.0,61.0
2004,HOWARD,15.0,2004.0,2004.0,2004.0,2004.0,2004.0,91.0,84.0,55.0
2003,HOWARD,14.4,2003.0,2003.0,2003.0,2003.0,2003.0,93.0,83.0,52.0
2002,HOWARD,18.8,2002.0,2002.0,2002.0,2002.0,2002.0,95.0,87.0,59.0
2001,HOWARD,28.3,2001.0,2001.0,2001.0,2001.0,2001.0,87.0,70.0,22.0
2000,HOWARD,19.0,2000.0,2000.0,2000.0,2000.0,2000.0,92.0,77.0,40.0
2025,LAMB,40.9,2025.0,2025.0,2025.0,2025.0,2025.0,93.0,70.0,43.0
2023,LAMB,44.8,2023.0,2023.0,100.0,100.0,100.0,98.0,84.0,44.0
2021,LAMB,45.9,1.0,1.0,1.0,1.0,1.0,95.0,71.0,31.0
2020,LAMB,32.2,2020.0,93.0,93.0,93.0,93.0,87.0,74.0,34.0
2019,LAMB,27.6,2019.0,2019.0,2019.0,2019.0,2019.0,90.0,67.0,42.0
2016,LAMB,44.6,2016.0,2016.0,2016.0,2016.0,2016.0,89.0,67.0,24.0
2015,LAMB,46.4,2015.0,2015.0,2015.0,2015.0,2015.0,92.0,77.0,41.0
2012,LAMB,38.9,2012.0,2012.0,2012.0,2012.0,2012.0,88.0,74.0,14.0
2011,LAMB,30.9,2011.0,2011.0,2011.0,2011.0,2011.0,89.0,85.0,36.0
2010,LAMB,41.4,2010.0,2010.0,2010.0,2010.0,2010.0,94.0,75.0,40.0
2009,LAMB,41.5,2009.0,2009.0,2009.0,2009.0,2009.0,94.0,81.0,42.0
2008,LAMB,56.0,2008.0,2008.0,2008.0,2008.0,2008.0,89.0,80.0,30.0
2007,LAMB,54.0,2007.0,2007.0,2007.0,2007.0,2007.0,92.0,84.0,41.0
2006,LAMB,38.0,2006.0,2006.0,2006.0,2006.0,2006.0,88.0,84.0,41.0
2005,LAMB,39.3,2005.0,2005.0,2005.0,2005.0,2005.0,91.0,83.0,61.0
2004,LAMB,31.4,2004.0,2004.0,2004.0,2004.0,2004.0,91.0,84.0,55.0
2003,LAMB,33.2,2003.0,2003.0,2003.0,2003.0,2003.0,93.0,83.0,52.0
2002,LAMB,24.2,2002.0,2002.0,2002.0,2002.0,2002.0,95.0,87.0,59.0
2001,LAMB,37.5,2001.0,2001.0,2001.0,2001.0,2001.0,87.0,70.0,22.0
2000,LAMB,32.3,2000.0,2000.0,2000.0,2000.0,2000.0,92.0,77.0,40.0
2021,LUBBOCK,17.5,1.0,1.0,1.0,1.0,1.0,95.0,71.0,31.0
2020,LUBBOCK,16.8,2020.0,93.0,93.0,93.0,93.0,87.0,74.0,34.0
2017,LUBBOCK,25.3,2017.0,2017.0,2017.0,2017.0,2017.0,93.0,75.0,30.0
2016,LUBBOCK,17.7,2016.0,2016.0,2016.0,2016.0,2016.0,89.0,67.0,24.0
2015,LUBBOCK,34.4,2015.0,2015.0,2015.0,2015.0,2015.0,92.0,77.0,41.0
2014,LUBBOCK,17.6,2014.0,2014.0,2014.0,2014.0,2014.0,89.0,75.0,42.0
2013,LUBBOCK,29.6,2013.0,2013.0,2013.0,2013.0,2013.0,91.0,82.0,43.0
2011,LUBBOCK,12.2,2011.0,2011.0,2011.0,2011.0,2011.0,89.0,85.0,36.0
2010,LUBBOCK,30.6,2010.0,2010.0,2010.0,2010.0,2010.0,94.0,75.0,40.0
2009,LUBBOCK,19.5,2009.0,2009.0,2009.0,2009.0,2009.0,94.0,81.0,42.0
2008,LUBBOCK,24.0,2008.0,2008.0,2008.0,2008.0,2008.0,89.0,80.0,30.0
2007,LUBBOCK,35.0,2007.0,2007.0,2007.0,2007.0,2007.0,92.0,84.0,41.0
2006,LUBBOCK,14.0,2006.0,2006.0,2006.0,2006.0,2006.0,88.0,84.0,41.0
2005,LUBBOCK,21.8,2005.0,2005.0,2005.0,2005.0,2005.0,91.0,83.0,61.0
2004,LUBBOCK,29.6,2004.0,2004.0,2004.0,2004.0,2004.0,91.0,84.0,55.0
2003,LUBBOCK,19.4,2003.0,2003.0,2003.0,2003.0,2003.0,93.0,83.0,52.0
2002,LUBBOCK,22.5,2002.0,2002.0,2002.0,2002.0,2002.0,95.0,87.0,59.0
2001,LUBBOCK,24.2,2001.0,2001.0,2001.0,2001.0,2001.0,87.0,70.0,22.0
2000,LUBBOCK,30.0,2000.0,2000.0,2000.0,2000.0,2000.0,92.0,77.0,40.0
2025,LYNN,40.6,2025.0,2025.0,2025.0,2025.0,2025.0,93.0,70.0,43.0
2022,LYNN,25.4,2022.0,2022.0,2022.0,2022.0,2022.0,96.0,79.0,37.0
2021,LYNN,34.2,1.0,1.0,1.0,1.0,1.0,95.0,71.0,31.0
2020,LYNN,17.0,2020.0,93.0,93.0,93.0,93.0,87.0,74.0,34.0
2017,LYNN,22.9,2017.0,2017.0,2017.0,2017.0,2017.0,93.0,75.0,30.0
2016,LYNN,33.9,2016.0,2016.0,2016.0,2016.0,2016.0,89.0,67.0,24.0
2015,LYNN,29.4,2015.0,2015.0,2015.0,2015.0,2015.0,92.0,77.0,41.0
2014,LYNN,22.9,2014.0,2014.0,2014.0,2014.0,2014.0,89.0,75.0,42.0
2013,LYNN,50.1,2013.0,2013.0,2013.0,2013.0,2013.0,91.0,82.0,43.0
2012,LYNN,30.3,2012.0,2012.0,2012.0,2012.0,2012.0,88.0,74.0,14.0
2010,LYNN,38.2,2010.0,2010.0,2010.0,2010.0,2010.0,94.0,75.0,40.0
2009,LYNN,21.0,2009.0,2009.0,2009.0,2009.0,2009.0,94.0,81.0,42.0
2008,LYNN,24.0,2008.0,2008.0,2008.0,2008.0,2008.0,89.0,80.0,30.0
2007,LYNN,33.0,2007.0,2007.0,2007.0,2007.0,2007.0,92.0,84.0,41.0
2006,LYNN,11.0,2006.0,2006.0,2006.0,2006.0,2006.0,88.0,84.0,41.0
2005,LYNN,19.6,2005.0,2005.0,2005.0,2005.0,2005.0,91.0,83.0,61.0
2004,LYNN,27.3,2004.0,2004.0,2004.0,2004.0,2004.0,91.0,84.0,55.0
2003,LYNN,18.4,2003.0,2003.0,2003.0,2003.0,2003.0,93.0,83.0,52.0
2002,LYNN,23.2,2002.0,2002.0,2002.0,2002.0,2002.0,95.0,87.0,59.0
2001,LYNN,25.3,2001.0,2001.0,2001.0,2001.0,2001.0,87.0,70.0,22.0
2000,LYNN,19.3,2000.0,2000.0,2000.0,2000.0,2000.0,92.0,77.0,40.0
2013,MARTIN,38.6,2013.0,2013.0,2013.0,2013.0,2013.0,91.0,82.0,43.0
2010,MARTIN,28.8,2010.0,2010.0,2010.0,2010.0,2010.0,94.0,75.0,40.0
2009,MARTIN,11.5,2009.0,2009.0,2009.0,2009.0,2009.0,94.0,81.0,42.0
2006,MARTIN,20.0,2006.0,2006.0,2006.0,2006.0,2006.0,88.0,84.0,41.0
2005,MARTIN,21.4,2005.0,2005.0,2005.0,2005.0,2005.0,91.0,83.0,61.0
2004,MARTIN,28.4,2004.0,2004.0,2004.0,2004.0,2004.0,91.0,84.0,55.0
2003,MARTIN,23.3,2003.0,2003.0,2003.0,2003.0,2003.0,93.0,83.0,52.0
2002,MARTIN,18.5,2002.0,2002.0,2002.0,2002.0,2002.0,95.0,87.0,59.0
2001,MARTIN,27.6,2001.0,2001.0,2001.0,2001.0,2001.0,87.0,70.0,22.0
2000,MARTIN,21.7,2000.0,2000.0,2000.0,2000.0,2000.0,92.0,77.0,40.0
2010,MIDLAND,20.8,2010.0,2010.0,2010.0,2010.0,2010.0,94.0,75.0,40.0
2007,MIDLAND,26.0,2007.0,2007.0,2007.0,2007.0,2007.0,92.0,84.0,41.0
2006,MIDLAND,20.0,2006.0,2006.0,2006.0,2006.0,2006.0,88.0,84.0,41.0
2005,MIDLAND,15.7,2005.0,2005.0,2005.0,2005.0,2005.0,91.0,83.0,61.0
2004,MIDLAND,15.7,2004.0,2004.0,2004.0,2004.0,2004.0,91.0,84.0,55.0
2003,MIDLAND,19.7,2003.0,2003.0,2003.0,2003.0,2003.0,93.0,83.0,52.0
2002,MIDLAND,25.0,2002.0,2002.0,2002.0,2002.0,2002.0,95.0,87.0,59.0
2001,MIDLAND,20.0,2001.0,2001.0,2001.0,2001.0,2001.0,87.0,70.0,22.0
2000,MIDLAND,19.3,2000.0,2000.0,2000.0,2000.0,2000.0,92.0,77.0,40.0
2020,TERRY,19.7,2020.0,93.0,93.0,93.0,93.0,87.0,74.0,34.0
2019,TERRY,23.3,2019.0,2019.0,2019.0,2019.0,2019.0,90.0,67.0,42.0
2010,TERRY,35.3,2010.0,2010.0,2010.0,2010.0,2010.0,94.0,75.0,40.0
2009,TERRY,22.5,2009.0,2009.0,2009.0,2009.0,2009.0,94.0,81.0,42.0
2008,TERRY,36.0,2008.0,2008.0,2008.0,2008.0,2008.0,89.0,80.0,30.0
2007,TERRY,29.0,2007.0,2007.0,2007.0,2007.0,2007.0,92.0,84.0,41.0
2006,TERRY,29.0,2006.0,2006.0,2006.0,2006.0,2006.0,88.0,84.0,41.0
2005,TERRY,28.3,2005.0,2005.0,2005.0,2005.0,2005.0,91.0,83.0,61.0
2004,TERRY,28.9,2004.0,2004.0,2004.0,2004.0,2004.0,91.0,84.0,55.0
2003,TERRY,20.2,2003.0,2003.0,2003.0,2003.0,2003.0,93.0,83.0,52.0
2002,TERRY,28.4,2002.0,2002.0,2002.0,2002.0,2002.0,95.0,87.0,59.0
2001,TERRY,31.9,2001.0,2001.0,2001.0,2001.0,2001.0,87.0,70.0,22.0
2000,TERRY,29.5,2000.0,2000.0,2000.0,2000.0,2000.0,92.0,77.0,40.0
2022,YOAKUM,10.0,2022.0,2022.0,2022.0,2022.0,2022.0,96.0,79.0,37.0
2019,YOAKUM,20.8,2019.0,2019.0,2019.0,2019.0,2019.0,90.0,67.0,42.0
2017,YOAKUM,20.8,2017.0,2017.0,2017.0,2017.0,2017.0,93.0,75.0,30.0
2011,YOAKUM,21.5,2011.0,2011.0,2011.0,2011.0,2011.0,89.0,85.0,36.0
2009,YOAKUM,20.5,2009.0,2009.0,2009.0,2009.0,2009.0,94.0,81.0,42.0
2008,YOAKUM,46.5,2008.0,2008.0,2008.0,2008.0,2008.0,89.0,80.0,30.0
2007,YOAKUM,46.0,2007.0,2007.0,2007.0,2007.0,2007.0,92.0,84.0,41.0
2006,YOAKUM,23.0,2006.0,2006.0,2006.0,2006.0,2006.0,88.0,84.0,41.0
2005,YOAKUM,27.9,2005.0,2005.0,2005.0,2005.0,2005.0,91.0,83.0,61.0
2004,YOAKUM,29.9,2004.0,2004.0,2004.0,2004.0,2004.0,91.0,84.0,55.0
2003,YOAKUM,31.5,2003.0,2003.0,2003.0,2003.0,2003.0,93.0,83.0,52.0
2002,YOAKUM,27.7,2002.0,2002.0,2002.0,2002.0,2002.0,95.0,87.0,59.0
2001,YOAKUM,50.4,2001.0,2001.0,2001.0,2001.0,2001.0,87.0,70.0,22.0
2000,YOAKUM,35.0,2000.0,2000.0,2000.0,2000.0,2000.0,92.0,77.0,40.0
2019,OTHER (COMBINED) COUNTIES,24.1,2019.0,2019.0,2019.0,2019.0,2019.0,90.0,67.0,42.0
2018,OTHER (COMBINED) COUNTIES,26.9,2018.0,2018.0,2018.0,2018.0,2018.0,92.0,79.0,33.0
2017,OTHER (COMBINED) COUNTIES,25.3,2017.0,2017.0,2017.0,2017.0,2017.0,93.0,75.0,30.0
2016,OTHER (COMBINED) COUNTIES,21.9,2016.0,2016.0,2016.0,2016.0,2016.0,89.0,67.0,24.0
2015,OTHER (COMBINED) COUNTIES,15.2,2015.0,2015.0,2015.0,2015.0,2015.0,92.0,77.0,41.0
2014,OTHER (COMBINED) COUNTIES,14.5,2014.0,2014.0,2014.0,2014.0,2014.0,89.0,75.0,42.0
2013,OTHER (COMBINED) COUNTIES,20.5,2013.0,2013.0,2013.0,2013.0,2013.0,91.0,82.0,43.0
2012,OTHER (COMBINED) COUNTIES,20.1,2012.0,2012.0,2012.0,2012.0,2012.0,88.0,74.0,14.0
2011,OTHER (COMBINED) COUNTIES,11.8,2011.0,2011.0,2011.0,2011.0,2011.0,89.0,85.0,36.0
2010,OTHER (COMBINED) COUNTIES,22.7,2010.0,2010.0,2010.0,2010.0,2010.0,94.0,75.0,40.0
2009,OTHER (COMBINED) COUNTIES,20.0,2009.0,2009.0,2009.0,2009.0,2009.0,94.0,81.0,42.0
2008,OTHER (COMBINED) COUNTIES,19.0,2008.0,2008.0,2008.0,2008.0,2008.0,89.0,80.0,30.0
2007,OTHER (COMBINED) COUNTIES,25.0,2007.0,2007.0,2007.0,2007.0,2007.0,92.0,84.0,41.0
2010,BORDEN,30.7,2010.0,2010.0,2010.0,2010.0,2010.0,94.0,75.0,40.0
2009,BORDEN,20.0,2009.0,2009.0,2009.0,2009.0,2009.0,94.0,81.0,42.0
2006,BORDEN,20.0,2006.0,2006.0,2006.0,2006.0,2006.0,88.0,84.0,41.0
2005,BORDEN,27.3,2005.0,2005.0,2005.0,2005.0,2005.0,91.0,83.0,61.0
2004,BORDEN,34.0,2004.0,2004.0,2004.0,2004.0,2004.0,91.0,84.0,55.0
2003,BORDEN,18.0,2003.0,2003.0,2003.0,2003.0,2003.0,93.0,83.0,52.0
2002,BORDEN,22.0,2002.0,2002.0,2002.0,2002.0,2002.0,95.0,87.0,59.0
2001,BORDEN,22.5,2001.0,2001.0,2001.0,2001.0,2001.0,87.0,70.0,22.0
2000,BORDEN,25.0,2000.0,2000.0,2000.0,2000.0,2000.0,92.0,77.0,40.0
2022,CHILDRESS,19.7,2022.0,2022.0,2022.0,2022.0,2022.0,96.0,79.0,37.0
2021,CHILDRESS,21.6,1.0,1.0,1.0,1.0,1.0,95.0,71.0,31.0
2020,CHILDRESS,18.2,2020.0,93.0,93.0,93.0,93.0,87.0,74.0,34.0
2019,CHILDRESS,24.8,2019.0,2019.0,2019.0,2019.0,2019.0,90.0,67.0,42.0
2018,CHILDRESS,12.8,2018.0,2018.0,2018.0,2018.0,2018.0,92.0,79.0,33.0
2016,CHILDRESS,22.4,2016.0,2016.0,2016.0,2016.0,2016.0,89.0,67.0,24.0
2015,CHILDRESS,12.9,2015.0,2015.0,2015.0,2015.0,2015.0,92.0,77.0,41.0
2014,CHILDRESS,9.6,2014.0,2014.0,2014.0,2014.0,2014.0,89.0,75.0,42.0
2012,CHILDRESS,23.3,2012.0,2012.0,2012.0,2012.0,2012.0,88.0,74.0,14.0
2011,CHILDRESS,12.9,2011.0,2011.0,2011.0,2011.0,2011.0,89.0,85.0,36.0
2010,CHILDRESS,28.9,2010.0,2010.0,2010.0,2010.0,2010.0,94.0,75.0,40.0
2009,CHILDRESS,24.5,2009.0,2009.0,2009.0,2009.0,2009.0,94.0,81.0,42.0
2008,CHILDRESS,25.0,2008.0,2008.0,2008.0,2008.0,2008.0,89.0,80.0,30.0
2007,CHILDRESS,31.0,2007.0,2007.0,2007.0,2007.0,2007.0,92.0,84.0,41.0
2006,CHILDRESS,18.0,2006.0,2006.0,2006.0,2006.0,2006.0,88.0,84.0,41.0
2005,CHILDRESS,26.2,2005.0,2005.0,2005.0,2005.0,2005.0,91.0,83.0,61.0
2004,CHILDRESS,18.9,2004.0,2004.0,2004.0,2004.0,2004.0,91.0,84.0,55.0
2003,CHILDRESS,19.2,2003.0,2003.0,2003.0,2003.0,2003.0,93.0,83.0,52.0
2002,CHILDRESS,19.5,2002.0,2002.0,2002.0,2002.0,2002.0,95.0,87.0,59.0
2001,CHILDRESS,17.5,2001.0,2001.0,2001.0,2001.0,2001.0,87.0,70.0,22.0
2000,CHILDRESS,17.9,2000.0,2000.0,2000.0,2000.0,2000.0,92.0,77.0,40.0
2025,COLLINGSWORTH,47.7,2025.0,2025.0,2025.0,2025.0,2025.0,93.0,70.0,43.0
2021,COLLINGSWORTH,27.5,1.0,1.0,1.0,1.0,1.0,95.0,71.0,31.0
2020,COLLINGSWORTH,25.7,2020.0,93.0,93.0,93.0,93.0,87.0,74.0,34.0
2019,COLLINGSWORTH,31.0,2019.0,2019.0,2019.0,2019.0,2019.0,90.0,67.0,42.0
2018,COLLINGSWORTH,30.4,2018.0,2018.0,2018.0,2018.0,2018.0,92.0,79.0,33.0
2016,COLLINGSWORTH,15.9,2016.0,2016.0,2016.0,2016.0,2016.0,89.0,67.0,24.0
2015,COLLINGSWORTH,35.8,2015.0,2015.0,2015.0,2015.0,2015.0,92.0,77.0,41.0
2014,COLLINGSWORTH,17.8,2014.0,2014.0,2014.0,2014.0,2014.0,89.0,75.0,42.0
2012,COLLINGSWORTH,33.2,2012.0,2012.0,2012.0,2012.0,2012.0,88.0,74.0,14.0
2011,COLLINGSWORTH,19.1,2011.0,2011.0,2011.0,2011.0,2011.0,89.0,85.0,36.0
2010,COLLINGSWORTH,24.2,2010.0,2010.0,2010.0,2010.0,2010.0,94.0,75.0,40.0
2009,COLLINGSWORTH,24.0,2009.0,2009.0,2009.0,2009.0,2009.0,94.0,81.0,42.0
2008,COLLINGSWORTH,20.0,2008.0,2008.0,2008.0,2008.0,2008.0,89.0,80.0,30.0
2007,COLLINGSWORTH,29.0,2007.0,2007.0,2007.0,2007.0,2007.0,92.0,84.0,41.0
2006,COLLINGSWORTH,10.0,2006.0,2006.0,2006.0,2006.0,2006.0,88.0,84.0,41.0
2005,COLLINGSWORTH,22.2,2005.0,2005.0,2005.0,2005.0,2005.0,91.0,83.0,61.0
2004,COLLINGSWORTH,24.2,2004.0,2004.0,2004.0,2004.0,2004.0,91.0,84.0,55.0
2003,COLLINGSWORTH,28.1,2003.0,2003.0,2003.0,2003.0,2003.0,93.0,83.0,52.0
2002,COLLINGSWORTH,19.6,2002.0,2002.0,2002.0,2002.0,2002.0,95.0,87.0,59.0
2001,COLLINGSWORTH,27.3,2001.0,2001.0,2001.0,2001.0,2001.0,87.0,70.0,22.0
2000,COLLINGSWORTH,26.7,2000.0,2000.0,2000.0,2000.0,2000.0,92.0,77.0,40.0
2021,COTTLE,29.6,1.0,1.0,1.0,1.0,1.0,95.0,71.0,31.0
2020,COTTLE,14.2,2020.0,93.0,93.0,93.0,93.0,87.0,74.0,34.0
2019,COTTLE,19.0,2019.0,2019.0,2019.0,2019.0,2019.0,90.0,67.0,42.0
2015,COTTLE,16.8,2015.0,2015.0,2015.0,2015.0,2015.0,92.0,77.0,41.0
2014,COTTLE,9.1,2014.0,2014.0,2014.0,2014.0,2014.0,89.0,75.0,42.0
2013,COTTLE,12.4,2013.0,2013.0,2013.0,2013.0,2013.0,91.0,82.0,43.0
2012,COTTLE,16.3,2012.0,2012.0,2012.0,2012.0,2012.0,88.0,74.0,14.0
2011,COTTLE,11.1,2011.0,2011.0,2011.0,2011.0,2011.0,89.0,85.0,36.0
2010,COTTLE,28.9,2010.0,2010.0,2010.0,2010.0,2010.0,94.0,75.0,40.0
2009,COTTLE,13.0,2009.0,2009.0,2009.0,2009.0,2009.0,94.0,81.0,42.0
2007,COTTLE,26.0,2007.0,2007.0,2007.0,2007.0,2007.0,92.0,84.0,41.0
2006,COTTLE,10.0,2006.0,2006.0,2006.0,2006.0,2006.0,88.0,84.0,41.0
2005,COTTLE,21.1,2005.0,2005.0,2005.0,2005.0,2005.0,91.0,83.0,61.0
2004,COTTLE,19.2,2004.0,2004.0,2004.0,2004.0,2004.0,91.0,84.0,55.0
2003,COTTLE,16.3,2003.0,2003.0,2003.0,2003.0,2003.0,93.0,83.0,52.0
2002,COTTLE,15.9,2002.0,2002.0,2002.0,2002.0,2002.0,95.0,87.0,59.0
2001,COTTLE,23.3,2001.0,2001.0,2001.0,2001.0,2001.0,87.0,70.0,22.0
2000,COTTLE,17.6,2000.0,2000.0,2000.0,2000.0,2000.0,92.0,77.0,40.0
2025,DICKENS,18.2,2025.0,2025.0,2025.0,2025.0,2025.0,93.0,70.0,43.0
2019,DICKENS,25.5,2019.0,2019.0,2019.0,2019.0,2019.0,90.0,67.0,42.0
2017,DICKENS,16.6,2017.0,2017.0,2017.0,2017.0,2017.0,93.0,75.0,30.0
2015,DICKENS,25.7,2015.0,2015.0,2015.0,2015.0,2015.0,92.0,77.0,41.0
2014,DICKENS,11.2,2014.0,2014.0,2014.0,2014.0,2014.0,89.0,75.0,42.0
2011,DICKENS,9.7,2011.0,2011.0,2011.0,2011.0,2011.0,89.0,85.0,36.0
2010,DICKENS,22.5,2010.0,2010.0,2010.0,2010.0,2010.0,94.0,75.0,40.0
2009,DICKENS,16.5,2009.0,2009.0,2009.0,2009.0,2009.0,94.0,81.0,42.0
2008,DICKENS,13.5,2008.0,2008.0,2008.0,2008.0,2008.0,89.0,80.0,30.0
2007,DICKENS,23.0,2007.0,2007.0,2007.0,2007.0,2007.0,92.0,84.0,41.0
2006,DICKENS,7.0,2006.0,2006.0,2006.0,2006.0,2006.0,88.0,84.0,41.0
2005,DICKENS,12.7,2005.0,2005.0,2005.0,2005.0,2005.0,91.0,83.0,61.0
2004,DICKENS,20.9,2004.0,2004.0,2004.0,2004.0,2004.0,91.0,84.0,55.0
2003,DICKENS,15.9,2003.0,2003.0,2003.0,2003.0,2003.0,93.0,83.0,52.0
2002,DICKENS,25.2,2002.0,2002.0,2002.0,2002.0,2002.0,95.0,87.0,59.0
2001,DICKENS,18.8,2001.0,2001.0,2001.0,2001.0,2001.0,87.0,70.0,22.0
2000,DICKENS,20.0,2000.0,2000.0,2000.0,2000.0,2000.0,92.0,77.0,40.0
2017,DONLEY,30.9,2017.0,2017.0,2017.0,2017.0,2017.0,93.0,75.0,30.0
2016,DONLEY,25.1,2016.0,2016.0,2016.0,2016.0,2016.0,89.0,67.0,24.0
2015,DONLEY,15.4,2015.0,2015.0,2015.0,2015.0,2015.0,92.0,77.0,41.0
2014,DONLEY,11.6,2014.0,2014.0,2014.0,2014.0,2014.0,89.0,75.0,42.0
2013,DONLEY,28.7,2013.0,2013.0,2013.0,2013.0,2013.0,91.0,82.0,43.0
2012,DONLEY,21.8,2012.0,2012.0,2012.0,2012.0,2012.0,88.0,74.0,14.0
2011,DONLEY,22.0,2011.0,2011.0,2011.0,2011.0,2011.0,89.0,85.0,36.0
2010,DONLEY,25.9,2010.0,2010.0,2010.0,2010.0,2010.0,94.0,75.0,40.0
2008,DONLEY,25.5,2008.0,2008.0,2008.0,2008.0,2008.0,89.0,80.0,30.0
2007,DONLEY,36.0,2007.0,2007.0,2007.0,2007.0,2007.0,92.0,84.0,41.0
2006,DONLEY,18.0,2006.0,2006.0,2006.0,2006.0,2006.0,88.0,84.0,41.0
2005,DONLEY,30.4,2005.0,2005.0,2005.0,2005.0,2005.0,91.0,83.0,61.0
2004,DONLEY,29.1,2004.0,2004.0,2004.0,2004.0,2004.0,91.0,84.0,55.0
2003,DONLEY,26.2,2003.0,2003.0,2003.0,2003.0,2003.0,93.0,83.0,52.0
2002,DONLEY,29.8,2002.0,2002.0,2002.0,2002.0,2002.0,95.0,87.0,59.0
2001,DONLEY,31.7,2001.0,2001.0,2001.0,2001.0,2001.0,87.0,70.0,22.0
2000,DONLEY,24.8,2000.0,2000.0,2000.0,2000.0,2000.0,92.0,77.0,40.0
2025,FOARD,22.5,2025.0,2025.0,2025.0,2025.0,2025.0,93.0,70.0,43.0
2023,FOARD,32.8,2023.0,2023.0,100.0,100.0,100.0,98.0,84.0,44.0
2021,FOARD,27.7,1.0,1.0,1.0,1.0,1.0,95.0,71.0,31.0
2020,FOARD,20.1,2020.0,93.0,93.0,93.0,93.0,87.0,74.0,34.0
2019,FOARD,30.9,2019.0,2019.0,2019.0,2019.0,2019.0,90.0,67.0,42.0
2018,FOARD,20.5,2018.0,2018.0,2018.0,2018.0,2018.0,92.0,79.0,33.0
2016,FOARD,24.9,2016.0,2016.0,2016.0,2016.0,2016.0,89.0,67.0,24.0
2015,FOARD,26.5,2015.0,2015.0,2015.0,2015.0,2015.0,92.0,77.0,41.0
2014,FOARD,20.4,2014.0,2014.0,2014.0,2014.0,2014.0,89.0,75.0,42.0
2013,FOARD,17.0,2013.0,2013.0,2013.0,2013.0,2013.0,91.0,82.0,43.0
2012,FOARD,14.2,2012.0,2012.0,2012.0,2012.0,2012.0,88.0,74.0,14.0
2011,FOARD,16.7,2011.0,2011.0,2011.0,2011.0,2011.0,89.0,85.0,36.0
2010,FOARD,23.0,2010.0,2010.0,2010.0,2010.0,2010.0,94.0,75.0,40.0
2009,FOARD,18.0,2009.0,2009.0,2009.0,2009.0,2009.0,94.0,81.0,42.0
2008,FOARD,23.0,2008.0,2008.0,2008.0,2008.0,2008.0,89.0,80.0,30.0
2007,FOARD,35.0,2007.0,2007.0,2007.0,2007.0,2007.0,92.0,84.0,41.0
2006,FOARD,14.0,2006.0,2006.0,2006.0,2006.0,2006.0,88.0,84.0,41.0
2005,FOARD,29.6,2005.0,2005.0,2005.0,2005.0,2005.0,91.0,83.0,61.0
2004,FOARD,22.5,2004.0,2004.0,2004.0,2004.0,2004.0,91.0,84.0,55.0
2003,FOARD,29.3,2003.0,2003.0,2003.0,2003.0,2003.0,93.0,83.0,52.0
2002,FOARD,27.9,2002.0,2002.0,2002.0,2002.0,2002.0,95.0,87.0,59.0
2001,FOARD,30.0,2001.0,2001.0,2001.0,2001.0,2001.0,87.0,70.0,22.0
2000,FOARD,23.9,2000.0,2000.0,2000.0,2000.0,2000.0,92.0,77.0,40.0
2006,GARZA,20.0,2006.0,2006.0,2006.0,2006.0,2006.0,88.0,84.0,41.0
2005,GARZA,15.5,2005.0,2005.0,2005.0,2005.0,2005.0,91.0,83.0,61.0
2004,GARZA,29.2,2004.0,2004.0,2004.0,2004.0,2004.0,91.0,84.0,55.0
2003,GARZA,15.3,2003.0,2003.0,2003.0,2003.0,2003.0,93.0,83.0,52.0
2002,GARZA,22.9,2002.0,2002.0,2002.0,2002.0,2002.0,95.0,87.0,59.0
2001,GARZA,24.0,2001.0,2001.0,2001.0,2001.0,2001.0,87.0,70.0,22.0
2000,GARZA,23.3,2000.0,2000.0,2000.0,2000.0,2000.0,92.0,77.0,40.0
2017,HALL,22.4,2017.0,2017.0,2017.0,2017.0,2017.0,93.0,75.0,30.0
2012,HALL,15.1,2012.0,2012.0,2012.0,2012.0,2012.0,88.0,74.0,14.0
2011,HALL,10.8,2011.0,2011.0,2011.0,2011.0,2011.0,89.0,85.0,36.0
2010,HALL,25.5,2010.0,2010.0,2010.0,2010.0,2010.0,94.0,75.0,40.0
2009,HALL,23.0,2009.0,2009.0,2009.0,2009.0,2009.0,94.0,81.0,42.0
2007,HALL,44.0,2007.0,2007.0,2007.0,2007.0,2007.0,92.0,84.0,41.0
2006,HALL,12.0,2006.0,2006.0,2006.0,2006.0,2006.0,88.0,84.0,41.0
2005,HALL,18.2,2005.0,2005.0,2005.0,2005.0,2005.0,91.0,83.0,61.0
2004,HALL,27.8,2004.0,2004.0,2004.0,2004.0,2004.0,91.0,84.0,55.0
2003,HALL,13.3,2003.0,2003.0,2003.0,2003.0,2003.0,93.0,83.0,52.0
2002,HALL,23.1,2002.0,2002.0,2002.0,2002.0,2002.0,95.0,87.0,59.0
2001,HALL,27.3,2001.0,2001.0,2001.0,2001.0,2001.0,87.0,70.0,22.0
2000,HALL,17.0,2000.0,2000.0,2000.0,2000.0,2000.0,92.0,77.0,40.0
2023,HARDEMAN,20.7,2023.0,2023.0,100.0,100.0,100.0,98.0,84.0,44.0
2021,HARDEMAN,27.1,1.0,1.0,1.0,1.0,1.0,95.0,71.0,31.0
2020,HARDEMAN,17.1,2020.0,93.0,93.0,93.0,93.0,87.0,74.0,34.0
2019,HARDEMAN,32.8,2019.0,2019.0,2019.0,2019.0,2019.0,90.0,67.0,42.0
2018,HARDEMAN,16.9,2018.0,2018.0,2018.0,2018.0,2018.0,92.0,79.0,33.0
2017,HARDEMAN,20.4,2017.0,2017.0,2017.0,2017.0,2017.0,93.0,75.0,30.0
2016,HARDEMAN,27.2,2016.0,2016.0,2016.0,2016.0,2016.0,89.0,67.0,24.0
2015,HARDEMAN,19.9,2015.0,2015.0,2015.0,2015.0,2015.0,92.0,77.0,41.0
2014,HARDEMAN,11.6,2014.0,2014.0,2014.0,2014.0,2014.0,89.0,75.0,42.0
2013,HARDEMAN,14.7,2013.0,2013.0,2013.0,2013.0,2013.0,91.0,82.0,43.0
2012,HARDEMAN,20.5,2012.0,2012.0,2012.0,2012.0,2012.0,88.0,74.0,14.0
2011,HARDEMAN,15.2,2011.0,2011.0,2011.0,2011.0,2011.0,89.0,85.0,36.0
2010,HARDEMAN,29.1,2010.0,2010.0,2010.0,2010.0,2010.0,94.0,75.0,40.0
2009,HARDEMAN,12.0,2009.0,2009.0,2009.0,2009.0,2009.0,94.0,81.0,42.0
2008,HARDEMAN,27.5,2008.0,2008.0,2008.0,2008.0,2008.0,89.0,80.0,30.0
2007,HARDEMAN,31.0,2007.0,2007.0,2007.0,2007.0,2007.0,92.0,84.0,41.0
2006,HARDEMAN,17.0,2006.0,2006.0,2006.0,2006.0,2006.0,88.0,84.0,41.0
2005,HARDEMAN,22.3,2005.0,2005.0,2005.0,2005.0,2005.0,91.0,83.0,61.0
2004,HARDEMAN,23.6,2004.0,2004.0,2004.0,2004.0,2004.0,91.0,84.0,55.0
2003,HARDEMAN,25.0,2003.0,2003.0,2003.0,2003.0,2003.0,93.0,83.0,52.0
2002,HARDEMAN,24.5,2002.0,2002.0,2002.0,2002.0,2002.0,95.0,87.0,59.0
2001,HARDEMAN,21.4,2001.0,2001.0,2001.0,2001.0,2001.0,87.0,70.0,22.0
2000,HARDEMAN,21.6,2000.0,2000.0,2000.0,2000.0,2000.0,92.0,77.0,40.0
2017,KENT,18.9,2017.0,2017.0,2017.0,2017.0,2017.0,93.0,75.0,30.0
2016,KENT,19.7,2016.0,2016.0,2016.0,2016.0,2016.0,89.0,67.0,24.0
2015,KENT,26.5,2015.0,2015.0,2015.0,2015.0,2015.0,92.0,77.0,41.0
2008,KENT,16.0,2008.0,2008.0,2008.0,2008.0,2008.0,89.0,80.0,30.0
2007,KENT,27.0,2007.0,2007.0,2007.0,2007.0,2007.0,92.0,84.0,41.0
2006,KENT,15.0,2006.0,2006.0,2006.0,2006.0,2006.0,88.0,84.0,41.0
2005,KENT,26.6,2005.0,2005.0,2005.0,2005.0,2005.0,91.0,83.0,61.0
2004,KENT,18.9,2004.0,2004.0,2004.0,2004.0,2004.0,91.0,84.0,55.0
2003,KENT,12.9,2003.0,2003.0,2003.0,2003.0,2003.0,93.0,83.0,52.0
2002,KENT,18.6,2002.0,2002.0,2002.0,2002.0,2002.0,95.0,87.0,59.0
2001,KENT,25.7,2001.0,2001.0,2001.0,2001.0,2001.0,87.0,70.0,22.0
2000,KENT,23.5,2000.0,2000.0,2000.0,2000.0,2000.0,92.0,77.0,40.0
2010,KING,24.0,2010.0,2010.0,2010.0,2010.0,2010.0,94.0,75.0,40.0
2007,KING,30.0,2007.0,2007.0,2007.0,2007.0,2007.0,92.0,84.0,41.0
2006,KING,14.0,2006.0,2006.0,2006.0,2006.0,2006.0,88.0,84.0,41.0
2005,KING,22.7,2005.0,2005.0,2005.0,2005.0,2005.0,91.0,83.0,61.0
2004,KING,23.9,2004.0,2004.0,2004.0,2004.0,2004.0,91.0,84.0,55.0
2003,KING,11.7,2003.0,2003.0,2003.0,2003.0,2003.0,93.0,83.0,52.0
2002,KING,20.9,2002.0,2002.0,2002.0,2002.0,2002.0,95.0,87.0,59.0
2001,KING,22.0,2001.0,2001.0,2001.0,2001.0,2001.0,87.0,70.0,22.0
2000,KING,23.5,2000.0,2000.0,2000.0,2000.0,2000.0,92.0,77.0,40.0
2010,MOTLEY,14.8,2010.0,2010.0,2010.0,2010.0,2010.0,94.0,75.0,40.0
2006,MOTLEY,21.0,2006.0,2006.0,2006.0,2006.0,2006.0,88.0,84.0,41.0
2005,MOTLEY,15.6,2005.0,2005.0,2005.0,2005.0,2005.0,91.0,83.0,61.0
2004,MOTLEY,35.7,2004.0,2004.0,2004.0,2004.0,2004.0,91.0,84.0,55.0
2003,MOTLEY,13.7,2003.0,2003.0,2003.0,2003.0,2003.0,93.0,83.0,52.0
2002,MOTLEY,15.4,2002.0,2002.0,2002.0,2002.0,2002.0,95.0,87.0,59.0
2001,MOTLEY,36.0,2001.0,2001.0,2001.0,2001.0,2001.0,87.0,70.0,22.0
2000,MOTLEY,24.7,2000.0,2000.0,2000.0,2000.0,2000.0,92.0,77.0,40.0
2017,WHEELER,27.6,2017.0,2017.0,2017.0,2017.0,2017.0,93.0,75.0,30.0
2016,WHEELER,16.5,2016.0,2016.0,2016.0,2016.0,2016.0,89.0,67.0,24.0
2015,WHEELER,23.6,2015.0,2015.0,2015.0,2015.0,2015.0,92.0,77.0,41.0
2014,WHEELER,14.0,2014.0,2014.0,2014.0,2014.0,2014.0,89.0,75.0,42.0
2013,WHEELER,14.6,2013.0,2013.0,2013.0,2013.0,2013.0,91.0,82.0,43.0
2012,WHEELER,26.5,2012.0,2012.0,2012.0,2012.0,2012.0,88.0,74.0,14.0
2011,WHEELER,12.4,2011.0,2011.0,2011.0,2011.0,2011.0,89.0,85.0,36.0
2010,WHEELER,28.5,2010.0,2010.0,2010.0,2010.0,2010.0,94.0,75.0,40.0
2009,WHEELER,19.0,2009.0,2009.0,2009.0,2009.0,2009.0,94.0,81.0,42.0
2008,WHEELER,21.5,2008.0,2008.0,2008.0,2008.0,2008.0,89.0,80.0,30.0
2007,WHEELER,26.0,2007.0,2007.0,2007.0,2007.0,2007.0,92.0,84.0,41.0
2006,WHEELER,12.0,2006.0,2006.0,2006.0,2006.0,2006.0,88.0,84.0,41.0
2005,WHEELER,24.3,2005.0,2005.0,2005.0,2005.0,2005.0,91.0,83.0,61.0
2004,WHEELER,22.1,2004.0,2004.0,2004.0,2004.0,2004.0,91.0,84.0,55.0
2003,WHEELER,21.0,2003.0,2003.0,2003.0,2003.0,2003.0,93.0,83.0,52.0
2002,WHEELER,12.7,2002.0,2002.0,2002.0,2002.0,2002.0,95.0,87.0,59.0
2001,WHEELER,19.7,2001.0,2001.0,2001.0,2001.0,2001.0,87.0,70.0,22.0
2000,WHEELER,18.7,2000.0,2000.0,2000.0,2000.0,2000.0,92.0,77.0,40.0
2023,WICHITA,45.8,2023.0,2023.0,100.0,100.0,100.0,98.0,84.0,44.0
2022,WICHITA,17.4,2022.0,2022.0,2022.0,2022.0,2022.0,96.0,79.0,37.0
2021,WICHITA,42.6,1.0,1.0,1.0,1.0,1.0,95.0,71.0,31.0
2020,WICHITA,19.8,2020.0,93.0,93.0,93.0,93.0,87.0,74.0,34.0
2019,WICHITA,33.0,2019.0,2019.0,2019.0,2019.0,2019.0,90.0,67.0,42.0
2018,WICHITA,32.3,2018.0,2018.0,2018.0,2018.0,2018.0,92.0,79.0,33.0
2017,WICHITA,20.7,2017.0,2017.0,2017.0,2017.0,2017.0,93.0,75.0,30.0
2016,WICHITA,23.2,2016.0,2016.0,2016.0,2016.0,2016.0,89.0,67.0,24.0
2015,WICHITA,26.6,2015.0,2015.0,2015.0,2015.0,2015.0,92.0,77.0,41.0
2014,WICHITA,10.0,2014.0,2014.0,2014.0,2014.0,2014.0,89.0,75.0,42.0
2013,WICHITA,15.2,2013.0,2013.0,2013.0,2013.0,2013.0,91.0,82.0,43.0
2012,WICHITA,40.6,2012.0,2012.0,2012.0,2012.0,2012.0,88.0,74.0,14.0
2011,WICHITA,9.7,2011.0,2011.0,2011.0,2011.0,2011.0,89.0,85.0,36.0
2010,WICHITA,26.7,2010.0,2010.0,2010.0,2010.0,2010.0,94.0,75.0,40.0
2009,WICHITA,12.0,2009.0,2009.0,2009.0,2009.0,2009.0,94.0,81.0,42.0
2008,WICHITA,35.0,2008.0,2008.0,2008.0,2008.0,2008.0,89.0,80.0,30.0
2007,WICHITA,30.0,2007.0,2007.0,2007.0,2007.0,2007.0,92.0,84.0,41.0
2006,WICHITA,20.0,2006.0,2006.0,2006.0,2006.0,2006.0,88.0,84.0,41.0
2005,WICHITA,34.6,2005.0,2005.0,2005.0,2005.0,2005.0,91.0,83.0,61.0
2004,WICHITA,32.2,2004.0,2004.0,2004.0,2004.0,2004.0,91.0,84.0,55.0
2003,WICHITA,26.5,2003.0,2003.0,2003.0,2003.0,2003.0,93.0,83.0,52.0
2002,WICHITA,29.8,2002.0,2002.0,2002.0,2002.0,2002.0,95.0,87.0,59.0
2001,WICHITA,29.1,2001.0,2001.0,2001.0,2001.0,2001.0,87.0,70.0,22.0
2000,WICHITA,23.6,2000.0,2000.0,2000.0,2000.0,2000.0,92.0,77.0,40.0
2025,WILBARGER,33.7,2025.0,2025.0,2025.0,2025.0,2025.0,93.0,70.0,43.0
2023,WILBARGER,41.0,2023.0,2023.0,100.0,100.0,100.0,98.0,84.0,44.0
2022,WILBARGER,15.4,2022.0,2022.0,2022.0,2022.0,2022.0,96.0,79.0,37.0
2021,WILBARGER,34.5,1.0,1.0,1.0,1.0,1.0,95.0,71.0,31.0
2020,WILBARGER,25.3,2020.0,93.0,93.0,93.0,93.0,87.0,74.0,34.0
2019,WILBARGER,35.5,2019.0,2019.0,2019.0,2019.0,2019.0,90.0,67.0,42.0
2017,WILBARGER,26.4,2017.0,2017.0,2017.0,2017.0,2017.0,93.0,75.0,30.0
2016,WILBARGER,31.9,2016.0,2016.0,2016.0,2016.0,2016.0,89.0,67.0,24.0
2015,WILBARGER,25.3,2015.0,2015.0,2015.0,2015.0,2015.0,92.0,77.0,41.0
2013,WILBARGER,15.9,2013.0,2013.0,2013.0,2013.0,2013.0,91.0,82.0,43.0
2012,WILBARGER,29.1,2012.0,2012.0,2012.0,2012.0,2012.0,88.0,74.0,14.0
2011,WILBARGER,15.2,2011.0,2011.0,2011.0,2011.0,2011.0,89.0,85.0,36.0
2010,WILBARGER,34.1,2010.0,2010.0,2010.0,2010.0,2010.0,94.0,75.0,40.0
2009,WILBARGER,13.5,2009.0,2009.0,2009.0,2009.0,2009.0,94.0,81.0,42.0
2008,WILBARGER,35.0,2008.0,2008.0,2008.0,2008.0,2008.0,89.0,80.0,30.0
2007,WILBARGER,32.0,2007.0,2007.0,2007.0,2007.0,2007.0,92.0,84.0,41.0
2006,WILBARGER,14.0,2006.0,2006.0,2006.0,2006.0,2006.0,88.0,84.0,41.0
2005,WILBARGER,31.3,2005.0,2005.0,2005.0,2005.0,2005.0,91.0,83.0,61.0
2004,WILBARGER,32.7,2004.0,2004.0,2004.0,2004.0,2004.0,91.0,84.0,55.0
2003,WILBARGER,29.7,2003.0,2003.0,2003.0,2003.0,2003.0,93.0,83.0,52.0
2002,WILBARGER,27.7,2002.0,2002.0,2002.0,2002.0,2002.0,95.0,87.0,59.0
2001,WILBARGER,25.3,2001.0,2001.0,2001.0,2001.0,2001.0,87.0,70.0,22.0
2000,WILBARGER,24.6,2000.0,2000.0,2000.0,2000.0,2000.0,92.0,77.0,40.0
2019,OTHER (COMBINED) COUNTIES,28.0,2019.0,2019.0,2019.0,2019.0,2019.0,90.0,67.0,42.0
2018,OTHER (COMBINED) COUNTIES,25.6,2018.0,2018.0,2018.0,2018.0,2018.0,92.0,79.0,33.0
2017,OTHER (COMBINED) COUNTIES,22.2,2017.0,2017.0,2017.0,2017.0,2017.0,93.0,75.0,30.0
2016,OTHER (COMBINED) COUNTIES,24.1,2016.0,2016.0,2016.0,2016.0,2016.0,89.0,67.0,24.0
2015,OTHER (COMBINED) COUNTIES,20.0,2015.0,2015.0,2015.0,2015.0,2015.0,92.0,77.0,41.0
2014,OTHER (COMBINED) COUNTIES,13.0,2014.0,2014.0,2014.0,2014.0,2014.0,89.0,75.0,42.0
2013,OTHER (COMBINED) COUNTIES,22.0,2013.0,2013.0,2013.0,2013.0,2013.0,91.0,82.0,43.0
2012,OTHER (COMBINED) COUNTIES,25.2,2012.0,2012.0,2012.0,2012.0,2012.0,88.0,74.0,14.0
2011,OTHER (COMBINED) COUNTIES,14.7,2011.0,2011.0,2011.0,2011.0,2011.0,89.0,85.0,36.0
2023,BAYLOR,36.5,2023.0,2023.0,100.0,100.0,100.0,98.0,84.0,44.0
2022,BAYLOR,22.2,2022.0,2022.0,2022.0,2022.0,2022.0,96.0,79.0,37.0
2021,BAYLOR,29.1,1.0,1.0,1.0,1.0,1.0,95.0,71.0,31.0
2020,BAYLOR,28.9,2020.0,93.0,93.0,93.0,93.0,87.0,74.0,34.0
2019,BAYLOR,22.1,2019.0,2019.0,2019.0,2019.0,2019.0,90.0,67.0,42.0
2018,BAYLOR,27.3,2018.0,2018.0,2018.0,2018.0,2018.0,92.0,79.0,33.0
2017,BAYLOR,20.0,2017.0,2017.0,2017.0,2017.0,2017.0,93.0,75.0,30.0
2016,BAYLOR,22.1,2016.0,2016.0,2016.0,2016.0,2016.0,89.0,67.0,24.0
2014,BAYLOR,16.5,2014.0,2014.0,2014.0,2014.0,2014.0,89.0,75.0,42.0
2013,BAYLOR,20.5,2013.0,2013.0,2013.0,2013.0,2013.0,91.0,82.0,43.0
2012,BAYLOR,25.8,2012.0,2012.0,2012.0,2012.0,2012.0,88.0,74.0,14.0
2011,BAYLOR,11.3,2011.0,2011.0,2011.0,2011.0,2011.0,89.0,85.0,36.0
2010,BAYLOR,27.0,2010.0,2010.0,2010.0,2010.0,2010.0,94.0,75.0,40.0
2009,BAYLOR,11.5,2009.0,2009.0,2009.0,2009.0,2009.0,94.0,81.0,42.0
2008,BAYLOR,23.0,2008.0,2008.0,2008.0,2008.0,2008.0,89.0,80.0,30.0
2007,BAYLOR,27.0,2007.0,2007.0,2007.0,2007.0,2007.0,92.0,84.0,41.0
2006,BAYLOR,20.0,2006.0,2006.0,2006.0,2006.0,2006.0,88.0,84.0,41.0
2005,BAYLOR,25.3,2005.0,2005.0,2005.0,2005.0,2005.0,91.0,83.0,61.0
2004,BAYLOR,29.0,2004.0,2004.0,2004.0,2004.0,2004.0,91.0,84.0,55.0
2003,BAYLOR,24.5,2003.0,2003.0,2003.0,2003.0,2003.0,93.0,83.0,52.0
2002,BAYLOR,33.2,2002.0,2002.0,2002.0,2002.0,2002.0,95.0,87.0,59.0
2001,BAYLOR,23.8,2001.0,2001.0,2001.0,2001.0,2001.0,87.0,70.0,22.0
2000,BAYLOR,27.4,2000.0,2000.0,2000.0,2000.0,2000.0,92.0,77.0,40.0
2021,COLEMAN,21.6,1.0,1.0,1.0,1.0,1.0,95.0,71.0,31.0
2020,COLEMAN,29.0,2020.0,93.0,93.0,93.0,93.0,87.0,74.0,34.0
2019,COLEMAN,22.7,2019.0,2019.0,2019.0,2019.0,2019.0,90.0,67.0,42.0
2018,COLEMAN,20.5,2018.0,2018.0,2018.0,2018.0,2018.0,92.0,79.0,33.0
2017,COLEMAN,17.0,2017.0,2017.0,2017.0,2017.0,2017.0,93.0,75.0,30.0
2016,COLEMAN,22.3,2016.0,2016.0,2016.0,2016.0,2016.0,89.0,67.0,24.0
2015,COLEMAN,22.3,2015.0,2015.0,2015.0,2015.0,2015.0,92.0,77.0,41.0
2014,COLEMAN,13.2,2014.0,2014.0,2014.0,2014.0,2014.0,89.0,75.0,42.0
2013,COLEMAN,20.5,2013.0,2013.0,2013.0,2013.0,2013.0,91.0,82.0,43.0
2012,COLEMAN,29.6,2012.0,2012.0,2012.0,2012.0,2012.0,88.0,74.0,14.0
2011,COLEMAN,12.0,2011.0,2011.0,2011.0,2011.0,2011.0,89.0,85.0,36.0
2010,COLEMAN,23.0,2010.0,2010.0,2010.0,2010.0,2010.0,94.0,75.0,40.0
2009,COLEMAN,12.5,2009.0,2009.0,2009.0,2009.0,2009.0,94.0,81.0,42.0
2008,COLEMAN,19.0,2008.0,2008.0,2008.0,2008.0,2008.0,89.0,80.0,30.0
2007,COLEMAN,18.0,2007.0,2007.0,2007.0,2007.0,2007.0,92.0,84.0,41.0
2006,COLEMAN,19.0,2006.0,2006.0,2006.0,2006.0,2006.0,88.0,84.0,41.0
2005,COLEMAN,23.0,2005.0,2005.0,2005.0,2005.0,2005.0,91.0,83.0,61.0
2004,COLEMAN,24.9,2004.0,2004.0,2004.0,2004.0,2004.0,91.0,84.0,55.0
2003,COLEMAN,17.6,2003.0,2003.0,2003.0,2003.0,2003.0,93.0,83.0,52.0
2002,COLEMAN,20.0,2002.0,2002.0,2002.0,2002.0,2002.0,95.0,87.0,59.0
2001,COLEMAN,26.9,2001.0,2001.0,2001.0,2001.0,2001.0,87.0,70.0,22.0
2000,COLEMAN,21.0,2000.0,2000.0,2000.0,2000.0,2000.0,92.0,77.0,40.0
2021,FISHER,24.6,1.0,1.0,1.0,1.0,1.0,95.0,71.0,31.0
2020,FISHER,25.5,2020.0,93.0,93.0,93.0,93.0,87.0,74.0,34.0
2019,FISHER,26.8,2019.0,2019.0,2019.0,2019.0,2019.0,90.0,67.0,42.0
2018,FISHER,17.5,2018.0,2018.0,2018.0,2018.0,2018.0,92.0,79.0,33.0
2013,FISHER,18.3,2013.0,2013.0,2013.0,2013.0,2013.0,91.0,82.0,43.0
2011,FISHER,8.6,2011.0,2011.0,2011.0,2011.0,2011.0,89.0,85.0,36.0
2010,FISHER,27.4,2010.0,2010.0,2010.0,2010.0,2010.0,94.0,75.0,40.0
2009,FISHER,22.0,2009.0,2009.0,2009.0,2009.0,2009.0,94.0,81.0,42.0
2008,FISHER,16.5,2008.0,2008.0,2008.0,2008.0,2008.0,89.0,80.0,30.0
2007,FISHER,28.0,2007.0,2007.0,2007.0,2007.0,2007.0,92.0,84.0,41.0
2006,FISHER,16.0,2006.0,2006.0,2006.0,2006.0,2006.0,88.0,84.0,41.0
2005,FISHER,16.5,2005.0,2005.0,2005.0,2005.0,2005.0,91.0,83.0,61.0
2004,FISHER,20.4,2004.0,2004.0,2004.0,2004.0,2004.0,91.0,84.0,55.0
2003,FISHER,13.2,2003.0,2003.0,2003.0,2003.0,2003.0,93.0,83.0,52.0
2002,FISHER,18.9,2002.0,2002.0,2002.0,2002.0,2002.0,95.0,87.0,59.0
2001,FISHER,26.1,2001.0,2001.0,2001.0,2001.0,2001.0,87.0,70.0,22.0
2000,FISHER,24.0,2000.0,2000.0,2000.0,2000.0,2000.0,92.0,77.0,40.0
2025,HASKELL,23.5,2025.0,2025.0,2025.0,2025.0,2025.0,93.0,70.0,43.0
2023,HASKELL,25.8,2023.0,2023.0,100.0,100.0,100.0,98.0,84.0,44.0
2021,HASKELL,32.3,1.0,1.0,1.0,1.0,1.0,95.0,71.0,31.0
2020,HASKELL,28.2,2020.0,93.0,93.0,93.0,93.0,87.0,74.0,34.0
2019,HASKELL,29.7,2019.0,2019.0,2019.0,2019.0,2019.0,90.0,67.0,42.0
2017,HASKELL,18.4,2017.0,2017.0,2017.0,2017.0,2017.0,93.0,75.0,30.0
2016,HASKELL,23.5,2016.0,2016.0,2016.0,2016.0,2016.0,89.0,67.0,24.0
2015,HASKELL,19.1,2015.0,2015.0,2015.0,2015.0,2015.0,92.0,77.0,41.0
2014,HASKELL,15.7,2014.0,2014.0,2014.0,2014.0,2014.0,89.0,75.0,42.0
2013,HASKELL,17.2,2013.0,2013.0,2013.0,2013.0,2013.0,91.0,82.0,43.0
2012,HASKELL,21.9,2012.0,2012.0,2012.0,2012.0,2012.0,88.0,74.0,14.0
2011,HASKELL,20.6,2011.0,2011.0,2011.0,2011.0,2011.0,89.0,85.0,36.0
2010,HASKELL,25.7,2010.0,2010.0,2010.0,2010.0,2010.0,94.0,75.0,40.0
2009,HASKELL,18.5,2009.0,2009.0,2009.0,2009.0,2009.0,94.0,81.0,42.0
2008,HASKELL,21.0,2008.0,2008.0,2008.0,2008.0,2008.0,89.0,80.0,30.0
2007,HASKELL,24.0,2007.0,2007.0,2007.0,2007.0,2007.0,92.0,84.0,41.0
2006,HASKELL,18.0,2006.0,2006.0,2006.0,2006.0,2006.0,88.0,84.0,41.0
2005,HASKELL,22.2,2005.0,2005.0,2005.0,2005.0,2005.0,91.0,83.0,61.0
2004,HASKELL,24.7,2004.0,2004.0,2004.0,2004.0,2004.0,91.0,84.0,55.0
2003,HASKELL,19.7,2003.0,2003.0,2003.0,2003.0,2003.0,93.0,83.0,52.0
2002,HASKELL,23.0,2002.0,2002.0,2002.0,2002.0,2002.0,95.0,87.0,59.0
2001,HASKELL,27.7,2001.0,2001.0,2001.0,2001.0,2001.0,87.0,70.0,22.0
2000,HASKELL,17.7,2000.0,2000.0,2000.0,2000.0,2000.0,92.0,77.0,40.0
2023,JONES,35.2,2023.0,2023.0,100.0,100.0,100.0,98.0,84.0,44.0
2021,JONES,33.2,1.0,1.0,1.0,1.0,1.0,95.0,71.0,31.0
2020,JONES,30.0,2020.0,93.0,93.0,93.0,93.0,87.0,74.0,34.0
2019,JONES,24.8,2019.0,2019.0,2019.0,2019.0,2019.0,90.0,67.0,42.0
2018,JONES,17.3,2018.0,2018.0,2018.0,2018.0,2018.0,92.0,79.0,33.0
2017,JONES,19.8,2017.0,2017.0,2017.0,2017.0,2017.0,93.0,75.0,30.0
2016,JONES,21.4,2016.0,2016.0,2016.0,2016.0,2016.0,89.0,67.0,24.0
2015,JONES,21.5,2015.0,2015.0,2015.0,2015.0,2015.0,92.0,77.0,41.0
2014,JONES,14.9,2014.0,2014.0,2014.0,2014.0,2014.0,89.0,75.0,42.0
2013,JONES,21.3,2013.0,2013.0,2013.0,2013.0,2013.0,91.0,82.0,43.0
2012,JONES,25.4,2012.0,2012.0,2012.0,2012.0,2012.0,88.0,74.0,14.0
2011,JONES,13.4,2011.0,2011.0,2011.0,2011.0,2011.0,89.0,85.0,36.0
2010,JONES,27.5,2010.0,2010.0,2010.0,2010.0,2010.0,94.0,75.0,40.0
2009,JONES,13.0,2009.0,2009.0,2009.0,2009.0,2009.0,94.0,81.0,42.0
2008,JONES,19.5,2008.0,2008.0,2008.0,2008.0,2008.0,89.0,80.0,30.0
2007,JONES,28.0,2007.0,2007.0,2007.0,2007.0,2007.0,92.0,84.0,41.0
2006,JONES,13.0,2006.0,2006.0,2006.0,2006.0,2006.0,88.0,84.0,41.0
2005,JONES,20.9,2005.0,2005.0,2005.0,2005.0,2005.0,91.0,83.0,61.0
2004,JONES,19.9,2004.0,2004.0,2004.0,2004.0,2004.0,91.0,84.0,55.0
2003,JONES,17.7,2003.0,2003.0,2003.0,2003.0,2003.0,93.0,83.0,52.0
2002,JONES,18.3,2002.0,2002.0,2002.0,2002.0,2002.0,95.0,87.0,59.0
2001,JONES,27.1,2001.0,2001.0,2001.0,2001.0,2001.0,87.0,70.0,22.0
2000,JONES,15.9,2000.0,2000.0,2000.0,2000.0,2000.0,92.0,77.0,40.0
2023,KNOX,32.0,2023.0,2023.0,100.0,100.0,100.0,98.0,84.0,44.0
2022,KNOX,25.3,2022.0,2022.0,2022.0,2022.0,2022.0,96.0,79.0,37.0
2020,KNOX,29.5,2020.0,93.0,93.0,93.0,93.0,87.0,74.0,34.0
2019,KNOX,35.2,2019.0,2019.0,2019.0,2019.0,2019.0,90.0,67.0,42.0
2018,KNOX,26.7,2018.0,2018.0,2018.0,2018.0,2018.0,92.0,79.0,33.0
2017,KNOX,24.0,2017.0,2017.0,2017.0,2017.0,2017.0,93.0,75.0,30.0
2016,KNOX,31.4,2016.0,2016.0,2016.0,2016.0,2016.0,89.0,67.0,24.0
2015,KNOX,18.3,2015.0,2015.0,2015.0,2015.0,2015.0,92.0,77.0,41.0
2014,KNOX,14.4,2014.0,2014.0,2014.0,2014.0,2014.0,89.0,75.0,42.0
2013,KNOX,25.2,2013.0,2013.0,2013.0,2013.0,2013.0,91.0,82.0,43.0
2012,KNOX,20.4,2012.0,2012.0,2012.0,2012.0,2012.0,88.0,74.0,14.0
2011,KNOX,14.8,2011.0,2011.0,2011.0,2011.0,2011.0,89.0,85.0,36.0
2010,KNOX,30.8,2010.0,2010.0,2010.0,2010.0,2010.0,94.0,75.0,40.0
2009,KNOX,16.5,2009.0,2009.0,2009.0,2009.0,2009.0,94.0,81.0,42.0
2008,KNOX,24.5,2008.0,2008.0,2008.0,2008.0,2008.0,89.0,80.0,30.0
2007,KNOX,29.0,2007.0,2007.0,2007.0,2007.0,2007.0,92.0,84.0,41.0
2006,KNOX,22.0,2006.0,2006.0,2006.0,2006.0,2006.0,88.0,84.0,41.0
2005,KNOX,28.2,2005.0,2005.0,2005.0,2005.0,2005.0,91.0,83.0,61.0
2004,KNOX,28.8,2004.0,2004.0,2004.0,2004.0,2004.0,91.0,84.0,55.0
2003,KNOX,27.3,2003.0,2003.0,2003.0,2003.0,2003.0,93.0,83.0,52.0
2002,KNOX,22.6,2002.0,2002.0,2002.0,2002.0,2002.0,95.0,87.0,59.0
2001,KNOX,24.3,2001.0,2001.0,2001.0,2001.0,2001.0,87.0,70.0,22.0
2000,KNOX,30.4,2000.0,2000.0,2000.0,2000.0,2000.0,92.0,77.0,40.0
2021,MITCHELL,28.9,1.0,1.0,1.0,1.0,1.0,95.0,71.0,31.0
2020,MITCHELL,23.0,2020.0,93.0,93.0,93.0,93.0,87.0,74.0,34.0
2010,MITCHELL,17.7,2010.0,2010.0,2010.0,2010.0,2010.0,94.0,75.0,40.0
2009,MITCHELL,12.5,2009.0,2009.0,2009.0,2009.0,2009.0,94.0,81.0,42.0
2008,MITCHELL,14.5,2008.0,2008.0,2008.0,2008.0,2008.0,89.0,80.0,30.0
2007,MITCHELL,28.0,2007.0,2007.0,2007.0,2007.0,2007.0,92.0,84.0,41.0
2006,MITCHELL,20.0,2006.0,2006.0,2006.0,2006.0,2006.0,88.0,84.0,41.0
2005,MITCHELL,22.1,2005.0,2005.0,2005.0,2005.0,2005.0,91.0,83.0,61.0
2004,MITCHELL,20.9,2004.0,2004.0,2004.0,2004.0,2004.0,91.0,84.0,55.0
2003,MITCHELL,19.2,2003.0,2003.0,2003.0,2003.0,2003.0,93.0,83.0,52.0
2002,MITCHELL,21.6,2002.0,2002.0,2002.0,2002.0,2002.0,95.0,87.0,59.0
2001,MITCHELL,24.8,2001.0,2001.0,2001.0,2001.0,2001.0,87.0,70.0,22.0
2000,MITCHELL,25.8,2000.0,2000.0,2000.0,2000.0,2000.0,92.0,77.0,40.0
2023,NOLAN,37.9,2023.0,2023.0,100.0,100.0,100.0,98.0,84.0,44.0
2022,NOLAN,27.2,2022.0,2022.0,2022.0,2022.0,2022.0,96.0,79.0,37.0
2021,NOLAN,38.3,1.0,1.0,1.0,1.0,1.0,95.0,71.0,31.0
2017,NOLAN,24.0,2017.0,2017.0,2017.0,2017.0,2017.0,93.0,75.0,30.0
2016,NOLAN,28.9,2016.0,2016.0,2016.0,2016.0,2016.0,89.0,67.0,24.0
2015,NOLAN,20.3,2015.0,2015.0,2015.0,2015.0,2015.0,92.0,77.0,41.0
2013,NOLAN,24.5,2013.0,2013.0,2013.0,2013.0,2013.0,91.0,82.0,43.0
2012,NOLAN,28.4,2012.0,2012.0,2012.0,2012.0,2012.0,88.0,74.0,14.0
2011,NOLAN,25.4,2011.0,2011.0,2011.0,2011.0,2011.0,89.0,85.0,36.0
2010,NOLAN,31.9,2010.0,2010.0,2010.0,2010.0,2010.0,94.0,75.0,40.0
2009,NOLAN,18.5,2009.0,2009.0,2009.0,2009.0,2009.0,94.0,81.0,42.0
2008,NOLAN,16.5,2008.0,2008.0,2008.0,2008.0,2008.0,89.0,80.0,30.0
2007,NOLAN,22.0,2007.0,2007.0,2007.0,2007.0,2007.0,92.0,84.0,41.0
2006,NOLAN,21.0,2006.0,2006.0,2006.0,2006.0,2006.0,88.0,84.0,41.0
2005,NOLAN,21.1,2005.0,2005.0,2005.0,2005.0,2005.0,91.0,83.0,61.0
2004,NOLAN,23.4,2004.0,2004.0,2004.0,2004.0,2004.0,91.0,84.0,55.0
2003,NOLAN,13.5,2003.0,2003.0,2003.0,2003.0,2003.0,93.0,83.0,52.0
2002,NOLAN,18.6,2002.0,2002.0,2002.0,2002.0,2002.0,95.0,87.0,59.0
2001,NOLAN,23.7,2001.0,2001.0,2001.0,2001.0,2001.0,87.0,70.0,22.0
2000,NOLAN,24.7,2000.0,2000.0,2000.0,2000.0,2000.0,92.0,77.0,40.0
2025,RUNNELS,27.0,2025.0,2025.0,2025.0,2025.0,2025.0,93.0,70.0,43.0
2023,RUNNELS,35.9,2023.0,2023.0,100.0,100.0,100.0,98.0,84.0,44.0
2022,RUNNELS,19.0,2022.0,2022.0,2022.0,2022.0,2022.0,96.0,79.0,37.0
2021,RUNNELS,24.5,1.0,1.0,1.0,1.0,1.0,95.0,71.0,31.0
2020,RUNNELS,32.4,2020.0,93.0,93.0,93.0,93.0,87.0,74.0,34.0
2019,RUNNELS,38.6,2019.0,2019.0,2019.0,2019.0,2019.0,90.0,67.0,42.0
2018,RUNNELS,30.4,2018.0,2018.0,2018.0,2018.0,2018.0,92.0,79.0,33.0
2017,RUNNELS,27.8,2017.0,2017.0,2017.0,2017.0,2017.0,93.0,75.0,30.0
2016,RUNNELS,27.4,2016.0,2016.0,2016.0,2016.0,2016.0,89.0,67.0,24.0
2015,RUNNELS,26.0,2015.0,2015.0,2015.0,2015.0,2015.0,92.0,77.0,41.0
2014,RUNNELS,13.9,2014.0,2014.0,2014.0,2014.0,2014.0,89.0,75.0,42.0
2013,RUNNELS,25.4,2013.0,2013.0,2013.0,2013.0,2013.0,91.0,82.0,43.0
2012,RUNNELS,26.3,2012.0,2012.0,2012.0,2012.0,2012.0,88.0,74.0,14.0
2011,RUNNELS,17.6,2011.0,2011.0,2011.0,2011.0,2011.0,89.0,85.0,36.0
2010,RUNNELS,37.7,2010.0,2010.0,2010.0,2010.0,2010.0,94.0,75.0,40.0
2009,RUNNELS,14.5,2009.0,2009.0,2009.0,2009.0,2009.0,94.0,81.0,42.0
2008,RUNNELS,25.5,2008.0,2008.0,2008.0,2008.0,2008.0,89.0,80.0,30.0
2007,RUNNELS,26.0,2007.0,2007.0,2007.0,2007.0,2007.0,92.0,84.0,41.0
2006,RUNNELS,18.0,2006.0,2006.0,2006.0,2006.0,2006.0,88.0,84.0,41.0
2005,RUNNELS,25.7,2005.0,2005.0,2005.0,2005.0,2005.0,91.0,83.0,61.0
2004,RUNNELS,29.4,2004.0,2004.0,2004.0,2004.0,2004.0,91.0,84.0,55.0
2003,RUNNELS,17.5,2003.0,2003.0,2003.0,2003.0,2003.0,93.0,83.0,52.0
2002,RUNNELS,19.3,2002.0,2002.0,2002.0,2002.0,2002.0,95.0,87.0,59.0
2001,RUNNELS,27.9,2001.0,2001.0,2001.0,2001.0,2001.0,87.0,70.0,22.0
2000,RUNNELS,24.4,2000.0,2000.0,2000.0,2000.0,2000.0,92.0,77.0,40.0
2023,SCURRY,30.7,2023.0,2023.0,100.0,100.0,100.0,98.0,84.0,44.0
2021,SCURRY,26.3,1.0,1.0,1.0,1.0,1.0,95.0,71.0,31.0
2017,SCURRY,19.4,2017.0,2017.0,2017.0,2017.0,2017.0,93.0,75.0,30.0
2016,SCURRY,25.1,2016.0,2016.0,2016.0,2016.0,2016.0,89.0,67.0,24.0
2015,SCURRY,24.0,2015.0,2015.0,2015.0,2015.0,2015.0,92.0,77.0,41.0
2010,SCURRY,26.6,2010.0,2010.0,2010.0,2010.0,2010.0,94.0,75.0,40.0
2009,SCURRY,11.0,2009.0,2009.0,2009.0,2009.0,2009.0,94.0,81.0,42.0
2008,SCURRY,17.0,2008.0,2008.0,2008.0,2008.0,2008.0,89.0,80.0,30.0
2007,SCURRY,20.0,2007.0,2007.0,2007.0,2007.0,2007.0,92.0,84.0,41.0
2006,SCURRY,13.0,2006.0,2006.0,2006.0,2006.0,2006.0,88.0,84.0,41.0
2005,SCURRY,23.0,2005.0,2005.0,2005.0,2005.0,2005.0,91.0,83.0,61.0
2004,SCURRY,26.7,2004.0,2004.0,2004.0,2004.0,2004.0,91.0,84.0,55.0
2003,SCURRY,13.4,2003.0,2003.0,2003.0,2003.0,2003.0,93.0,83.0,52.0
2002,SCURRY,15.5,2002.0,2002.0,2002.0,2002.0,2002.0,95.0,87.0,59.0
2001,SCURRY,16.2,2001.0,2001.0,2001.0,2001.0,2001.0,87.0,70.0,22.0
2000,SCURRY,26.4,2000.0,2000.0,2000.0,2000.0,2000.0,92.0,77.0,40.0
2015,STONEWALL,19.1,2015.0,2015.0,2015.0,2015.0,2015.0,92.0,77.0,41.0
2010,STONEWALL,24.9,2010.0,2010.0,2010.0,2010.0,2010.0,94.0,75.0,40.0
2009,STONEWALL,14.0,2009.0,2009.0,2009.0,2009.0,2009.0,94.0,81.0,42.0
2008,STONEWALL,18.0,2008.0,2008.0,2008.0,2008.0,2008.0,89.0,80.0,30.0
2007,STONEWALL,28.0,2007.0,2007.0,2007.0,2007.0,2007.0,92.0,84.0,41.0
2006,STONEWALL,23.0,2006.0,2006.0,2006.0,2006.0,2006.0,88.0,84.0,41.0
2005,STONEWALL,21.8,2005.0,2005.0,2005.0,2005.0,2005.0,91.0,83.0,61.0
2004,STONEWALL,22.4,2004.0,2004.0,2004.0,2004.0,2004.0,91.0,84.0,55.0
2003,STONEWALL,17.9,2003.0,2003.0,2003.0,2003.0,2003.0,93.0,83.0,52.0
2002,STONEWALL,25.9,2002.0,2002.0,2002.0,2002.0,2002.0,95.0,87.0,59.0
2001,STONEWALL,25.9,2001.0,2001.0,2001.0,2001.0,2001.0,87.0,70.0,22.0
2000,STONEWALL,27.2,2000.0,2000.0,2000.0,2000.0,2000.0,92.0,77.0,40.0
2023,TAYLOR,16.1,2023.0,2023.0,100.0,100.0,100.0,98.0,84.0,44.0
2021,TAYLOR,34.5,1.0,1.0,1.0,1.0,1.0,95.0,71.0,31.0
2020,TAYLOR,25.7,2020.0,93.0,93.0,93.0,93.0,87.0,74.0,34.0
2019,TAYLOR,20.9,2019.0,2019.0,2019.0,2019.0,2019.0,90.0,67.0,42.0
2018,TAYLOR,27.1,2018.0,2018.0,2018.0,2018.0,2018.0,92.0,79.0,33.0
2017,TAYLOR,23.3,2017.0,2017.0,2017.0,2017.0,2017.0,93.0,75.0,30.0
2016,TAYLOR,28.1,2016.0,2016.0,2016.0,2016.0,2016.0,89.0,67.0,24.0
2015,TAYLOR,25.0,2015.0,2015.0,2015.0,2015.0,2015.0,92.0,77.0,41.0
2014,TAYLOR,20.9,2014.0,2014.0,2014.0,2014.0,2014.0,89.0,75.0,42.0
2013,TAYLOR,19.0,2013.0,2013.0,2013.0,2013.0,2013.0,91.0,82.0,43.0
2012,TAYLOR,24.0,2012.0,2012.0,2012.0,2012.0,2012.0,88.0,74.0,14.0
2011,TAYLOR,16.3,2011.0,2011.0,2011.0,2011.0,2011.0,89.0,85.0,36.0
2010,TAYLOR,30.7,2010.0,2010.0,2010.0,2010.0,2010.0,94.0,75.0,40.0
2009,TAYLOR,13.5,2009.0,2009.0,2009.0,2009.0,2009.0,94.0,81.0,42.0
2008,TAYLOR,29.0,2008.0,2008.0,2008.0,2008.0,2008.0,89.0,80.0,30.0
2007,TAYLOR,27.0,2007.0,2007.0,2007.0,2007.0,2007.0,92.0,84.0,41.0
2006,TAYLOR,12.0,2006.0,2006.0,2006.0,2006.0,2006.0,88.0,84.0,41.0
2005,TAYLOR,22.1,2005.0,2005.0,2005.0,2005.0,2005.0,91.0,83.0,61.0
2004,TAYLOR,27.7,2004.0,2004.0,2004.0,2004.0,2004.0,91.0,84.0,55.0
2003,TAYLOR,18.5,2003.0,2003.0,2003.0,2003.0,2003.0,93.0,83.0,52.0
2002,TAYLOR,26.2,2002.0,2002.0,2002.0,2002.0,2002.0,95.0,87.0,59.0
2001,TAYLOR,32.2,2001.0,2001.0,2001.0,2001.0,2001.0,87.0,70.0,22.0
2000,TAYLOR,19.3,2000.0,2000.0,2000.0,2000.0,2000.0,92.0,77.0,40.0
2019,OTHER (COMBINED) COUNTIES,24.7,2019.0,2019.0,2019.0,2019.0,2019.0,90.0,67.0,42.0
2018,OTHER (COMBINED) COUNTIES,26.9,2018.0,2018.0,2018.0,2018.0,2018.0,92.0,79.0,33.0
2017,OTHER (COMBINED) COUNTIES,24.6,2017.0,2017.0,2017.0,2017.0,2017.0,93.0,75.0,30.0
2016,OTHER (COMBINED) COUNTIES,18.4,2016.0,2016.0,2016.0,2016.0,2016.0,89.0,67.0,24.0
2015,OTHER (COMBINED) COUNTIES,24.2,2015.0,2015.0,2015.0,2015.0,2015.0,92.0,77.0,41.0
2014,OTHER (COMBINED) COUNTIES,17.9,2014.0,2014.0,2014.0,2014.0,2014.0,89.0,75.0,42.0
2013,OTHER (COMBINED) COUNTIES,35.3,2013.0,2013.0,2013.0,2013.0,2013.0,91.0,82.0,43.0
2012,OTHER (COMBINED) COUNTIES,46.7,2012.0,2012.0,2012.0,2012.0,2012.0,88.0,74.0,14.0
2011,OTHER (COMBINED) COUNTIES,10.4,2011.0,2011.0,2011.0,2011.0,2011.0,89.0,85.0,36.0
2010,OTHER (COMBINED) COUNTIES,25.8,2010.0,2010.0,2010.0,2010.0,2010.0,94.0,75.0,40.0
2009,OTHER (COMBINED) COUNTIES,16.5,2009.0,2009.0,2009.0,2009.0,2009.0,94.0,81.0,42.0
2008,OTHER (COMBINED) COUNTIES,25.5,2008.0,2008.0,2008.0,2008.0,2008.0,89.0,80.0,30.0
2007,OTHER (COMBINED) COUNTIES,26.0,2007.0,2007.0,2007.0,2007.0,2007.0,92.0,84.0,41.0
2006,OTHER (COMBINED) COUNTIES,10.0,2006.0,2006.0,2006.0,2006.0,2006.0,88.0,84.0,41.0
2005,OTHER (COMBINED) COUNTIES,22.5,2005.0,2005.0,2005.0,2005.0,2005.0,91.0,83.0,61.0
2004,OTHER (COMBINED) COUNTIES,26.1,2004.0,2004.0,2004.0,2004.0,2004.0,91.0,84.0,55.0
2003,OTHER (COMBINED) COUNTIES,25.0,2003.0,2003.0,2003.0,2003.0,2003.0,93.0,83.0,52.0
2002,OTHER (COMBINED) COUNTIES,30.0,2002.0,2002.0,2002.0,2002.0,2002.0,95.0,87.0,59.0
2001,OTHER (COMBINED) COUNTIES,30.0,2001.0,2001.0,2001.0,2001.0,2001.0,87.0,70.0,22.0
2000,OTHER (COMBINED) COUNTIES,0.0,2000.0,2000.0,2000.0,2000.0,2000.0,92.0,77.0,40.0
2025,ARCHER,21.6,2025.0,2025.0,2025.0,2025.0,2025.0,93.0,70.0,43.0
2023,ARCHER,34.5,2023.0,2023.0,100.0,100.0,100.0,98.0,84.0,44.0
2021,ARCHER,33.2,1.0,1.0,1.0,1.0,1.0,95.0,71.0,31.0
2020,ARCHER,16.1,2020.0,93.0,93.0,93.0,93.0,87.0,74.0,34.0
2019,ARCHER,28.1,2019.0,2019.0,2019.0,2019.0,2019.0,90.0,67.0,42.0
2018,ARCHER,29.2,2018.0,2018.0,2018.0,2018.0,2018.0,92.0,79.0,33.0
2017,ARCHER,17.7,2017.0,2017.0,2017.0,2017.0,2017.0,93.0,75.0,30.0
2016,ARCHER,25.8,2016.0,2016.0,2016.0,2016.0,2016.0,89.0,67.0,24.0
2015,ARCHER,21.5,2015.0,2015.0,2015.0,2015.0,2015.0,92.0,77.0,41.0
2014,ARCHER,13.1,2014.0,2014.0,2014.0,2014.0,2014.0,89.0,75.0,42.0
2013,ARCHER,21.9,2013.0,2013.0,2013.0,2013.0,2013.0,91.0,82.0,43.0
2012,ARCHER,36.7,2012.0,2012.0,2012.0,2012.0,2012.0,88.0,74.0,14.0
2011,ARCHER,11.9,2011.0,2011.0,2011.0,2011.0,2011.0,89.0,85.0,36.0
2010,ARCHER,26.6,2010.0,2010.0,2010.0,2010.0,2010.0,94.0,75.0,40.0
2009,ARCHER,11.5,2009.0,2009.0,2009.0,2009.0,2009.0,94.0,81.0,42.0
2008,ARCHER,27.0,2008.0,2008.0,2008.0,2008.0,2008.0,89.0,80.0,30.0
2007,ARCHER,31.0,2007.0,2007.0,2007.0,2007.0,2007.0,92.0,84.0,41.0
2006,ARCHER,18.0,2006.0,2006.0,2006.0,2006.0,2006.0,88.0,84.0,41.0
2005,ARCHER,22.5,2005.0,2005.0,2005.0,2005.0,2005.0,91.0,83.0,61.0
2004,ARCHER,26.1,2004.0,2004.0,2004.0,2004.0,2004.0,91.0,84.0,55.0
2003,ARCHER,24.5,2003.0,2003.0,2003.0,2003.0,2003.0,93.0,83.0,52.0
2002,ARCHER,27.3,2002.0,2002.0,2002.0,2002.0,2002.0,95.0,87.0,59.0
2001,ARCHER,26.5,2001.0,2001.0,2001.0,2001.0,2001.0,87.0,70.0,22.0
2000,ARCHER,20.7,2000.0,2000.0,2000.0,2000.0,2000.0,92.0,77.0,40.0
2023,BROWN,32.2,2023.0,2023.0,100.0,100.0,100.0,98.0,84.0,44.0
2022,BROWN,14.1,2022.0,2022.0,2022.0,2022.0,2022.0,96.0,79.0,37.0
2021,BROWN,28.7,1.0,1.0,1.0,1.0,1.0,95.0,71.0,31.0
2020,BROWN,33.3,2020.0,93.0,93.0,93.0,93.0,87.0,74.0,34.0
2019,BROWN,38.9,2019.0,2019.0,2019.0,2019.0,2019.0,90.0,67.0,42.0
2017,BROWN,17.0,2017.0,2017.0,2017.0,2017.0,2017.0,93.0,75.0,30.0
2016,BROWN,13.0,2016.0,2016.0,2016.0,2016.0,2016.0,89.0,67.0,24.0
2015,BROWN,21.4,2015.0,2015.0,2015.0,2015.0,2015.0,92.0,77.0,41.0
2014,BROWN,13.6,2014.0,2014.0,2014.0,2014.0,2014.0,89.0,75.0,42.0
2013,BROWN,11.3,2013.0,2013.0,2013.0,2013.0,2013.0,91.0,82.0,43.0
2012,BROWN,35.6,2012.0,2012.0,2012.0,2012.0,2012.0,88.0,74.0,14.0
2010,BROWN,23.0,2010.0,2010.0,2010.0,2010.0,2010.0,94.0,75.0,40.0
2008,BROWN,22.5,2008.0,2008.0,2008.0,2008.0,2008.0,89.0,80.0,30.0
2007,BROWN,17.0,2007.0,2007.0,2007.0,2007.0,2007.0,92.0,84.0,41.0
2006,BROWN,28.0,2006.0,2006.0,2006.0,2006.0,2006.0,88.0,84.0,41.0
2005,BROWN,20.0,2005.0,2005.0,2005.0,2005.0,2005.0,91.0,83.0,61.0
2004,BROWN,25.5,2004.0,2004.0,2004.0,2004.0,2004.0,91.0,84.0,55.0
2003,BROWN,20.4,2003.0,2003.0,2003.0,2003.0,2003.0,93.0,83.0,52.0
2002,BROWN,25.5,2002.0,2002.0,2002.0,2002.0,2002.0,95.0,87.0,59.0
2001,BROWN,24.9,2001.0,2001.0,2001.0,2001.0,2001.0,87.0,70.0,22.0
2000,BROWN,16.0,2000.0,2000.0,2000.0,2000.0,2000.0,92.0,77.0,40.0
2025,CALLAHAN,35.6,2025.0,2025.0,2025.0,2025.0,2025.0,93.0,70.0,43.0
2022,CALLAHAN,24.6,2022.0,2022.0,2022.0,2022.0,2022.0,96.0,79.0,37.0
2021,CALLAHAN,31.3,1.0,1.0,1.0,1.0,1.0,95.0,71.0,31.0
2020,CALLAHAN,40.1,2020.0,93.0,93.0,93.0,93.0,87.0,74.0,34.0
2019,CALLAHAN,27.6,2019.0,2019.0,2019.0,2019.0,2019.0,90.0,67.0,42.0
2018,CALLAHAN,29.7,2018.0,2018.0,2018.0,2018.0,2018.0,92.0,79.0,33.0
2017,CALLAHAN,22.6,2017.0,2017.0,2017.0,2017.0,2017.0,93.0,75.0,30.0
2016,CALLAHAN,32.3,2016.0,2016.0,2016.0,2016.0,2016.0,89.0,67.0,24.0
2015,CALLAHAN,25.1,2015.0,2015.0,2015.0,2015.0,2015.0,92.0,77.0,41.0
2014,CALLAHAN,11.5,2014.0,2014.0,2014.0,2014.0,2014.0,89.0,75.0,42.0
2013,CALLAHAN,13.7,2013.0,2013.0,2013.0,2013.0,2013.0,91.0,82.0,43.0
2012,CALLAHAN,28.1,2012.0,2012.0,2012.0,2012.0,2012.0,88.0,74.0,14.0
2011,CALLAHAN,14.9,2011.0,2011.0,2011.0,2011.0,2011.0,89.0,85.0,36.0
2010,CALLAHAN,30.0,2010.0,2010.0,2010.0,2010.0,2010.0,94.0,75.0,40.0
2009,CALLAHAN,13.0,2009.0,2009.0,2009.0,2009.0,2009.0,94.0,81.0,42.0
2008,CALLAHAN,21.5,2008.0,2008.0,2008.0,2008.0,2008.0,89.0,80.0,30.0
2007,CALLAHAN,22.0,2007.0,2007.0,2007.0,2007.0,2007.0,92.0,84.0,41.0
2006,CALLAHAN,17.0,2006.0,2006.0,2006.0,2006.0,2006.0,88.0,84.0,41.0
2005,CALLAHAN,24.0,2005.0,2005.0,2005.0,2005.0,2005.0,91.0,83.0,61.0
2004,CALLAHAN,25.8,2004.0,2004.0,2004.0,2004.0,2004.0,91.0,84.0,55.0
2003,CALLAHAN,20.1,2003.0,2003.0,2003.0,2003.0,2003.0,93.0,83.0,52.0
2002,CALLAHAN,26.6,2002.0,2002.0,2002.0,2002.0,2002.0,95.0,87.0,59.0
2001,CALLAHAN,35.6,2001.0,2001.0,2001.0,2001.0,2001.0,87.0,70.0,22.0
2000,CALLAHAN,14.9,2000.0,2000.0,2000.0,2000.0,2000.0,92.0,77.0,40.0
2023,CLAY,45.8,2023.0,2023.0,100.0,100.0,100.0,98.0,84.0,44.0
2022,CLAY,22.6,2022.0,2022.0,2022.0,2022.0,2022.0,96.0,79.0,37.0
2021,CLAY,33.5,1.0,1.0,1.0,1.0,1.0,95.0,71.0,31.0
2020,CLAY,22.2,2020.0,93.0,93.0,93.0,93.0,87.0,74.0,34.0
2019,CLAY,25.4,2019.0,2019.0,2019.0,2019.0,2019.0,90.0,67.0,42.0
2018,CLAY,30.0,2018.0,2018.0,2018.0,2018.0,2018.0,92.0,79.0,33.0
2017,CLAY,21.2,2017.0,2017.0,2017.0,2017.0,2017.0,93.0,75.0,30.0
2016,CLAY,22.2,2016.0,2016.0,2016.0,2016.0,2016.0,89.0,67.0,24.0
2015,CLAY,25.2,2015.0,2015.0,2015.0,2015.0,2015.0,92.0,77.0,41.0
2014,CLAY,23.5,2014.0,2014.0,2014.0,2014.0,2014.0,89.0,75.0,42.0
2013,CLAY,24.5,2013.0,2013.0,2013.0,2013.0,2013.0,91.0,82.0,43.0
2012,CLAY,37.4,2012.0,2012.0,2012.0,2012.0,2012.0,88.0,74.0,14.0
2011,CLAY,15.0,2011.0,2011.0,2011.0,2011.0,2011.0,89.0,85.0,36.0
2010,CLAY,28.9,2010.0,2010.0,2010.0,2010.0,2010.0,94.0,75.0,40.0
2009,CLAY,9.5,2009.0,2009.0,2009.0,2009.0,2009.0,94.0,81.0,42.0
2008,CLAY,32.5,2008.0,2008.0,2008.0,2008.0,2008.0,89.0,80.0,30.0
2007,CLAY,21.0,2007.0,2007.0,2007.0,2007.0,2007.0,92.0,84.0,41.0
2006,CLAY,26.0,2006.0,2006.0,2006.0,2006.0,2006.0,88.0,84.0,41.0
2005,CLAY,26.1,2005.0,2005.0,2005.0,2005.0,2005.0,91.0,83.0,61.0
2004,CLAY,27.1,2004.0,2004.0,2004.0,2004.0,2004.0,91.0,84.0,55.0
2003,CLAY,27.3,2003.0,2003.0,2003.0,2003.0,2003.0,93.0,83.0,52.0
2002,CLAY,29.0,2002.0,2002.0,2002.0,2002.0,2002.0,95.0,87.0,59.0
2001,CLAY,30.3,2001.0,2001.0,2001.0,2001.0,2001.0,87.0,70.0,22.0
2000,CLAY,30.2,2000.0,2000.0,2000.0,2000.0,2000.0,92.0,77.0,40.0
2022,COMANCHE,43.2,2022.0,2022.0,2022.0,2022.0,2022.0,96.0,79.0,37.0
2015,COMANCHE,30.3,2015.0,2015.0,2015.0,2015.0,2015.0,92.0,77.0,41.0
2013,COMANCHE,32.3,2013.0,2013.0,2013.0,2013.0,2013.0,91.0,82.0,43.0
2012,COMANCHE,36.6,2012.0,2012.0,2012.0,2012.0,2012.0,88.0,74.0,14.0
2010,COMANCHE,25.8,2010.0,2010.0,2010.0,2010.0,2010.0,94.0,75.0,40.0
2006,COMANCHE,46.0,2006.0,2006.0,2006.0,2006.0,2006.0,88.0,84.0,41.0
2005,COMANCHE,32.4,2005.0,2005.0,2005.0,2005.0,2005.0,91.0,83.0,61.0
2004,COMANCHE,53.0,2004.0,2004.0,2004.0,2004.0,2004.0,91.0,84.0,55.0
2003,COMANCHE,32.2,2003.0,2003.0,2003.0,2003.0,2003.0,93.0,83.0,52.0
2002,COMANCHE,32.9,2002.0,2002.0,2002.0,2002.0,2002.0,95.0,87.0,59.0
2001,COMANCHE,29.0,2001.0,2001.0,2001.0,2001.0,2001.0,87.0,70.0,22.0
2000,COMANCHE,22.0,2000.0,2000.0,2000.0,2000.0,2000.0,92.0,77.0,40.0
2015,EASTLAND,15.0,2015.0,2015.0,2015.0,2015.0,2015.0,92.0,77.0,41.0
2014,EASTLAND,9.0,2014.0,2014.0,2014.0,2014.0,2014.0,89.0,75.0,42.0
2013,EASTLAND,28.0,2013.0,2013.0,2013.0,2013.0,2013.0,91.0,82.0,43.0
2012,EASTLAND,18.0,2012.0,2012.0,2012.0,2012.0,2012.0,88.0,74.0,14.0
2011,EASTLAND,11.5,2011.0,2011.0,2011.0,2011.0,2011.0,89.0,85.0,36.0
2010,EASTLAND,35.4,2010.0,2010.0,2010.0,2010.0,2010.0,94.0,75.0,40.0
2008,EASTLAND,30.0,2008.0,2008.0,2008.0,2008.0,2008.0,89.0,80.0,30.0
2007,EASTLAND,25.0,2007.0,2007.0,2007.0,2007.0,2007.0,92.0,84.0,41.0
2006,EASTLAND,28.0,2006.0,2006.0,2006.0,2006.0,2006.0,88.0,84.0,41.0
2005,EASTLAND,25.6,2005.0,2005.0,2005.0,2005.0,2005.0,91.0,83.0,61.0
2004,EASTLAND,21.6,2004.0,2004.0,2004.0,2004.0,2004.0,91.0,84.0,55.0
2003,EASTLAND,25.3,2003.0,2003.0,2003.0,2003.0,2003.0,93.0,83.0,52.0
2002,EASTLAND,30.0,2002.0,2002.0,2002.0,2002.0,2002.0,95.0,87.0,59.0
2001,EASTLAND,26.2,2001.0,2001.0,2001.0,2001.0,2001.0,87.0,70.0,22.0
2000,EASTLAND,13.3,2000.0,2000.0,2000.0,2000.0,2000.0,92.0,77.0,40.0
2007,ERATH,23.0,2007.0,2007.0,2007.0,2007.0,2007.0,92.0,84.0,41.0
2006,ERATH,35.0,2006.0,2006.0,2006.0,2006.0,2006.0,88.0,84.0,41.0
2005,ERATH,35.0,2005.0,2005.0,2005.0,2005.0,2005.0,91.0,83.0,61.0
2004,ERATH,28.3,2004.0,2004.0,2004.0,2004.0,2004.0,91.0,84.0,55.0
2003,ERATH,37.3,2003.0,2003.0,2003.0,2003.0,2003.0,93.0,83.0,52.0
2002,ERATH,35.0,2002.0,2002.0,2002.0,2002.0,2002.0,95.0,87.0,59.0
2001,ERATH,31.3,2001.0,2001.0,2001.0,2001.0,2001.0,87.0,70.0,22.0
2000,ERATH,24.0,2000.0,2000.0,2000.0,2000.0,2000.0,92.0,77.0,40.0
2008,HOOD,23.5,2008.0,2008.0,2008.0,2008.0,2008.0,89.0,80.0,30.0
2007,HOOD,40.0,2007.0,2007.0,2007.0,2007.0,2007.0,92.0,84.0,41.0
2006,HOOD,20.0,2006.0,2006.0,2006.0,2006.0,2006.0,88.0,84.0,41.0
2005,HOOD,19.0,2005.0,2005.0,2005.0,2005.0,2005.0,91.0,83.0,61.0
2004,HOOD,51.4,2004.0,2004.0,2004.0,2004.0,2004.0,91.0,84.0,55.0
2003,HOOD,30.0,2003.0,2003.0,2003.0,2003.0,2003.0,93.0,83.0,52.0
2000,HOOD,16.0,2000.0,2000.0,2000.0,2000.0,2000.0,92.0,77.0,40.0
2021,JACK,16.5,1.0,1.0,1.0,1.0,1.0,95.0,71.0,31.0
2018,JACK,27.8,2018.0,2018.0,2018.0,2018.0,2018.0,92.0,79.0,33.0
2017,JACK,14.1,2017.0,2017.0,2017.0,2017.0,2017.0,93.0,75.0,30.0
2015,JACK,43.8,2015.0,2015.0,2015.0,2015.0,2015.0,92.0,77.0,41.0
2012,JACK,37.0,2012.0,2012.0,2012.0,2012.0,2012.0,88.0,74.0,14.0
2010,JACK,25.5,2010.0,2010.0,2010.0,2010.0,2010.0,94.0,75.0,40.0
2008,JACK,25.0,2008.0,2008.0,2008.0,2008.0,2008.0,89.0,80.0,30.0
2006,JACK,17.0,2006.0,2006.0,2006.0,2006.0,2006.0,88.0,84.0,41.0
2005,JACK,21.7,2005.0,2005.0,2005.0,2005.0,2005.0,91.0,83.0,61.0
2004,JACK,26.3,2004.0,2004.0,2004.0,2004.0,2004.0,91.0,84.0,55.0
2003,JACK,24.2,2003.0,2003.0,2003.0,2003.0,2003.0,93.0,83.0,52.0
2002,JACK,28.0,2002.0,2002.0,2002.0,2002.0,2002.0,95.0,87.0,59.0
2001,JACK,20.0,2001.0,2001.0,2001.0,2001.0,2001.0,87.0,70.0,22.0
2000,JACK,25.0,2000.0,2000.0,2000.0,2000.0,2000.0,92.0,77.0,40.0
2018,MILLS,30.5,2018.0,2018.0,2018.0,2018.0,2018.0,92.0,79.0,33.0
2016,MILLS,25.0,2016.0,2016.0,2016.0,2016.0,2016.0,89.0,67.0,24.0
2015,MILLS,32.5,2015.0,2015.0,2015.0,2015.0,2015.0,92.0,77.0,41.0
2014,MILLS,20.0,2014.0,2014.0,2014.0,2014.0,2014.0,89.0,75.0,42.0
2012,MILLS,46.0,2012.0,2012.0,2012.0,2012.0,2012.0,88.0,74.0,14.0
2011,MILLS,17.7,2011.0,2011.0,2011.0,2011.0,2011.0,89.0,85.0,36.0
2010,MILLS,22.0,2010.0,2010.0,2010.0,2010.0,2010.0,94.0,75.0,40.0
2009,MILLS,12.0,2009.0,2009.0,2009.0,2009.0,2009.0,94.0,81.0,42.0
2008,MILLS,23.0,2008.0,2008.0,2008.0,2008.0,2008.0,89.0,80.0,30.0
2007,MILLS,40.0,2007.0,2007.0,2007.0,2007.0,2007.0,92.0,84.0,41.0
2003,MILLS,25.2,2003.0,2003.0,2003.0,2003.0,2003.0,93.0,83.0,52.0
2002,MILLS,25.0,2002.0,2002.0,2002.0,2002.0,2002.0,95.0,87.0,59.0
2001,MILLS,30.0,2001.0,2001.0,2001.0,2001.0,2001.0,87.0,70.0,22.0
2000,MILLS,26.0,2000.0,2000.0,2000.0,2000.0,2000.0,92.0,77.0,40.0
2022,MONTAGUE,11.9,2022.0,2022.0,2022.0,2022.0,2022.0,96.0,79.0,37.0
2021,MONTAGUE,21.1,1.0,1.0,1.0,1.0,1.0,95.0,71.0,31.0
2020,MONTAGUE,15.8,2020.0,93.0,93.0,93.0,93.0,87.0,74.0,34.0
2019,MONTAGUE,33.5,2019.0,2019.0,2019.0,2019.0,2019.0,90.0,67.0,42.0
2017,MONTAGUE,32.9,2017.0,2017.0,2017.0,2017.0,2017.0,93.0,75.0,30.0
2015,MONTAGUE,18.8,2015.0,2015.0,2015.0,2015.0,2015.0,92.0,77.0,41.0
2013,MONTAGUE,19.2,2013.0,2013.0,2013.0,2013.0,2013.0,91.0,82.0,43.0
2012,MONTAGUE,30.0,2012.0,2012.0,2012.0,2012.0,2012.0,88.0,74.0,14.0
2011,MONTAGUE,11.2,2011.0,2011.0,2011.0,2011.0,2011.0,89.0,85.0,36.0
2010,MONTAGUE,23.5,2010.0,2010.0,2010.0,2010.0,2010.0,94.0,75.0,40.0
2008,MONTAGUE,22.5,2008.0,2008.0,2008.0,2008.0,2008.0,89.0,80.0,30.0
2007,MONTAGUE,22.0,2007.0,2007.0,2007.0,2007.0,2007.0,92.0,84.0,41.0
2006,MONTAGUE,36.0,2006.0,2006.0,2006.0,2006.0,2006.0,88.0,84.0,41.0
2005,MONTAGUE,43.9,2005.0,2005.0,2005.0,2005.0,2005.0,91.0,83.0,61.0
2004,MONTAGUE,41.8,2004.0,2004.0,2004.0,2004.0,2004.0,91.0,84.0,55.0
2003,MONTAGUE,30.3,2003.0,2003.0,2003.0,2003.0,2003.0,93.0,83.0,52.0
2002,MONTAGUE,29.7,2002.0,2002.0,2002.0,2002.0,2002.0,95.0,87.0,59.0
2001,MONTAGUE,26.9,2001.0,2001.0,2001.0,2001.0,2001.0,87.0,70.0,22.0
2000,MONTAGUE,28.8,2000.0,2000.0,2000.0,2000.0,2000.0,92.0,77.0,40.0
2008,PALO PINTO,15.0,2008.0,2008.0,2008.0,2008.0,2008.0,89.0,80.0,30.0
2006,PALO PINTO,20.0,2006.0,2006.0,2006.0,2006.0,2006.0,88.0,84.0,41.0
2005,PALO PINTO,27.9,2005.0,2005.0,2005.0,2005.0,2005.0,91.0,83.0,61.0
2004,PALO PINTO,33.8,2004.0,2004.0,2004.0,2004.0,2004.0,91.0,84.0,55.0
2003,PALO PINTO,20.0,2003.0,2003.0,2003.0,2003.0,2003.0,93.0,83.0,52.0
2002,PALO PINTO,30.8,2002.0,2002.0,2002.0,2002.0,2002.0,95.0,87.0,59.0
2001,PALO PINTO,38.6,2001.0,2001.0,2001.0,2001.0,2001.0,87.0,70.0,22.0
2000,PALO PINTO,23.0,2000.0,2000.0,2000.0,2000.0,2000.0,92.0,77.0,40.0
2007,PARKER,47.0,2007.0,2007.0,2007.0,2007.0,2007.0,92.0,84.0,41.0
2006,PARKER,21.0,2006.0,2006.0,2006.0,2006.0,2006.0,88.0,84.0,41.0
2005,PARKER,25.5,2005.0,2005.0,2005.0,2005.0,2005.0,91.0,83.0,61.0
2004,PARKER,20.0,2004.0,2004.0,2004.0,2004.0,2004.0,91.0,84.0,55.0
2003,PARKER,25.0,2003.0,2003.0,2003.0,2003.0,2003.0,93.0,83.0,52.0
2002,PARKER,28.6,2002.0,2002.0,2002.0,2002.0,2002.0,95.0,87.0,59.0
2001,PARKER,30.0,2001.0,2001.0,2001.0,2001.0,2001.0,87.0,70.0,22.0
2000,PARKER,23.0,2000.0,2000.0,2000.0,2000.0,2000.0,92.0,77.0,40.0
2019,SHACKELFORD,21.0,2019.0,2019.0,2019.0,2019.0,2019.0,90.0,67.0,42.0
2017,SHACKELFORD,14.3,2017.0,2017.0,2017.0,2017.0,2017.0,93.0,75.0,30.0
2016,SHACKELFORD,33.6,2016.0,2016.0,2016.0,2016.0,2016.0,89.0,67.0,24.0
2015,SHACKELFORD,21.1,2015.0,2015.0,2015.0,2015.0,2015.0,92.0,77.0,41.0
2014,SHACKELFORD,13.0,2014.0,2014.0,2014.0,2014.0,2014.0,89.0,75.0,42.0
2013,SHACKELFORD,14.4,2013.0,2013.0,2013.0,2013.0,2013.0,91.0,82.0,43.0
2012,SHACKELFORD,24.1,2012.0,2012.0,2012.0,2012.0,2012.0,88.0,74.0,14.0
2011,SHACKELFORD,16.2,2011.0,2011.0,2011.0,2011.0,2011.0,89.0,85.0,36.0
2010,SHACKELFORD,28.9,2010.0,2010.0,2010.0,2010.0,2010.0,94.0,75.0,40.0
2008,SHACKELFORD,24.0,2008.0,2008.0,2008.0,2008.0,2008.0,89.0,80.0,30.0
2007,SHACKELFORD,29.0,2007.0,2007.0,2007.0,2007.0,2007.0,92.0,84.0,41.0
2006,SHACKELFORD,15.0,2006.0,2006.0,2006.0,2006.0,2006.0,88.0,84.0,41.0
2005,SHACKELFORD,22.6,2005.0,2005.0,2005.0,2005.0,2005.0,91.0,83.0,61.0
2004,SHACKELFORD,23.3,2004.0,2004.0,2004.0,2004.0,2004.0,91.0,84.0,55.0
2003,SHACKELFORD,18.1,2003.0,2003.0,2003.0,2003.0,2003.0,93.0,83.0,52.0
2002,SHACKELFORD,25.6,2002.0,2002.0,2002.0,2002.0,2002.0,95.0,87.0,59.0
2001,SHACKELFORD,25.8,2001.0,2001.0,2001.0,2001.0,2001.0,87.0,70.0,22.0
2000,SHACKELFORD,20.5,2000.0,2000.0,2000.0,2000.0,2000.0,92.0,77.0,40.0
2012,STEPHENS,26.0,2012.0,2012.0,2012.0,2012.0,2012.0,88.0,74.0,14.0
2011,STEPHENS,11.0,2011.0,2011.0,2011.0,2011.0,2011.0,89.0,85.0,36.0
2006,STEPHENS,17.0,2006.0,2006.0,2006.0,2006.0,2006.0,88.0,84.0,41.0
2005,STEPHENS,25.0,2005.0,2005.0,2005.0,2005.0,2005.0,91.0,83.0,61.0
2004,STEPHENS,20.0,2004.0,2004.0,2004.0,2004.0,2004.0,91.0,84.0,55.0
2003,STEPHENS,23.2,2003.0,2003.0,2003.0,2003.0,2003.0,93.0,83.0,52.0
2002,STEPHENS,18.2,2002.0,2002.0,2002.0,2002.0,2002.0,95.0,87.0,59.0
2001,STEPHENS,26.0,2001.0,2001.0,2001.0,2001.0,2001.0,87.0,70.0,22.0
2000,STEPHENS,24.0,2000.0,2000.0,2000.0,2000.0,2000.0,92.0,77.0,40.0
2023,THROCKMORTON,38.5,2023.0,2023.0,100.0,100.0,100.0,98.0,84.0,44.0
2021,THROCKMORTON,31.0,1.0,1.0,1.0,1.0,1.0,95.0,71.0,31.0
2020,THROCKMORTON,37.5,2020.0,93.0,93.0,93.0,93.0,87.0,74.0,34.0
2019,THROCKMORTON,28.0,2019.0,2019.0,2019.0,2019.0,2019.0,90.0,67.0,42.0
2018,THROCKMORTON,29.1,2018.0,2018.0,2018.0,2018.0,2018.0,92.0,79.0,33.0
2017,THROCKMORTON,23.8,2017.0,2017.0,2017.0,2017.0,2017.0,93.0,75.0,30.0
2015,THROCKMORTON,19.9,2015.0,2015.0,2015.0,2015.0,2015.0,92.0,77.0,41.0
2014,THROCKMORTON,16.1,2014.0,2014.0,2014.0,2014.0,2014.0,89.0,75.0,42.0
2013,THROCKMORTON,11.4,2013.0,2013.0,2013.0,2013.0,2013.0,91.0,82.0,43.0
2012,THROCKMORTON,30.7,2012.0,2012.0,2012.0,2012.0,2012.0,88.0,74.0,14.0
2011,THROCKMORTON,11.2,2011.0,2011.0,2011.0,2011.0,2011.0,89.0,85.0,36.0
2010,THROCKMORTON,29.2,2010.0,2010.0,2010.0,2010.0,2010.0,94.0,75.0,40.0
2009,THROCKMORTON,8.5,2009.0,2009.0,2009.0,2009.0,2009.0,94.0,81.0,42.0
2008,THROCKMORTON,16.5,2008.0,2008.0,2008.0,2008.0,2008.0,89.0,80.0,30.0
2007,THROCKMORTON,22.0,2007.0,2007.0,2007.0,2007.0,2007.0,92.0,84.0,41.0
2006,THROCKMORTON,14.0,2006.0,2006.0,2006.0,2006.0,2006.0,88.0,84.0,41.0
2005,THROCKMORTON,33.1,2005.0,2005.0,2005.0,2005.0,2005.0,91.0,83.0,61.0
2004,THROCKMORTON,28.7,2004.0,2004.0,2004.0,2004.0,2004.0,91.0,84.0,55.0
2003,THROCKMORTON,21.6,2003.0,2003.0,2003.0,2003.0,2003.0,93.0,83.0,52.0
2002,THROCKMORTON,30.6,2002.0,2002.0,2002.0,2002.0,2002.0,95.0,87.0,59.0
2001,THROCKMORTON,28.3,2001.0,2001.0,2001.0,2001.0,2001.0,87.0,70.0,22.0
2000,THROCKMORTON,19.0,2000.0,2000.0,2000.0,2000.0,2000.0,92.0,77.0,40.0
2022,WISE,20.2,2022.0,2022.0,2022.0,2022.0,2022.0,96.0,79.0,37.0
2021,WISE,42.0,1.0,1.0,1.0,1.0,1.0,95.0,71.0,31.0
2020,WISE,29.4,2020.0,93.0,93.0,93.0,93.0,87.0,74.0,34.0
2019,WISE,38.0,2019.0,2019.0,2019.0,2019.0,2019.0,90.0,67.0,42.0
2018,WISE,33.7,2018.0,2018.0,2018.0,2018.0,2018.0,92.0,79.0,33.0
2017,WISE,18.1,2017.0,2017.0,2017.0,2017.0,2017.0,93.0,75.0,30.0
2016,WISE,34.2,2016.0,2016.0,2016.0,2016.0,2016.0,89.0,67.0,24.0
2015,WISE,18.2,2015.0,2015.0,2015.0,2015.0,2015.0,92.0,77.0,41.0
2011,WISE,18.3,2011.0,2011.0,2011.0,2011.0,2011.0,89.0,85.0,36.0
2010,WISE,26.0,2010.0,2010.0,2010.0,2010.0,2010.0,94.0,75.0,40.0
2009,WISE,16.0,2009.0,2009.0,2009.0,2009.0,2009.0,94.0,81.0,42.0
2008,WISE,25.5,2008.0,2008.0,2008.0,2008.0,2008.0,89.0,80.0,30.0
2007,WISE,12.0,2007.0,2007.0,2007.0,2007.0,2007.0,92.0,84.0,41.0
2006,WISE,19.0,2006.0,2006.0,2006.0,2006.0,2006.0,88.0,84.0,41.0
2005,WISE,26.3,2005.0,2005.0,2005.0,2005.0,2005.0,91.0,83.0,61.0
2004,WISE,25.2,2004.0,2004.0,2004.0,2004.0,2004.0,91.0,84.0,55.0
2003,WISE,28.6,2003.0,2003.0,2003.0,2003.0,2003.0,93.0,83.0,52.0
2002,WISE,30.0,2002.0,2002.0,2002.0,2002.0,2002.0,95.0,87.0,59.0
2001,WISE,30.0,2001.0,2001.0,2001.0,2001.0,2001.0,87.0,70.0,22.0
2000,WISE,31.0,2000.0,2000.0,2000.0,2000.0,2000.0,92.0,77.0,40.0
2022,YOUNG,22.0,2022.0,2022.0,2022.0,2022.0,2022.0,96.0,79.0,37.0
2021,YOUNG,32.1,1.0,1.0,1.0,1.0,1.0,95.0,71.0,31.0
2020,YOUNG,31.1,2020.0,93.0,93.0,93.0,93.0,87.0,74.0,34.0
2019,YOUNG,22.6,2019.0,2019.0,2019.0,2019.0,2019.0,90.0,67.0,42.0
2018,YOUNG,35.8,2018.0,2018.0,2018.0,2018.0,2018.0,92.0,79.0,33.0
2017,YOUNG,23.8,2017.0,2017.0,2017.0,2017.0,2017.0,93.0,75.0,30.0
2016,YOUNG,22.2,2016.0,2016.0,2016.0,2016.0,2016.0,89.0,67.0,24.0
2015,YOUNG,25.9,2015.0,2015.0,2015.0,2015.0,2015.0,92.0,77.0,41.0
2014,YOUNG,17.2,2014.0,2014.0,2014.0,2014.0,2014.0,89.0,75.0,42.0
2013,YOUNG,17.2,2013.0,2013.0,2013.0,2013.0,2013.0,91.0,82.0,43.0
2012,YOUNG,33.2,2012.0,2012.0,2012.0,2012.0,2012.0,88.0,74.0,14.0
2011,YOUNG,17.3,2011.0,2011.0,2011.0,2011.0,2011.0,89.0,85.0,36.0
2010,YOUNG,26.9,2010.0,2010.0,2010.0,2010.0,2010.0,94.0,75.0,40.0
2009,YOUNG,11.5,2009.0,2009.0,2009.0,2009.0,2009.0,94.0,81.0,42.0
2008,YOUNG,23.0,2008.0,2008.0,2008.0,2008.0,2008.0,89.0,80.0,30.0
2007,YOUNG,24.0,2007.0,2007.0,2007.0,2007.0,2007.0,92.0,84.0,41.0
2006,YOUNG,19.0,2006.0,2006.0,2006.0,2006.0,2006.0,88.0,84.0,41.0
2005,YOUNG,25.7,2005.0,2005.0,2005.0,2005.0,2005.0,91.0,83.0,61.0
2004,YOUNG,27.9,2004.0,2004.0,2004.0,2004.0,2004.0,91.0,84.0,55.0
2003,YOUNG,20.8,2003.0,2003.0,2003.0,2003.0,2003.0,93.0,83.0,52.0
2002,YOUNG,29.0,2002.0,2002.0,2002.0,2002.0,2002.0,95.0,87.0,59.0
2001,YOUNG,25.0,2001.0,2001.0,2001.0,2001.0,2001.0,87.0,70.0,22.0
2000,YOUNG,18.6,2000.0,2000.0,2000.0,2000.0,2000.0,92.0,77.0,40.0
2019,OTHER (COMBINED) COUNTIES,39.3,2019.0,2019.0,2019.0,2019.0,2019.0,90.0,67.0,42.0
2018,OTHER (COMBINED) COUNTIES,46.3,2018.0,2018.0,2018.0,2018.0,2018.0,92.0,79.0,33.0
2017,OTHER (COMBINED) COUNTIES,33.1,2017.0,2017.0,2017.0,2017.0,2017.0,93.0,75.0,30.0
2016,OTHER (COMBINED) COUNTIES,28.6,2016.0,2016.0,2016.0,2016.0,2016.0,89.0,67.0,24.0
2015,OTHER (COMBINED) COUNTIES,30.0,2015.0,2015.0,2015.0,2015.0,2015.0,92.0,77.0,41.0
2014,OTHER (COMBINED) COUNTIES,47.6,2014.0,2014.0,2014.0,2014.0,2014.0,89.0,75.0,42.0
2013,OTHER (COMBINED) COUNTIES,57.3,2013.0,2013.0,2013.0,2013.0,2013.0,91.0,82.0,43.0
2012,OTHER (COMBINED) COUNTIES,41.7,2012.0,2012.0,2012.0,2012.0,2012.0,88.0,74.0,14.0
2011,OTHER (COMBINED) COUNTIES,43.0,2011.0,2011.0,2011.0,2011.0,2011.0,89.0,85.0,36.0
2010,OTHER (COMBINED) COUNTIES,36.8,2010.0,2010.0,2010.0,2010.0,2010.0,94.0,75.0,40.0
2009,OTHER (COMBINED) COUNTIES,18.5,2009.0,2009.0,2009.0,2009.0,2009.0,94.0,81.0,42.0
2008,OTHER (COMBINED) COUNTIES,43.5,2008.0,2008.0,2008.0,2008.0,2008.0,89.0,80.0,30.0
2007,OTHER (COMBINED) COUNTIES,25.0,2007.0,2007.0,2007.0,2007.0,2007.0,92.0,84.0,41.0
2025,BELL,46.5,2025.0,2025.0,2025.0,2025.0,2025.0,93.0,70.0,43.0
2023,BELL,41.9,2023.0,2023.0,100.0,100.0,100.0,98.0,84.0,44.0
2022,BELL,24.6,2022.0,2022.0,2022.0,2022.0,2022.0,96.0,79.0,37.0
2021,BELL,49.0,1.0,1.0,1.0,1.0,1.0,95.0,71.0,31.0
2020,BELL,40.9,2020.0,93.0,93.0,93.0,93.0,87.0,74.0,34.0
2019,BELL,47.6,2019.0,2019.0,2019.0,2019.0,2019.0,90.0,67.0,42.0
2018,BELL,47.9,2018.0,2018.0,2018.0,2018.0,2018.0,92.0,79.0,33.0
2017,BELL,32.1,2017.0,2017.0,2017.0,2017.0,2017.0,93.0,75.0,30.0
2016,BELL,25.9,2016.0,2016.0,2016.0,2016.0,2016.0,89.0,67.0,24.0
2015,BELL,44.4,2015.0,2015.0,2015.0,2015.0,2015.0,92.0,77.0,41.0
2014,BELL,52.2,2014.0,2014.0,2014.0,2014.0,2014.0,89.0,75.0,42.0
2013,BELL,45.2,2013.0,2013.0,2013.0,2013.0,2013.0,91.0,82.0,43.0
2012,BELL,49.2,2012.0,2012.0,2012.0,2012.0,2012.0,88.0,74.0,14.0
2011,BELL,26.0,2011.0,2011.0,2011.0,2011.0,2011.0,89.0,85.0,36.0
2010,BELL,49.3,2010.0,2010.0,2010.0,2010.0,2010.0,94.0,75.0,40.0
2009,BELL,26.5,2009.0,2009.0,2009.0,2009.0,2009.0,94.0,81.0,42.0
2008,BELL,45.0,2008.0,2008.0,2008.0,2008.0,2008.0,89.0,80.0,30.0
2007,BELL,37.0,2007.0,2007.0,2007.0,2007.0,2007.0,92.0,84.0,41.0
2006,BELL,32.0,2006.0,2006.0,2006.0,2006.0,2006.0,88.0,84.0,41.0
2005,BELL,31.9,2005.0,2005.0,2005.0,2005.0,2005.0,91.0,83.0,61.0
2004,BELL,40.9,2004.0,2004.0,2004.0,2004.0,2004.0,91.0,84.0,55.0
2003,BELL,38.3,2003.0,2003.0,2003.0,2003.0,2003.0,93.0,83.0,52.0
2002,BELL,33.4,2002.0,2002.0,2002.0,2002.0,2002.0,95.0,87.0,59.0
2001,BELL,37.7,2001.0,2001.0,2001.0,2001.0,2001.0,87.0,70.0,22.0
2000,BELL,36.8,2000.0,2000.0,2000.0,2000.0,2000.0,92.0,77.0,40.0
2025,BOSQUE,44.8,2025.0,2025.0,2025.0,2025.0,2025.0,93.0,70.0,43.0
2022,BOSQUE,38.7,2022.0,2022.0,2022.0,2022.0,2022.0,96.0,79.0,37.0
2021,BOSQUE,51.5,1.0,1.0,1.0,1.0,1.0,95.0,71.0,31.0
2019,BOSQUE,29.0,2019.0,2019.0,2019.0,2019.0,2019.0,90.0,67.0,42.0
2018,BOSQUE,33.7,2018.0,2018.0,2018.0,2018.0,2018.0,92.0,79.0,33.0
2017,BOSQUE,27.3,2017.0,2017.0,2017.0,2017.0,2017.0,93.0,75.0,30.0
2016,BOSQUE,27.8,2016.0,2016.0,2016.0,2016.0,2016.0,89.0,67.0,24.0
2015,BOSQUE,22.9,2015.0,2015.0,2015.0,2015.0,2015.0,92.0,77.0,41.0
2014,BOSQUE,27.1,2014.0,2014.0,2014.0,2014.0,2014.0,89.0,75.0,42.0
2013,BOSQUE,27.9,2013.0,2013.0,2013.0,2013.0,2013.0,91.0,82.0,43.0
2011,BOSQUE,29.3,2011.0,2011.0,2011.0,2011.0,2011.0,89.0,85.0,36.0
2010,BOSQUE,29.0,2010.0,2010.0,2010.0,2010.0,2010.0,94.0,75.0,40.0
2008,BOSQUE,32.5,2008.0,2008.0,2008.0,2008.0,2008.0,89.0,80.0,30.0
2006,BOSQUE,25.0,2006.0,2006.0,2006.0,2006.0,2006.0,88.0,84.0,41.0
2005,BOSQUE,30.0,2005.0,2005.0,2005.0,2005.0,2005.0,91.0,83.0,61.0
2004,BOSQUE,40.4,2004.0,2004.0,2004.0,2004.0,2004.0,91.0,84.0,55.0
2003,BOSQUE,25.4,2003.0,2003.0,2003.0,2003.0,2003.0,93.0,83.0,52.0
2002,BOSQUE,21.6,2002.0,2002.0,2002.0,2002.0,2002.0,95.0,87.0,59.0
2001,BOSQUE,28.2,2001.0,2001.0,2001.0,2001.0,2001.0,87.0,70.0,22.0
2000,BOSQUE,22.9,2000.0,2000.0,2000.0,2000.0,2000.0,92.0,77.0,40.0
2023,COLLIN,52.5,2023.0,2023.0,100.0,100.0,100.0,98.0,84.0,44.0
2022,COLLIN,56.4,2022.0,2022.0,2022.0,2022.0,2022.0,96.0,79.0,37.0
2021,COLLIN,60.2,1.0,1.0,1.0,1.0,1.0,95.0,71.0,31.0
2020,COLLIN,46.8,2020.0,93.0,93.0,93.0,93.0,87.0,74.0,34.0
2018,COLLIN,54.3,2018.0,2018.0,2018.0,2018.0,2018.0,92.0,79.0,33.0
2017,COLLIN,36.1,2017.0,2017.0,2017.0,2017.0,2017.0,93.0,75.0,30.0
2016,COLLIN,48.9,2016.0,2016.0,2016.0,2016.0,2016.0,89.0,67.0,24.0
2015,COLLIN,42.2,2015.0,2015.0,2015.0,2015.0,2015.0,92.0,77.0,41.0
2014,COLLIN,63.3,2014.0,2014.0,2014.0,2014.0,2014.0,89.0,75.0,42.0
2013,COLLIN,69.9,2013.0,2013.0,2013.0,2013.0,2013.0,91.0,82.0,43.0
2012,COLLIN,64.6,2012.0,2012.0,2012.0,2012.0,2012.0,88.0,74.0,14.0
2011,COLLIN,50.0,2011.0,2011.0,2011.0,2011.0,2011.0,89.0,85.0,36.0
2009,COLLIN,28.0,2009.0,2009.0,2009.0,2009.0,2009.0,94.0,81.0,42.0
2008,COLLIN,51.5,2008.0,2008.0,2008.0,2008.0,2008.0,89.0,80.0,30.0
2007,COLLIN,31.0,2007.0,2007.0,2007.0,2007.0,2007.0,92.0,84.0,41.0
2006,COLLIN,31.0,2006.0,2006.0,2006.0,2006.0,2006.0,88.0,84.0,41.0
2005,COLLIN,40.4,2005.0,2005.0,2005.0,2005.0,2005.0,91.0,83.0,61.0
2004,COLLIN,45.2,2004.0,2004.0,2004.0,2004.0,2004.0,91.0,84.0,55.0
2003,COLLIN,44.7,2003.0,2003.0,2003.0,2003.0,2003.0,93.0,83.0,52.0
2002,COLLIN,46.1,2002.0,2002.0,2002.0,2002.0,2002.0,95.0,87.0,59.0
2001,COLLIN,37.5,2001.0,2001.0,2001.0,2001.0,2001.0,87.0,70.0,22.0
2000,COLLIN,42.8,2000.0,2000.0,2000.0,2000.0,2000.0,92.0,77.0,40.0
2025,COOKE,55.8,2025.0,2025.0,2025.0,2025.0,2025.0,93.0,70.0,43.0
2023,COOKE,57.1,2023.0,2023.0,100.0,100.0,100.0,98.0,84.0,44.0
2022,COOKE,42.8,2022.0,2022.0,2022.0,2022.0,2022.0,96.0,79.0,37.0
2021,COOKE,49.7,1.0,1.0,1.0,1.0,1.0,95.0,71.0,31.0
2020,COOKE,38.0,2020.0,93.0,93.0,93.0,93.0,87.0,74.0,34.0
2019,COOKE,46.3,2019.0,2019.0,2019.0,2019.0,2019.0,90.0,67.0,42.0
2018,COOKE,39.4,2018.0,2018.0,2018.0,2018.0,2018.0,92.0,79.0,33.0
2017,COOKE,28.7,2017.0,2017.0,2017.0,2017.0,2017.0,93.0,75.0,30.0
2016,COOKE,32.4,2016.0,2016.0,2016.0,2016.0,2016.0,89.0,67.0,24.0
2015,COOKE,26.8,2015.0,2015.0,2015.0,2015.0,2015.0,92.0,77.0,41.0
2014,COOKE,42.4,2014.0,2014.0,2014.0,2014.0,2014.0,89.0,75.0,42.0
2013,COOKE,45.0,2013.0,2013.0,2013.0,2013.0,2013.0,91.0,82.0,43.0
2012,COOKE,57.0,2012.0,2012.0,2012.0,2012.0,2012.0,88.0,74.0,14.0
2011,COOKE,28.1,2011.0,2011.0,2011.0,2011.0,2011.0,89.0,85.0,36.0
2010,COOKE,36.5,2010.0,2010.0,2010.0,2010.0,2010.0,94.0,75.0,40.0
2009,COOKE,23.0,2009.0,2009.0,2009.0,2009.0,2009.0,94.0,81.0,42.0
2008,COOKE,43.0,2008.0,2008.0,2008.0,2008.0,2008.0,89.0,80.0,30.0
2007,COOKE,43.0,2007.0,2007.0,2007.0,2007.0,2007.0,92.0,84.0,41.0
2006,COOKE,33.0,2006.0,2006.0,2006.0,2006.0,2006.0,88.0,84.0,41.0
2005,COOKE,31.3,2005.0,2005.0,2005.0,2005.0,2005.0,91.0,83.0,61.0
2004,COOKE,44.8,2004.0,2004.0,2004.0,2004.0,2004.0,91.0,84.0,55.0
2003,COOKE,40.4,2003.0,2003.0,2003.0,2003.0,2003.0,93.0,83.0,52.0
2002,COOKE,45.2,2002.0,2002.0,2002.0,2002.0,2002.0,95.0,87.0,59.0
2001,COOKE,33.8,2001.0,2001.0,2001.0,2001.0,2001.0,87.0,70.0,22.0
2000,COOKE,44.4,2000.0,2000.0,2000.0,2000.0,2000.0,92.0,77.0,40.0
2025,CORYELL,34.8,2025.0,2025.0,2025.0,2025.0,2025.0,93.0,70.0,43.0
2023,CORYELL,57.1,2023.0,2023.0,100.0,100.0,100.0,98.0,84.0,44.0
2022,CORYELL,23.8,2022.0,2022.0,2022.0,2022.0,2022.0,96.0,79.0,37.0
2021,CORYELL,37.4,1.0,1.0,1.0,1.0,1.0,95.0,71.0,31.0
2020,CORYELL,38.7,2020.0,93.0,93.0,93.0,93.0,87.0,74.0,34.0
2019,CORYELL,30.7,2019.0,2019.0,2019.0,2019.0,2019.0,90.0,67.0,42.0
2018,CORYELL,43.0,2018.0,2018.0,2018.0,2018.0,2018.0,92.0,79.0,33.0
2017,CORYELL,18.0,2017.0,2017.0,2017.0,2017.0,2017.0,93.0,75.0,30.0
2016,CORYELL,22.5,2016.0,2016.0,2016.0,2016.0,2016.0,89.0,67.0,24.0
2015,CORYELL,27.1,2015.0,2015.0,2015.0,2015.0,2015.0,92.0,77.0,41.0
2014,CORYELL,33.8,2014.0,2014.0,2014.0,2014.0,2014.0,89.0,75.0,42.0
2013,CORYELL,25.2,2013.0,2013.0,2013.0,2013.0,2013.0,91.0,82.0,43.0
2012,CORYELL,44.7,2012.0,2012.0,2012.0,2012.0,2012.0,88.0,74.0,14.0
2011,CORYELL,24.0,2011.0,2011.0,2011.0,2011.0,2011.0,89.0,85.0,36.0
2010,CORYELL,37.0,2010.0,2010.0,2010.0,2010.0,2010.0,94.0,75.0,40.0
2009,CORYELL,12.5,2009.0,2009.0,2009.0,2009.0,2009.0,94.0,81.0,42.0
2008,CORYELL,38.0,2008.0,2008.0,2008.0,2008.0,2008.0,89.0,80.0,30.0
2007,CORYELL,30.0,2007.0,2007.0,2007.0,2007.0,2007.0,92.0,84.0,41.0
2006,CORYELL,24.0,2006.0,2006.0,2006.0,2006.0,2006.0,88.0,84.0,41.0
2005,CORYELL,29.9,2005.0,2005.0,2005.0,2005.0,2005.0,91.0,83.0,61.0
2004,CORYELL,39.5,2004.0,2004.0,2004.0,2004.0,2004.0,91.0,84.0,55.0
2003,CORYELL,34.2,2003.0,2003.0,2003.0,2003.0,2003.0,93.0,83.0,52.0
2002,CORYELL,35.6,2002.0,2002.0,2002.0,2002.0,2002.0,95.0,87.0,59.0
2001,CORYELL,40.0,2001.0,2001.0,2001.0,2001.0,2001.0,87.0,70.0,22.0
2000,CORYELL,24.1,2000.0,2000.0,2000.0,2000.0,2000.0,92.0,77.0,40.0
2015,DALLAS,37.3,2015.0,2015.0,2015.0,2015.0,2015.0,92.0,77.0,41.0
2012,DALLAS,48.1,2012.0,2012.0,2012.0,2012.0,2012.0,88.0,74.0,14.0
2009,DALLAS,28.0,2009.0,2009.0,2009.0,2009.0,2009.0,94.0,81.0,42.0
2008,DALLAS,50.5,2008.0,2008.0,2008.0,2008.0,2008.0,89.0,80.0,30.0
2007,DALLAS,40.0,2007.0,2007.0,2007.0,2007.0,2007.0,92.0,84.0,41.0
2006,DALLAS,34.0,2006.0,2006.0,2006.0,2006.0,2006.0,88.0,84.0,41.0
2005,DALLAS,36.4,2005.0,2005.0,2005.0,2005.0,2005.0,91.0,83.0,61.0
2004,DALLAS,42.2,2004.0,2004.0,2004.0,2004.0,2004.0,91.0,84.0,55.0
2003,DALLAS,38.3,2003.0,2003.0,2003.0,2003.0,2003.0,93.0,83.0,52.0
2002,DALLAS,42.3,2002.0,2002.0,2002.0,2002.0,2002.0,95.0,87.0,59.0
2001,DALLAS,37.1,2001.0,2001.0,2001.0,2001.0,2001.0,87.0,70.0,22.0
2000,DALLAS,42.4,2000.0,2000.0,2000.0,2000.0,2000.0,92.0,77.0,40.0
2023,DELTA,54.4,2023.0,2023.0,100.0,100.0,100.0,98.0,84.0,44.0
2022,DELTA,53.6,2022.0,2022.0,2022.0,2022.0,2022.0,96.0,79.0,37.0
2021,DELTA,58.9,1.0,1.0,1.0,1.0,1.0,95.0,71.0,31.0
2019,DELTA,42.5,2019.0,2019.0,2019.0,2019.0,2019.0,90.0,67.0,42.0
2018,DELTA,53.3,2018.0,2018.0,2018.0,2018.0,2018.0,92.0,79.0,33.0
2017,DELTA,58.6,2017.0,2017.0,2017.0,2017.0,2017.0,93.0,75.0,30.0
2015,DELTA,47.0,2015.0,2015.0,2015.0,2015.0,2015.0,92.0,77.0,41.0
2014,DELTA,72.2,2014.0,2014.0,2014.0,2014.0,2014.0,89.0,75.0,42.0
2013,DELTA,75.0,2013.0,2013.0,2013.0,2013.0,2013.0,91.0,82.0,43.0
2012,DELTA,63.8,2012.0,2012.0,2012.0,2012.0,2012.0,88.0,74.0,14.0
2011,DELTA,48.0,2011.0,2011.0,2011.0,2011.0,2011.0,89.0,85.0,36.0
2010,DELTA,56.1,2010.0,2010.0,2010.0,2010.0,2010.0,94.0,75.0,40.0
2009,DELTA,30.0,2009.0,2009.0,2009.0,2009.0,2009.0,94.0,81.0,42.0
2008,DELTA,45.0,2008.0,2008.0,2008.0,2008.0,2008.0,89.0,80.0,30.0
2007,DELTA,46.0,2007.0,2007.0,2007.0,2007.0,2007.0,92.0,84.0,41.0
2006,DELTA,48.0,2006.0,2006.0,2006.0,2006.0,2006.0,88.0,84.0,41.0
2005,DELTA,56.2,2005.0,2005.0,2005.0,2005.0,2005.0,91.0,83.0,61.0
2004,DELTA,52.3,2004.0,2004.0,2004.0,2004.0,2004.0,91.0,84.0,55.0
2003,DELTA,32.0,2003.0,2003.0,2003.0,2003.0,2003.0,93.0,83.0,52.0
2002,DELTA,49.1,2002.0,2002.0,2002.0,2002.0,2002.0,95.0,87.0,59.0
2001,DELTA,42.9,2001.0,2001.0,2001.0,2001.0,2001.0,87.0,70.0,22.0
2000,DELTA,47.3,2000.0,2000.0,2000.0,2000.0,2000.0,92.0,77.0,40.0
2025,DENTON,36.0,2025.0,2025.0,2025.0,2025.0,2025.0,93.0,70.0,43.0
2023,DENTON,46.0,2023.0,2023.0,100.0,100.0,100.0,98.0,84.0,44.0
2022,DENTON,37.3,2022.0,2022.0,2022.0,2022.0,2022.0,96.0,79.0,37.0
2021,DENTON,44.5,1.0,1.0,1.0,1.0,1.0,95.0,71.0,31.0
2020,DENTON,28.4,2020.0,93.0,93.0,93.0,93.0,87.0,74.0,34.0
2019,DENTON,35.6,2019.0,2019.0,2019.0,2019.0,2019.0,90.0,67.0,42.0
2018,DENTON,39.4,2018.0,2018.0,2018.0,2018.0,2018.0,92.0,79.0,33.0
2017,DENTON,26.8,2017.0,2017.0,2017.0,2017.0,2017.0,93.0,75.0,30.0
2016,DENTON,28.0,2016.0,2016.0,2016.0,2016.0,2016.0,89.0,67.0,24.0
2015,DENTON,20.0,2015.0,2015.0,2015.0,2015.0,2015.0,92.0,77.0,41.0
2014,DENTON,37.6,2014.0,2014.0,2014.0,2014.0,2014.0,89.0,75.0,42.0
2013,DENTON,41.0,2013.0,2013.0,2013.0,2013.0,2013.0,91.0,82.0,43.0
2012,DENTON,30.0,2012.0,2012.0,2012.0,2012.0,2012.0,88.0,74.0,14.0
2011,DENTON,21.4,2011.0,2011.0,2011.0,2011.0,2011.0,89.0,85.0,36.0
2010,DENTON,27.0,2010.0,2010.0,2010.0,2010.0,2010.0,94.0,75.0,40.0
2009,DENTON,16.0,2009.0,2009.0,2009.0,2009.0,2009.0,94.0,81.0,42.0
2008,DENTON,28.0,2008.0,2008.0,2008.0,2008.0,2008.0,89.0,80.0,30.0
2007,DENTON,23.0,2007.0,2007.0,2007.0,2007.0,2007.0,92.0,84.0,41.0
2006,DENTON,15.0,2006.0,2006.0,2006.0,2006.0,2006.0,88.0,84.0,41.0
2005,DENTON,31.7,2005.0,2005.0,2005.0,2005.0,2005.0,91.0,83.0,61.0
2004,DENTON,29.7,2004.0,2004.0,2004.0,2004.0,2004.0,91.0,84.0,55.0
2003,DENTON,29.7,2003.0,2003.0,2003.0,2003.0,2003.0,93.0,83.0,52.0
2002,DENTON,31.3,2002.0,2002.0,2002.0,2002.0,2002.0,95.0,87.0,59.0
2001,DENTON,29.5,2001.0,2001.0,2001.0,2001.0,2001.0,87.0,70.0,22.0
2000,DENTON,33.5,2000.0,2000.0,2000.0,2000.0,2000.0,92.0,77.0,40.0
2025,ELLIS,50.8,2025.0,2025.0,2025.0,2025.0,2025.0,93.0,70.0,43.0
2023,ELLIS,49.7,2023.0,2023.0,100.0,100.0,100.0,98.0,84.0,44.0
2022,ELLIS,41.4,2022.0,2022.0,2022.0,2022.0,2022.0,96.0,79.0,37.0
2021,ELLIS,52.6,1.0,1.0,1.0,1.0,1.0,95.0,71.0,31.0
2020,ELLIS,53.8,2020.0,93.0,93.0,93.0,93.0,87.0,74.0,34.0
2019,ELLIS,45.5,2019.0,2019.0,2019.0,2019.0,2019.0,90.0,67.0,42.0
2018,ELLIS,54.6,2018.0,2018.0,2018.0,2018.0,2018.0,92.0,79.0,33.0
2017,ELLIS,40.4,2017.0,2017.0,2017.0,2017.0,2017.0,93.0,75.0,30.0
2016,ELLIS,37.3,2016.0,2016.0,2016.0,2016.0,2016.0,89.0,67.0,24.0
2015,ELLIS,39.3,2015.0,2015.0,2015.0,2015.0,2015.0,92.0,77.0,41.0
2014,ELLIS,54.9,2014.0,2014.0,2014.0,2014.0,2014.0,89.0,75.0,42.0
2013,ELLIS,49.6,2013.0,2013.0,2013.0,2013.0,2013.0,91.0,82.0,43.0
2012,ELLIS,54.1,2012.0,2012.0,2012.0,2012.0,2012.0,88.0,74.0,14.0
2011,ELLIS,38.0,2011.0,2011.0,2011.0,2011.0,2011.0,89.0,85.0,36.0
2010,ELLIS,45.0,2010.0,2010.0,2010.0,2010.0,2010.0,94.0,75.0,40.0
2009,ELLIS,27.5,2009.0,2009.0,2009.0,2009.0,2009.0,94.0,81.0,42.0
2008,ELLIS,47.5,2008.0,2008.0,2008.0,2008.0,2008.0,89.0,80.0,30.0
2007,ELLIS,36.0,2007.0,2007.0,2007.0,2007.0,2007.0,92.0,84.0,41.0
2006,ELLIS,26.0,2006.0,2006.0,2006.0,2006.0,2006.0,88.0,84.0,41.0
2005,ELLIS,37.0,2005.0,2005.0,2005.0,2005.0,2005.0,91.0,83.0,61.0
2004,ELLIS,44.6,2004.0,2004.0,2004.0,2004.0,2004.0,91.0,84.0,55.0
2003,ELLIS,36.1,2003.0,2003.0,2003.0,2003.0,2003.0,93.0,83.0,52.0
2002,ELLIS,34.6,2002.0,2002.0,2002.0,2002.0,2002.0,95.0,87.0,59.0
2001,ELLIS,36.1,2001.0,2001.0,2001.0,2001.0,2001.0,87.0,70.0,22.0
2000,ELLIS,40.2,2000.0,2000.0,2000.0,2000.0,2000.0,92.0,77.0,40.0
2025,FALLS,42.2,2025.0,2025.0,2025.0,2025.0,2025.0,93.0,70.0,43.0
2023,FALLS,46.8,2023.0,2023.0,100.0,100.0,100.0,98.0,84.0,44.0
2022,FALLS,35.6,2022.0,2022.0,2022.0,2022.0,2022.0,96.0,79.0,37.0
2021,FALLS,48.8,1.0,1.0,1.0,1.0,1.0,95.0,71.0,31.0
2020,FALLS,42.2,2020.0,93.0,93.0,93.0,93.0,87.0,74.0,34.0
2019,FALLS,56.0,2019.0,2019.0,2019.0,2019.0,2019.0,90.0,67.0,42.0
2018,FALLS,57.5,2018.0,2018.0,2018.0,2018.0,2018.0,92.0,79.0,33.0
2017,FALLS,26.4,2017.0,2017.0,2017.0,2017.0,2017.0,93.0,75.0,30.0
2015,FALLS,45.6,2015.0,2015.0,2015.0,2015.0,2015.0,92.0,77.0,41.0
2014,FALLS,55.3,2014.0,2014.0,2014.0,2014.0,2014.0,89.0,75.0,42.0
2012,FALLS,42.5,2012.0,2012.0,2012.0,2012.0,2012.0,88.0,74.0,14.0
2011,FALLS,38.0,2011.0,2011.0,2011.0,2011.0,2011.0,89.0,85.0,36.0
2010,FALLS,45.6,2010.0,2010.0,2010.0,2010.0,2010.0,94.0,75.0,40.0
2009,FALLS,30.0,2009.0,2009.0,2009.0,2009.0,2009.0,94.0,81.0,42.0
2008,FALLS,44.0,2008.0,2008.0,2008.0,2008.0,2008.0,89.0,80.0,30.0
2007,FALLS,37.0,2007.0,2007.0,2007.0,2007.0,2007.0,92.0,84.0,41.0
2006,FALLS,37.0,2006.0,2006.0,2006.0,2006.0,2006.0,88.0,84.0,41.0
2005,FALLS,32.3,2005.0,2005.0,2005.0,2005.0,2005.0,91.0,83.0,61.0
2004,FALLS,40.1,2004.0,2004.0,2004.0,2004.0,2004.0,91.0,84.0,55.0
2003,FALLS,36.9,2003.0,2003.0,2003.0,2003.0,2003.0,93.0,83.0,52.0
2002,FALLS,39.7,2002.0,2002.0,2002.0,2002.0,2002.0,95.0,87.0,59.0
2001,FALLS,30.0,2001.0,2001.0,2001.0,2001.0,2001.0,87.0,70.0,22.0
2000,FALLS,44.3,2000.0,2000.0,2000.0,2000.0,2000.0,92.0,77.0,40.0
2023,FANNIN,47.5,2023.0,2023.0,100.0,100.0,100.0,98.0,84.0,44.0
2022,FANNIN,59.9,2022.0,2022.0,2022.0,2022.0,2022.0,96.0,79.0,37.0
2021,FANNIN,53.3,1.0,1.0,1.0,1.0,1.0,95.0,71.0,31.0
2020,FANNIN,48.5,2020.0,93.0,93.0,93.0,93.0,87.0,74.0,34.0
2019,FANNIN,46.4,2019.0,2019.0,2019.0,2019.0,2019.0,90.0,67.0,42.0
2018,FANNIN,47.1,2018.0,2018.0,2018.0,2018.0,2018.0,92.0,79.0,33.0
2017,FANNIN,40.5,2017.0,2017.0,2017.0,2017.0,2017.0,93.0,75.0,30.0
2016,FANNIN,34.7,2016.0,2016.0,2016.0,2016.0,2016.0,89.0,67.0,24.0
2015,FANNIN,39.9,2015.0,2015.0,2015.0,2015.0,2015.0,92.0,77.0,41.0
2014,FANNIN,58.5,2014.0,2014.0,2014.0,2014.0,2014.0,89.0,75.0,42.0
2013,FANNIN,62.9,2013.0,2013.0,2013.0,2013.0,2013.0,91.0,82.0,43.0
2012,FANNIN,60.3,2012.0,2012.0,2012.0,2012.0,2012.0,88.0,74.0,14.0
2011,FANNIN,41.0,2011.0,2011.0,2011.0,2011.0,2011.0,89.0,85.0,36.0
2010,FANNIN,34.8,2010.0,2010.0,2010.0,2010.0,2010.0,94.0,75.0,40.0
2009,FANNIN,28.0,2009.0,2009.0,2009.0,2009.0,2009.0,94.0,81.0,42.0
2008,FANNIN,48.5,2008.0,2008.0,2008.0,2008.0,2008.0,89.0,80.0,30.0
2007,FANNIN,31.0,2007.0,2007.0,2007.0,2007.0,2007.0,92.0,84.0,41.0
2006,FANNIN,34.0,2006.0,2006.0,2006.0,2006.0,2006.0,88.0,84.0,41.0
2005,FANNIN,28.3,2005.0,2005.0,2005.0,2005.0,2005.0,91.0,83.0,61.0
2004,FANNIN,37.7,2004.0,2004.0,2004.0,2004.0,2004.0,91.0,84.0,55.0
2003,FANNIN,34.1,2003.0,2003.0,2003.0,2003.0,2003.0,93.0,83.0,52.0
2002,FANNIN,42.6,2002.0,2002.0,2002.0,2002.0,2002.0,95.0,87.0,59.0
2001,FANNIN,31.3,2001.0,2001.0,2001.0,2001.0,2001.0,87.0,70.0,22.0
2000,FANNIN,43.0,2000.0,2000.0,2000.0,2000.0,2000.0,92.0,77.0,40.0
2025,GRAYSON,42.2,2025.0,2025.0,2025.0,2025.0,2025.0,93.0,70.0,43.0
2023,GRAYSON,50.1,2023.0,2023.0,100.0,100.0,100.0,98.0,84.0,44.0
2022,GRAYSON,50.4,2022.0,2022.0,2022.0,2022.0,2022.0,96.0,79.0,37.0
2021,GRAYSON,58.2,1.0,1.0,1.0,1.0,1.0,95.0,71.0,31.0
2020,GRAYSON,43.7,2020.0,93.0,93.0,93.0,93.0,87.0,74.0,34.0
2019,GRAYSON,53.7,2019.0,2019.0,2019.0,2019.0,2019.0,90.0,67.0,42.0
2018,GRAYSON,56.8,2018.0,2018.0,2018.0,2018.0,2018.0,92.0,79.0,33.0
2017,GRAYSON,46.8,2017.0,2017.0,2017.0,2017.0,2017.0,93.0,75.0,30.0
2016,GRAYSON,45.5,2016.0,2016.0,2016.0,2016.0,2016.0,89.0,67.0,24.0
2015,GRAYSON,34.9,2015.0,2015.0,2015.0,2015.0,2015.0,92.0,77.0,41.0
2014,GRAYSON,63.2,2014.0,2014.0,2014.0,2014.0,2014.0,89.0,75.0,42.0
2013,GRAYSON,64.6,2013.0,2013.0,2013.0,2013.0,2013.0,91.0,82.0,43.0
2012,GRAYSON,52.3,2012.0,2012.0,2012.0,2012.0,2012.0,88.0,74.0,14.0
2011,GRAYSON,46.0,2011.0,2011.0,2011.0,2011.0,2011.0,89.0,85.0,36.0
2010,GRAYSON,46.0,2010.0,2010.0,2010.0,2010.0,2010.0,94.0,75.0,40.0
2009,GRAYSON,23.0,2009.0,2009.0,2009.0,2009.0,2009.0,94.0,81.0,42.0
2008,GRAYSON,55.0,2008.0,2008.0,2008.0,2008.0,2008.0,89.0,80.0,30.0
2007,GRAYSON,41.0,2007.0,2007.0,2007.0,2007.0,2007.0,92.0,84.0,41.0
2006,GRAYSON,43.0,2006.0,2006.0,2006.0,2006.0,2006.0,88.0,84.0,41.0
2005,GRAYSON,42.2,2005.0,2005.0,2005.0,2005.0,2005.0,91.0,83.0,61.0
2004,GRAYSON,46.6,2004.0,2004.0,2004.0,2004.0,2004.0,91.0,84.0,55.0
2003,GRAYSON,38.4,2003.0,2003.0,2003.0,2003.0,2003.0,93.0,83.0,52.0
2002,GRAYSON,44.4,2002.0,2002.0,2002.0,2002.0,2002.0,95.0,87.0,59.0
2001,GRAYSON,37.1,2001.0,2001.0,2001.0,2001.0,2001.0,87.0,70.0,22.0
2000,GRAYSON,44.9,2000.0,2000.0,2000.0,2000.0,2000.0,92.0,77.0,40.0
2021,HAMILTON,43.0,1.0,1.0,1.0,1.0,1.0,95.0,71.0,31.0
2020,HAMILTON,37.5,2020.0,93.0,93.0,93.0,93.0,87.0,74.0,34.0
2018,HAMILTON,29.5,2018.0,2018.0,2018.0,2018.0,2018.0,92.0,79.0,33.0
2017,HAMILTON,30.4,2017.0,2017.0,2017.0,2017.0,2017.0,93.0,75.0,30.0
2016,HAMILTON,27.9,2016.0,2016.0,2016.0,2016.0,2016.0,89.0,67.0,24.0
2015,HAMILTON,26.1,2015.0,2015.0,2015.0,2015.0,2015.0,92.0,77.0,41.0
2014,HAMILTON,27.0,2014.0,2014.0,2014.0,2014.0,2014.0,89.0,75.0,42.0
2013,HAMILTON,28.9,2013.0,2013.0,2013.0,2013.0,2013.0,91.0,82.0,43.0
2012,HAMILTON,39.1,2012.0,2012.0,2012.0,2012.0,2012.0,88.0,74.0,14.0
2011,HAMILTON,27.0,2011.0,2011.0,2011.0,2011.0,2011.0,89.0,85.0,36.0
2010,HAMILTON,36.0,2010.0,2010.0,2010.0,2010.0,2010.0,94.0,75.0,40.0
2009,HAMILTON,21.5,2009.0,2009.0,2009.0,2009.0,2009.0,94.0,81.0,42.0
2008,HAMILTON,32.5,2008.0,2008.0,2008.0,2008.0,2008.0,89.0,80.0,30.0
2007,HAMILTON,40.0,2007.0,2007.0,2007.0,2007.0,2007.0,92.0,84.0,41.0
2006,HAMILTON,22.0,2006.0,2006.0,2006.0,2006.0,2006.0,88.0,84.0,41.0
2005,HAMILTON,30.0,2005.0,2005.0,2005.0,2005.0,2005.0,91.0,83.0,61.0
2004,HAMILTON,30.0,2004.0,2004.0,2004.0,2004.0,2004.0,91.0,84.0,55.0
2003,HAMILTON,37.4,2003.0,2003.0,2003.0,2003.0,2003.0,93.0,83.0,52.0
2002,HAMILTON,31.9,2002.0,2002.0,2002.0,2002.0,2002.0,95.0,87.0,59.0
2001,HAMILTON,31.7,2001.0,2001.0,2001.0,2001.0,2001.0,87.0,70.0,22.0
2000,HAMILTON,24.6,2000.0,2000.0,2000.0,2000.0,2000.0,92.0,77.0,40.0
2023,HILL,66.6,2023.0,2023.0,100.0,100.0,100.0,98.0,84.0,44.0
2022,HILL,40.3,2022.0,2022.0,2022.0,2022.0,2022.0,96.0,79.0,37.0
2021,HILL,60.6,1.0,1.0,1.0,1.0,1.0,95.0,71.0,31.0
2020,HILL,46.1,2020.0,93.0,93.0,93.0,93.0,87.0,74.0,34.0
2019,HILL,46.8,2019.0,2019.0,2019.0,2019.0,2019.0,90.0,67.0,42.0
2018,HILL,58.1,2018.0,2018.0,2018.0,2018.0,2018.0,92.0,79.0,33.0
2017,HILL,43.6,2017.0,2017.0,2017.0,2017.0,2017.0,93.0,75.0,30.0
2016,HILL,43.8,2016.0,2016.0,2016.0,2016.0,2016.0,89.0,67.0,24.0
2015,HILL,43.0,2015.0,2015.0,2015.0,2015.0,2015.0,92.0,77.0,41.0
2014,HILL,49.4,2014.0,2014.0,2014.0,2014.0,2014.0,89.0,75.0,42.0
2013,HILL,48.0,2013.0,2013.0,2013.0,2013.0,2013.0,91.0,82.0,43.0
2012,HILL,49.6,2012.0,2012.0,2012.0,2012.0,2012.0,88.0,74.0,14.0
2011,HILL,43.0,2011.0,2011.0,2011.0,2011.0,2011.0,89.0,85.0,36.0
2010,HILL,46.8,2010.0,2010.0,2010.0,2010.0,2010.0,94.0,75.0,40.0
2009,HILL,26.0,2009.0,2009.0,2009.0,2009.0,2009.0,94.0,81.0,42.0
2008,HILL,53.0,2008.0,2008.0,2008.0,2008.0,2008.0,89.0,80.0,30.0
2007,HILL,38.0,2007.0,2007.0,2007.0,2007.0,2007.0,92.0,84.0,41.0
2006,HILL,30.0,2006.0,2006.0,2006.0,2006.0,2006.0,88.0,84.0,41.0
2005,HILL,40.5,2005.0,2005.0,2005.0,2005.0,2005.0,91.0,83.0,61.0
2004,HILL,45.3,2004.0,2004.0,2004.0,2004.0,2004.0,91.0,84.0,55.0
2003,HILL,43.6,2003.0,2003.0,2003.0,2003.0,2003.0,93.0,83.0,52.0
2002,HILL,46.0,2002.0,2002.0,2002.0,2002.0,2002.0,95.0,87.0,59.0
2001,HILL,41.5,2001.0,2001.0,2001.0,2001.0,2001.0,87.0,70.0,22.0
2000,HILL,39.4,2000.0,2000.0,2000.0,2000.0,2000.0,92.0,77.0,40.0
2022,HUNT,59.1,2022.0,2022.0,2022.0,2022.0,2022.0,96.0,79.0,37.0
2021,HUNT,60.1,1.0,1.0,1.0,1.0,1.0,95.0,71.0,31.0
2020,HUNT,39.2,2020.0,93.0,93.0,93.0,93.0,87.0,74.0,34.0
2019,HUNT,41.7,2019.0,2019.0,2019.0,2019.0,2019.0,90.0,67.0,42.0
2018,HUNT,54.0,2018.0,2018.0,2018.0,2018.0,2018.0,92.0,79.0,33.0
2017,HUNT,41.2,2017.0,2017.0,2017.0,2017.0,2017.0,93.0,75.0,30.0
2015,HUNT,31.3,2015.0,2015.0,2015.0,2015.0,2015.0,92.0,77.0,41.0
2014,HUNT,64.4,2014.0,2014.0,2014.0,2014.0,2014.0,89.0,75.0,42.0
2013,HUNT,53.0,2013.0,2013.0,2013.0,2013.0,2013.0,91.0,82.0,43.0
2012,HUNT,55.5,2012.0,2012.0,2012.0,2012.0,2012.0,88.0,74.0,14.0
2010,HUNT,41.1,2010.0,2010.0,2010.0,2010.0,2010.0,94.0,75.0,40.0
2009,HUNT,25.0,2009.0,2009.0,2009.0,2009.0,2009.0,94.0,81.0,42.0
2008,HUNT,41.5,2008.0,2008.0,2008.0,2008.0,2008.0,89.0,80.0,30.0
2007,HUNT,35.0,2007.0,2007.0,2007.0,2007.0,2007.0,92.0,84.0,41.0
2006,HUNT,34.0,2006.0,2006.0,2006.0,2006.0,2006.0,88.0,84.0,41.0
2005,HUNT,36.7,2005.0,2005.0,2005.0,2005.0,2005.0,91.0,83.0,61.0
2004,HUNT,40.1,2004.0,2004.0,2004.0,2004.0,2004.0,91.0,84.0,55.0
2003,HUNT,40.9,2003.0,2003.0,2003.0,2003.0,2003.0,93.0,83.0,52.0
2002,HUNT,46.1,2002.0,2002.0,2002.0,2002.0,2002.0,95.0,87.0,59.0
2001,HUNT,33.8,2001.0,2001.0,2001.0,2001.0,2001.0,87.0,70.0,22.0
2000,HUNT,45.8,2000.0,2000.0,2000.0,2000.0,2000.0,92.0,77.0,40.0
2025,JOHNSON,48.1,2025.0,2025.0,2025.0,2025.0,2025.0,93.0,70.0,43.0
2023,JOHNSON,55.0,2023.0,2023.0,100.0,100.0,100.0,98.0,84.0,44.0
2022,JOHNSON,22.8,2022.0,2022.0,2022.0,2022.0,2022.0,96.0,79.0,37.0
2021,JOHNSON,58.4,1.0,1.0,1.0,1.0,1.0,95.0,71.0,31.0
2020,JOHNSON,48.1,2020.0,93.0,93.0,93.0,93.0,87.0,74.0,34.0
2019,JOHNSON,51.7,2019.0,2019.0,2019.0,2019.0,2019.0,90.0,67.0,42.0
2018,JOHNSON,46.4,2018.0,2018.0,2018.0,2018.0,2018.0,92.0,79.0,33.0
2017,JOHNSON,51.6,2017.0,2017.0,2017.0,2017.0,2017.0,93.0,75.0,30.0
2016,JOHNSON,29.2,2016.0,2016.0,2016.0,2016.0,2016.0,89.0,67.0,24.0
2015,JOHNSON,33.9,2015.0,2015.0,2015.0,2015.0,2015.0,92.0,77.0,41.0
2014,JOHNSON,37.5,2014.0,2014.0,2014.0,2014.0,2014.0,89.0,75.0,42.0
2013,JOHNSON,46.2,2013.0,2013.0,2013.0,2013.0,2013.0,91.0,82.0,43.0
2012,JOHNSON,53.7,2012.0,2012.0,2012.0,2012.0,2012.0,88.0,74.0,14.0
2011,JOHNSON,33.0,2011.0,2011.0,2011.0,2011.0,2011.0,89.0,85.0,36.0
2010,JOHNSON,42.7,2010.0,2010.0,2010.0,2010.0,2010.0,94.0,75.0,40.0
2009,JOHNSON,26.0,2009.0,2009.0,2009.0,2009.0,2009.0,94.0,81.0,42.0
2008,JOHNSON,43.0,2008.0,2008.0,2008.0,2008.0,2008.0,89.0,80.0,30.0
2007,JOHNSON,38.0,2007.0,2007.0,2007.0,2007.0,2007.0,92.0,84.0,41.0
2006,JOHNSON,23.0,2006.0,2006.0,2006.0,2006.0,2006.0,88.0,84.0,41.0
2005,JOHNSON,39.4,2005.0,2005.0,2005.0,2005.0,2005.0,91.0,83.0,61.0
2004,JOHNSON,33.6,2004.0,2004.0,2004.0,2004.0,2004.0,91.0,84.0,55.0
2003,JOHNSON,37.5,2003.0,2003.0,2003.0,2003.0,2003.0,93.0,83.0,52.0
2002,JOHNSON,49.3,2002.0,2002.0,2002.0,2002.0,2002.0,95.0,87.0,59.0
2001,JOHNSON,31.9,2001.0,2001.0,2001.0,2001.0,2001.0,87.0,70.0,22.0
2000,JOHNSON,38.6,2000.0,2000.0,2000.0,2000.0,2000.0,92.0,77.0,40.0
2022,KAUFMAN,17.5,2022.0,2022.0,2022.0,2022.0,2022.0,96.0,79.0,37.0
2018,KAUFMAN,53.4,2018.0,2018.0,2018.0,2018.0,2018.0,92.0,79.0,33.0
2016,KAUFMAN,22.2,2016.0,2016.0,2016.0,2016.0,2016.0,89.0,67.0,24.0
2015,KAUFMAN,21.0,2015.0,2015.0,2015.0,2015.0,2015.0,92.0,77.0,41.0
2014,KAUFMAN,46.2,2014.0,2014.0,2014.0,2014.0,2014.0,89.0,75.0,42.0
2013,KAUFMAN,44.0,2013.0,2013.0,2013.0,2013.0,2013.0,91.0,82.0,43.0
2011,KAUFMAN,27.0,2011.0,2011.0,2011.0,2011.0,2011.0,89.0,85.0,36.0
2010,KAUFMAN,24.2,2010.0,2010.0,2010.0,2010.0,2010.0,94.0,75.0,40.0
2009,KAUFMAN,22.0,2009.0,2009.0,2009.0,2009.0,2009.0,94.0,81.0,42.0
2008,KAUFMAN,22.5,2008.0,2008.0,2008.0,2008.0,2008.0,89.0,80.0,30.0
2006,KAUFMAN,41.0,2006.0,2006.0,2006.0,2006.0,2006.0,88.0,84.0,41.0
2005,KAUFMAN,38.8,2005.0,2005.0,2005.0,2005.0,2005.0,91.0,83.0,61.0
2004,KAUFMAN,49.0,2004.0,2004.0,2004.0,2004.0,2004.0,91.0,84.0,55.0
2003,KAUFMAN,36.5,2003.0,2003.0,2003.0,2003.0,2003.0,93.0,83.0,52.0
2002,KAUFMAN,42.1,2002.0,2002.0,2002.0,2002.0,2002.0,95.0,87.0,59.0
2001,KAUFMAN,37.5,2001.0,2001.0,2001.0,2001.0,2001.0,87.0,70.0,22.0
2000,KAUFMAN,43.0,2000.0,2000.0,2000.0,2000.0,2000.0,92.0,77.0,40.0
2025,LAMAR,47.4,2025.0,2025.0,2025.0,2025.0,2025.0,93.0,70.0,43.0
2022,LAMAR,48.1,2022.0,2022.0,2022.0,2022.0,2022.0,96.0,79.0,37.0
2021,LAMAR,49.9,1.0,1.0,1.0,1.0,1.0,95.0,71.0,31.0
2020,LAMAR,47.4,2020.0,93.0,93.0,93.0,93.0,87.0,74.0,34.0
2019,LAMAR,41.7,2019.0,2019.0,2019.0,2019.0,2019.0,90.0,67.0,42.0
2018,LAMAR,29.5,2018.0,2018.0,2018.0,2018.0,2018.0,92.0,79.0,33.0
2017,LAMAR,48.9,2017.0,2017.0,2017.0,2017.0,2017.0,93.0,75.0,30.0
2016,LAMAR,62.1,2016.0,2016.0,2016.0,2016.0,2016.0,89.0,67.0,24.0
2015,LAMAR,24.1,2015.0,2015.0,2015.0,2015.0,2015.0,92.0,77.0,41.0
2014,LAMAR,52.2,2014.0,2014.0,2014.0,2014.0,2014.0,89.0,75.0,42.0
2012,LAMAR,63.0,2012.0,2012.0,2012.0,2012.0,2012.0,88.0,74.0,14.0
2011,LAMAR,58.9,2011.0,2011.0,2011.0,2011.0,2011.0,89.0,85.0,36.0
2010,LAMAR,40.4,2010.0,2010.0,2010.0,2010.0,2010.0,94.0,75.0,40.0
2009,LAMAR,21.0,2009.0,2009.0,2009.0,2009.0,2009.0,94.0,81.0,42.0
2008,LAMAR,50.0,2008.0,2008.0,2008.0,2008.0,2008.0,89.0,80.0,30.0
2007,LAMAR,40.0,2007.0,2007.0,2007.0,2007.0,2007.0,92.0,84.0,41.0
2006,LAMAR,50.0,2006.0,2006.0,2006.0,2006.0,2006.0,88.0,84.0,41.0
2005,LAMAR,37.9,2005.0,2005.0,2005.0,2005.0,2005.0,91.0,83.0,61.0
2004,LAMAR,43.8,2004.0,2004.0,2004.0,2004.0,2004.0,91.0,84.0,55.0
2003,LAMAR,45.0,2003.0,2003.0,2003.0,2003.0,2003.0,93.0,83.0,52.0
2002,LAMAR,55.0,2002.0,2002.0,2002.0,2002.0,2002.0,95.0,87.0,59.0
2001,LAMAR,35.0,2001.0,2001.0,2001.0,2001.0,2001.0,87.0,70.0,22.0
2000,LAMAR,50.5,2000.0,2000.0,2000.0,2000.0,2000.0,92.0,77.0,40.0
2020,LIMESTONE,32.3,2020.0,93.0,93.0,93.0,93.0,87.0,74.0,34.0
2019,LIMESTONE,58.3,2019.0,2019.0,2019.0,2019.0,2019.0,90.0,67.0,42.0
2015,LIMESTONE,37.2,2015.0,2015.0,2015.0,2015.0,2015.0,92.0,77.0,41.0
2013,LIMESTONE,66.0,2013.0,2013.0,2013.0,2013.0,2013.0,91.0,82.0,43.0
2012,LIMESTONE,46.0,2012.0,2012.0,2012.0,2012.0,2012.0,88.0,74.0,14.0
2011,LIMESTONE,33.0,2011.0,2011.0,2011.0,2011.0,2011.0,89.0,85.0,36.0
2010,LIMESTONE,44.1,2010.0,2010.0,2010.0,2010.0,2010.0,94.0,75.0,40.0
2009,LIMESTONE,25.5,2009.0,2009.0,2009.0,2009.0,2009.0,94.0,81.0,42.0
2006,LIMESTONE,40.0,2006.0,2006.0,2006.0,2006.0,2006.0,88.0,84.0,41.0
2005,LIMESTONE,31.3,2005.0,2005.0,2005.0,2005.0,2005.0,91.0,83.0,61.0
2004,LIMESTONE,18.8,2004.0,2004.0,2004.0,2004.0,2004.0,91.0,84.0,55.0
2003,LIMESTONE,33.8,2003.0,2003.0,2003.0,2003.0,2003.0,93.0,83.0,52.0
2002,LIMESTONE,41.3,2002.0,2002.0,2002.0,2002.0,2002.0,95.0,87.0,59.0
2001,LIMESTONE,30.0,2001.0,2001.0,2001.0,2001.0,2001.0,87.0,70.0,22.0
2000,LIMESTONE,39.5,2000.0,2000.0,2000.0,2000.0,2000.0,92.0,77.0,40.0
2023,MCLENNAN,56.9,2023.0,2023.0,100.0,100.0,100.0,98.0,84.0,44.0
2022,MCLENNAN,24.4,2022.0,2022.0,2022.0,2022.0,2022.0,96.0,79.0,37.0
2021,MCLENNAN,56.1,1.0,1.0,1.0,1.0,1.0,95.0,71.0,31.0
2020,MCLENNAN,45.3,2020.0,93.0,93.0,93.0,93.0,87.0,74.0,34.0
2019,MCLENNAN,48.4,2019.0,2019.0,2019.0,2019.0,2019.0,90.0,67.0,42.0
2018,MCLENNAN,51.8,2018.0,2018.0,2018.0,2018.0,2018.0,92.0,79.0,33.0
2017,MCLENNAN,37.6,2017.0,2017.0,2017.0,2017.0,2017.0,93.0,75.0,30.0
2016,MCLENNAN,35.9,2016.0,2016.0,2016.0,2016.0,2016.0,89.0,67.0,24.0
2015,MCLENNAN,48.2,2015.0,2015.0,2015.0,2015.0,2015.0,92.0,77.0,41.0
2014,MCLENNAN,47.9,2014.0,2014.0,2014.0,2014.0,2014.0,89.0,75.0,42.0
2013,MCLENNAN,50.0,2013.0,2013.0,2013.0,2013.0,2013.0,91.0,82.0,43.0
2012,MCLENNAN,53.0,2012.0,2012.0,2012.0,2012.0,2012.0,88.0,74.0,14.0
2011,MCLENNAN,36.0,2011.0,2011.0,2011.0,2011.0,2011.0,89.0,85.0,36.0
2010,MCLENNAN,45.8,2010.0,2010.0,2010.0,2010.0,2010.0,94.0,75.0,40.0
2009,MCLENNAN,28.5,2009.0,2009.0,2009.0,2009.0,2009.0,94.0,81.0,42.0
2008,MCLENNAN,48.5,2008.0,2008.0,2008.0,2008.0,2008.0,89.0,80.0,30.0
2007,MCLENNAN,40.0,2007.0,2007.0,2007.0,2007.0,2007.0,92.0,84.0,41.0
2006,MCLENNAN,32.0,2006.0,2006.0,2006.0,2006.0,2006.0,88.0,84.0,41.0
2005,MCLENNAN,32.5,2005.0,2005.0,2005.0,2005.0,2005.0,91.0,83.0,61.0
2004,MCLENNAN,46.0,2004.0,2004.0,2004.0,2004.0,2004.0,91.0,84.0,55.0
2003,MCLENNAN,38.8,2003.0,2003.0,2003.0,2003.0,2003.0,93.0,83.0,52.0
2002,MCLENNAN,39.8,2002.0,2002.0,2002.0,2002.0,2002.0,95.0,87.0,59.0
2001,MCLENNAN,44.3,2001.0,2001.0,2001.0,2001.0,2001.0,87.0,70.0,22.0
2000,MCLENNAN,41.0,2000.0,2000.0,2000.0,2000.0,2000.0,92.0,77.0,40.0
2023,MILAM,46.2,2023.0,2023.0,100.0,100.0,100.0,98.0,84.0,44.0
2022,MILAM,27.0,2022.0,2022.0,2022.0,2022.0,2022.0,96.0,79.0,37.0
2021,MILAM,47.0,1.0,1.0,1.0,1.0,1.0,95.0,71.0,31.0
2020,MILAM,37.9,2020.0,93.0,93.0,93.0,93.0,87.0,74.0,34.0
2019,MILAM,50.3,2019.0,2019.0,2019.0,2019.0,2019.0,90.0,67.0,42.0
2018,MILAM,51.2,2018.0,2018.0,2018.0,2018.0,2018.0,92.0,79.0,33.0
2017,MILAM,24.0,2017.0,2017.0,2017.0,2017.0,2017.0,93.0,75.0,30.0
2016,MILAM,20.2,2016.0,2016.0,2016.0,2016.0,2016.0,89.0,67.0,24.0
2014,MILAM,51.6,2014.0,2014.0,2014.0,2014.0,2014.0,89.0,75.0,42.0
2013,MILAM,45.1,2013.0,2013.0,2013.0,2013.0,2013.0,91.0,82.0,43.0
2012,MILAM,46.7,2012.0,2012.0,2012.0,2012.0,2012.0,88.0,74.0,14.0
2011,MILAM,30.9,2011.0,2011.0,2011.0,2011.0,2011.0,89.0,85.0,36.0
2010,MILAM,44.1,2010.0,2010.0,2010.0,2010.0,2010.0,94.0,75.0,40.0
2009,MILAM,23.0,2009.0,2009.0,2009.0,2009.0,2009.0,94.0,81.0,42.0
2008,MILAM,49.5,2008.0,2008.0,2008.0,2008.0,2008.0,89.0,80.0,30.0
2007,MILAM,50.0,2007.0,2007.0,2007.0,2007.0,2007.0,92.0,84.0,41.0
2006,MILAM,25.0,2006.0,2006.0,2006.0,2006.0,2006.0,88.0,84.0,41.0
2005,MILAM,23.9,2005.0,2005.0,2005.0,2005.0,2005.0,91.0,83.0,61.0
2004,MILAM,35.1,2004.0,2004.0,2004.0,2004.0,2004.0,91.0,84.0,55.0
2003,MILAM,44.7,2003.0,2003.0,2003.0,2003.0,2003.0,93.0,83.0,52.0
2002,MILAM,33.3,2002.0,2002.0,2002.0,2002.0,2002.0,95.0,87.0,59.0
2001,MILAM,39.0,2001.0,2001.0,2001.0,2001.0,2001.0,87.0,70.0,22.0
2000,MILAM,41.3,2000.0,2000.0,2000.0,2000.0,2000.0,92.0,77.0,40.0
2022,NAVARRO,42.9,2022.0,2022.0,2022.0,2022.0,2022.0,96.0,79.0,37.0
2021,NAVARRO,50.3,1.0,1.0,1.0,1.0,1.0,95.0,71.0,31.0
2020,NAVARRO,36.7,2020.0,93.0,93.0,93.0,93.0,87.0,74.0,34.0
2019,NAVARRO,48.0,2019.0,2019.0,2019.0,2019.0,2019.0,90.0,67.0,42.0
2018,NAVARRO,39.6,2018.0,2018.0,2018.0,2018.0,2018.0,92.0,79.0,33.0
2017,NAVARRO,39.5,2017.0,2017.0,2017.0,2017.0,2017.0,93.0,75.0,30.0
2016,NAVARRO,27.4,2016.0,2016.0,2016.0,2016.0,2016.0,89.0,67.0,24.0
2015,NAVARRO,38.3,2015.0,2015.0,2015.0,2015.0,2015.0,92.0,77.0,41.0
2014,NAVARRO,28.6,2014.0,2014.0,2014.0,2014.0,2014.0,89.0,75.0,42.0
2013,NAVARRO,55.0,2013.0,2013.0,2013.0,2013.0,2013.0,91.0,82.0,43.0
2012,NAVARRO,46.5,2012.0,2012.0,2012.0,2012.0,2012.0,88.0,74.0,14.0
2011,NAVARRO,30.9,2011.0,2011.0,2011.0,2011.0,2011.0,89.0,85.0,36.0
2010,NAVARRO,36.9,2010.0,2010.0,2010.0,2010.0,2010.0,94.0,75.0,40.0
2009,NAVARRO,28.5,2009.0,2009.0,2009.0,2009.0,2009.0,94.0,81.0,42.0
2008,NAVARRO,31.5,2008.0,2008.0,2008.0,2008.0,2008.0,89.0,80.0,30.0
2007,NAVARRO,30.0,2007.0,2007.0,2007.0,2007.0,2007.0,92.0,84.0,41.0
2006,NAVARRO,34.0,2006.0,2006.0,2006.0,2006.0,2006.0,88.0,84.0,41.0
2005,NAVARRO,20.0,2005.0,2005.0,2005.0,2005.0,2005.0,91.0,83.0,61.0
2004,NAVARRO,41.1,2004.0,2004.0,2004.0,2004.0,2004.0,91.0,84.0,55.0
2003,NAVARRO,34.0,2003.0,2003.0,2003.0,2003.0,2003.0,93.0,83.0,52.0
2002,NAVARRO,42.4,2002.0,2002.0,2002.0,2002.0,2002.0,95.0,87.0,59.0
2001,NAVARRO,36.7,2001.0,2001.0,2001.0,2001.0,2001.0,87.0,70.0,22.0
2000,NAVARRO,27.6,2000.0,2000.0,2000.0,2000.0,2000.0,92.0,77.0,40.0
2006,ROCKWALL,37.0,2006.0,2006.0,2006.0,2006.0,2006.0,88.0,84.0,41.0
2005,ROCKWALL,44.8,2005.0,2005.0,2005.0,2005.0,2005.0,91.0,83.0,61.0
2004,ROCKWALL,58.6,2004.0,2004.0,2004.0,2004.0,2004.0,91.0,84.0,55.0
2003,ROCKWALL,35.0,2003.0,2003.0,2003.0,2003.0,2003.0,93.0,83.0,52.0
2002,ROCKWALL,41.5,2002.0,2002.0,2002.0,2002.0,2002.0,95.0,87.0,59.0
2001,ROCKWALL,33.3,2001.0,2001.0,2001.0,2001.0,2001.0,87.0,70.0,22.0
2000,ROCKWALL,49.4,2000.0,2000.0,2000.0,2000.0,2000.0,92.0,77.0,40.0
2011,TARRANT,35.2,2011.0,2011.0,2011.0,2011.0,2011.0,89.0,85.0,36.0
2008,TARRANT,45.5,2008.0,2008.0,2008.0,2008.0,2008.0,89.0,80.0,30.0
2007,TARRANT,43.0,2007.0,2007.0,2007.0,2007.0,2007.0,92.0,84.0,41.0
2006,TARRANT,27.0,2006.0,2006.0,2006.0,2006.0,2006.0,88.0,84.0,41.0
2005,TARRANT,30.8,2005.0,2005.0,2005.0,2005.0,2005.0,91.0,83.0,61.0
2004,TARRANT,42.5,2004.0,2004.0,2004.0,2004.0,2004.0,91.0,84.0,55.0
2003,TARRANT,35.0,2003.0,2003.0,2003.0,2003.0,2003.0,93.0,83.0,52.0
2002,TARRANT,29.2,2002.0,2002.0,2002.0,2002.0,2002.0,95.0,87.0,59.0
2001,TARRANT,28.6,2001.0,2001.0,2001.0,2001.0,2001.0,87.0,70.0,22.0
2000,TARRANT,25.6,2000.0,2000.0,2000.0,2000.0,2000.0,92.0,77.0,40.0
2022,WILLIAMSON,34.9,2022.0,2022.0,2022.0,2022.0,2022.0,96.0,79.0,37.0
2021,WILLIAMSON,49.0,1.0,1.0,1.0,1.0,1.0,95.0,71.0,31.0
2020,WILLIAMSON,47.6,2020.0,93.0,93.0,93.0,93.0,87.0,74.0,34.0
2019,WILLIAMSON,47.6,2019.0,2019.0,2019.0,2019.0,2019.0,90.0,67.0,42.0
2018,WILLIAMSON,49.4,2018.0,2018.0,2018.0,2018.0,2018.0,92.0,79.0,33.0
2017,WILLIAMSON,29.5,2017.0,2017.0,2017.0,2017.0,2017.0,93.0,75.0,30.0
2016,WILLIAMSON,36.9,2016.0,2016.0,2016.0,2016.0,2016.0,89.0,67.0,24.0
2015,WILLIAMSON,43.2,2015.0,2015.0,2015.0,2015.0,2015.0,92.0,77.0,41.0
2014,WILLIAMSON,53.4,2014.0,2014.0,2014.0,2014.0,2014.0,89.0,75.0,42.0
2013,WILLIAMSON,44.9,2013.0,2013.0,2013.0,2013.0,2013.0,91.0,82.0,43.0
2012,WILLIAMSON,46.0,2012.0,2012.0,2012.0,2012.0,2012.0,88.0,74.0,14.0
2011,WILLIAMSON,26.0,2011.0,2011.0,2011.0,2011.0,2011.0,89.0,85.0,36.0
2010,WILLIAMSON,55.0,2010.0,2010.0,2010.0,2010.0,2010.0,94.0,75.0,40.0
2009,WILLIAMSON,25.0,2009.0,2009.0,2009.0,2009.0,2009.0,94.0,81.0,42.0
2008,WILLIAMSON,44.5,2008.0,2008.0,2008.0,2008.0,2008.0,89.0,80.0,30.0
2007,WILLIAMSON,42.0,2007.0,2007.0,2007.0,2007.0,2007.0,92.0,84.0,41.0
2006,WILLIAMSON,32.0,2006.0,2006.0,2006.0,2006.0,2006.0,88.0,84.0,41.0
2005,WILLIAMSON,30.5,2005.0,2005.0,2005.0,2005.0,2005.0,91.0,83.0,61.0
2004,WILLIAMSON,30.8,2004.0,2004.0,2004.0,2004.0,2004.0,91.0,84.0,55.0
2003,WILLIAMSON,31.2,2003.0,2003.0,2003.0,2003.0,2003.0,93.0,83.0,52.0
2002,WILLIAMSON,28.3,2002.0,2002.0,2002.0,2002.0,2002.0,95.0,87.0,59.0
2001,WILLIAMSON,41.0,2001.0,2001.0,2001.0,2001.0,2001.0,87.0,70.0,22.0
2000,WILLIAMSON,30.0,2000.0,2000.0,2000.0,2000.0,2000.0,92.0,77.0,40.0
2017,OTHER (COMBINED) COUNTIES,36.7,2017.0,2017.0,2017.0,2017.0,2017.0,93.0,75.0,30.0
2016,OTHER (COMBINED) COUNTIES,47.6,2016.0,2016.0,2016.0,2016.0,2016.0,89.0,67.0,24.0
2015,OTHER (COMBINED) COUNTIES,21.6,2015.0,2015.0,2015.0,2015.0,2015.0,92.0,77.0,41.0
2012,OTHER (COMBINED) COUNTIES,43.9,2012.0,2012.0,2012.0,2012.0,2012.0,88.0,74.0,14.0
2011,OTHER (COMBINED) COUNTIES,40.0,2011.0,2011.0,2011.0,2011.0,2011.0,89.0,85.0,36.0
2010,OTHER (COMBINED) COUNTIES,36.3,2010.0,2010.0,2010.0,2010.0,2010.0,94.0,75.0,40.0
2009,OTHER (COMBINED) COUNTIES,36.5,2009.0,2009.0,2009.0,2009.0,2009.0,94.0,81.0,42.0
2008,OTHER (COMBINED) COUNTIES,57.5,2008.0,2008.0,2008.0,2008.0,2008.0,89.0,80.0,30.0
2006,OTHER (COMBINED) COUNTIES,28.0,2006.0,2006.0,2006.0,2006.0,2006.0,88.0,84.0,41.0
2005,OTHER (COMBINED) COUNTIES,30.0,2005.0,2005.0,2005.0,2005.0,2005.0,91.0,83.0,61.0
2004,OTHER (COMBINED) COUNTIES,39.0,2004.0,2004.0,2004.0,2004.0,2004.0,91.0,84.0,55.0
2003,OTHER (COMBINED) COUNTIES,40.0,2003.0,2003.0,2003.0,2003.0,2003.0,93.0,83.0,52.0
2002,OTHER (COMBINED) COUNTIES,6.7,2002.0,2002.0,2002.0,2002.0,2002.0,95.0,87.0,59.0
2001,OTHER (COMBINED) COUNTIES,35.0,2001.0,2001.0,2001.0,2001.0,2001.0,87.0,70.0,22.0
2000,OTHER (COMBINED) COUNTIES,35.0,2000.0,2000.0,2000.0,2000.0,2000.0,92.0,77.0,40.0
2006,ANDERSON,25.0,2006.0,2006.0,2006.0,2006.0,2006.0,88.0,84.0,41.0
2005,ANDERSON,30.0,2005.0,2005.0,2005.0,2005.0,2005.0,91.0,83.0,61.0
2004,ANDERSON,31.3,2004.0,2004.0,2004.0,2004.0,2004.0,91.0,84.0,55.0
2003,ANDERSON,27.9,2003.0,2003.0,2003.0,2003.0,2003.0,93.0,83.0,52.0
2002,ANDERSON,40.0,2002.0,2002.0,2002.0,2002.0,2002.0,95.0,87.0,59.0
2001,ANDERSON,34.0,2001.0,2001.0,2001.0,2001.0,2001.0,87.0,70.0,22.0
2000,ANDERSON,37.0,2000.0,2000.0,2000.0,2000.0,2000.0,92.0,77.0,40.0
2015,BOWIE,26.0,2015.0,2015.0,2015.0,2015.0,2015.0,92.0,77.0,41.0
2012,BOWIE,50.4,2012.0,2012.0,2012.0,2012.0,2012.0,88.0,74.0,14.0
2011,BOWIE,47.7,2011.0,2011.0,2011.0,2011.0,2011.0,89.0,85.0,36.0
2008,BOWIE,60.5,2008.0,2008.0,2008.0,2008.0,2008.0,89.0,80.0,30.0
2006,BOWIE,36.0,2006.0,2006.0,2006.0,2006.0,2006.0,88.0,84.0,41.0
2005,BOWIE,44.0,2005.0,2005.0,2005.0,2005.0,2005.0,91.0,83.0,61.0
2004,BOWIE,40.4,2004.0,2004.0,2004.0,2004.0,2004.0,91.0,84.0,55.0
2003,BOWIE,46.5,2003.0,2003.0,2003.0,2003.0,2003.0,93.0,83.0,52.0
2002,BOWIE,44.5,2002.0,2002.0,2002.0,2002.0,2002.0,95.0,87.0,59.0
2001,BOWIE,34.3,2001.0,2001.0,2001.0,2001.0,2001.0,87.0,70.0,22.0
2000,BOWIE,37.0,2000.0,2000.0,2000.0,2000.0,2000.0,92.0,77.0,40.0
2006,FRANKLIN,33.0,2006.0,2006.0,2006.0,2006.0,2006.0,88.0,84.0,41.0
2005,FRANKLIN,38.0,2005.0,2005.0,2005.0,2005.0,2005.0,91.0,83.0,61.0
2003,FRANKLIN,37.5,2003.0,2003.0,2003.0,2003.0,2003.0,93.0,83.0,52.0
2000,FRANKLIN,37.5,2000.0,2000.0,2000.0,2000.0,2000.0,92.0,77.0,40.0
2006,HENDERSON,31.0,2006.0,2006.0,2006.0,2006.0,2006.0,88.0,84.0,41.0
2005,HENDERSON,38.0,2005.0,2005.0,2005.0,2005.0,2005.0,91.0,83.0,61.0
2004,HENDERSON,43.3,2004.0,2004.0,2004.0,2004.0,2004.0,91.0,84.0,55.0
2003,HENDERSON,33.3,2003.0,2003.0,2003.0,2003.0,2003.0,93.0,83.0,52.0
2002,HENDERSON,40.0,2002.0,2002.0,2002.0,2002.0,2002.0,95.0,87.0,59.0
2006,HOPKINS,32.0,2006.0,2006.0,2006.0,2006.0,2006.0,88.0,84.0,41.0
2005,HOPKINS,37.0,2005.0,2005.0,2005.0,2005.0,2005.0,91.0,83.0,61.0
2004,HOPKINS,44.0,2004.0,2004.0,2004.0,2004.0,2004.0,91.0,84.0,55.0
2003,HOPKINS,31.7,2003.0,2003.0,2003.0,2003.0,2003.0,93.0,83.0,52.0
2002,HOPKINS,28.6,2002.0,2002.0,2002.0,2002.0,2002.0,95.0,87.0,59.0
2001,HOPKINS,35.0,2001.0,2001.0,2001.0,2001.0,2001.0,87.0,70.0,22.0
2000,HOPKINS,35.8,2000.0,2000.0,2000.0,2000.0,2000.0,92.0,77.0,40.0
2008,HOUSTON,45.5,2008.0,2008.0,2008.0,2008.0,2008.0,89.0,80.0,30.0
2005,HOUSTON,30.0,2005.0,2005.0,2005.0,2005.0,2005.0,91.0,83.0,61.0
2003,HOUSTON,25.0,2003.0,2003.0,2003.0,2003.0,2003.0,93.0,83.0,52.0
2002,HOUSTON,16.0,2002.0,2002.0,2002.0,2002.0,2002.0,95.0,87.0,59.0
2001,HOUSTON,30.0,2001.0,2001.0,2001.0,2001.0,2001.0,87.0,70.0,22.0
2000,HOUSTON,38.3,2000.0,2000.0,2000.0,2000.0,2000.0,92.0,77.0,40.0
2003,RAINS,32.5,2003.0,2003.0,2003.0,2003.0,2003.0,93.0,83.0,52.0
2002,RAINS,40.0,2002.0,2002.0,2002.0,2002.0,2002.0,95.0,87.0,59.0
2001,RAINS,30.0,2001.0,2001.0,2001.0,2001.0,2001.0,87.0,70.0,22.0
2000,RAINS,36.0,2000.0,2000.0,2000.0,2000.0,2000.0,92.0,77.0,40.0
2012,RED RIVER,30.0,2012.0,2012.0,2012.0,2012.0,2012.0,88.0,74.0,14.0
2011,RED RIVER,48.9,2011.0,2011.0,2011.0,2011.0,2011.0,89.0,85.0,36.0
2009,RED RIVER,23.0,2009.0,2009.0,2009.0,2009.0,2009.0,94.0,81.0,42.0
2008,RED RIVER,49.5,2008.0,2008.0,2008.0,2008.0,2008.0,89.0,80.0,30.0
2006,RED RIVER,38.0,2006.0,2006.0,2006.0,2006.0,2006.0,88.0,84.0,41.0
2005,RED RIVER,38.8,2005.0,2005.0,2005.0,2005.0,2005.0,91.0,83.0,61.0
2004,RED RIVER,50.0,2004.0,2004.0,2004.0,2004.0,2004.0,91.0,84.0,55.0
2003,RED RIVER,38.0,2003.0,2003.0,2003.0,2003.0,2003.0,93.0,83.0,52.0
2002,RED RIVER,42.4,2002.0,2002.0,2002.0,2002.0,2002.0,95.0,87.0,59.0
2001,RED RIVER,36.7,2001.0,2001.0,2001.0,2001.0,2001.0,87.0,70.0,22.0
2000,RED RIVER,36.9,2000.0,2000.0,2000.0,2000.0,2000.0,92.0,77.0,40.0
2006,RUSK,33.0,2006.0,2006.0,2006.0,2006.0,2006.0,88.0,84.0,41.0
2006,UPSHUR,30.0,2006.0,2006.0,2006.0,2006.0,2006.0,88.0,84.0,41.0
2004,VAN ZANDT,30.0,2004.0,2004.0,2004.0,2004.0,2004.0,91.0,84.0,55.0
2003,VAN ZANDT,30.0,2003.0,2003.0,2003.0,2003.0,2003.0,93.0,83.0,52.0
2002,VAN ZANDT,40.0,2002.0,2002.0,2002.0,2002.0,2002.0,95.0,87.0,59.0
2001,VAN ZANDT,35.0,2001.0,2001.0,2001.0,2001.0,2001.0,87.0,70.0,22.0
2000,VAN ZANDT,37.5,2000.0,2000.0,2000.0,2000.0,2000.0,92.0,77.0,40.0
2006,WOOD,33.0,2006.0,2006.0,2006.0,2006.0,2006.0,88.0,84.0,41.0
2004,WOOD,40.0,2004.0,2004.0,2004.0,2004.0,2004.0,91.0,84.0,55.0
2003,WOOD,30.0,2003.0,2003.0,2003.0,2003.0,2003.0,93.0,83.0,52.0
2000,WOOD,33.3,2000.0,2000.0,2000.0,2000.0,2000.0,92.0,77.0,40.0
2015,OTHER (COMBINED) COUNTIES,32.5,2015.0,2015.0,2015.0,2015.0,2015.0,92.0,77.0,41.0
2014,OTHER (COMBINED) COUNTIES,51.3,2014.0,2014.0,2014.0,2014.0,2014.0,89.0,75.0,42.0
2012,OTHER (COMBINED) COUNTIES,26.7,2012.0,2012.0,2012.0,2012.0,2012.0,88.0,74.0,14.0
2009,OTHER (COMBINED) COUNTIES,27.5,2009.0,2009.0,2009.0,2009.0,2009.0,94.0,81.0,42.0
2007,OTHER (COMBINED) COUNTIES,46.0,2007.0,2007.0,2007.0,2007.0,2007.0,92.0,84.0,41.0
2006,OTHER (COMBINED) COUNTIES,30.0,2006.0,2006.0,2006.0,2006.0,2006.0,88.0,84.0,41.0
2005,OTHER (COMBINED) COUNTIES,25.7,2005.0,2005.0,2005.0,2005.0,2005.0,91.0,83.0,61.0
2004,OTHER (COMBINED) COUNTIES,30.0,2004.0,2004.0,2004.0,2004.0,2004.0,91.0,84.0,55.0
2003,OTHER (COMBINED) COUNTIES,23.0,2003.0,2003.0,2003.0,2003.0,2003.0,93.0,83.0,52.0
2002,OTHER (COMBINED) COUNTIES,30.0,2002.0,2002.0,2002.0,2002.0,2002.0,95.0,87.0,59.0
2001,OTHER (COMBINED) COUNTIES,35.0,2001.0,2001.0,2001.0,2001.0,2001.0,87.0,70.0,22.0
2000,OTHER (COMBINED) COUNTIES,26.7,2000.0,2000.0,2000.0,2000.0,2000.0,92.0,77.0,40.0
2006,ANGELINA,25.0,2006.0,2006.0,2006.0,2006.0,2006.0,88.0,84.0,41.0
2000,BRAZOS,36.7,2000.0,2000.0,2000.0,2000.0,2000.0,92.0,77.0,40.0
2001,HARDIN,34.5,2001.0,2001.0,2001.0,2001.0,2001.0,87.0,70.0,22.0
2015,ROBERTSON,45.3,2015.0,2015.0,2015.0,2015.0,2015.0,92.0,77.0,41.0
2014,ROBERTSON,48.6,2014.0,2014.0,2014.0,2014.0,2014.0,89.0,75.0,42.0
2012,ROBERTSON,33.3,2012.0,2012.0,2012.0,2012.0,2012.0,88.0,74.0,14.0
2006,ROBERTSON,28.0,2006.0,2006.0,2006.0,2006.0,2006.0,88.0,84.0,41.0
2004,ROBERTSON,30.0,2004.0,2004.0,2004.0,2004.0,2004.0,91.0,84.0,55.0
2002,ROBERTSON,30.0,2002.0,2002.0,2002.0,2002.0,2002.0,95.0,87.0,59.0
2001,ROBERTSON,27.1,2001.0,2001.0,2001.0,2001.0,2001.0,87.0,70.0,22.0
2000,TRINITY,0.0,2000.0,2000.0,2000.0,2000.0,2000.0,92.0,77.0,40.0
2009,WALLER,14.0,2009.0,2009.0,2009.0,2009.0,2009.0,94.0,81.0,42.0
2016,OTHER (COMBINED) COUNTIES,52.6,2016.0,2016.0,2016.0,2016.0,2016.0,89.0,67.0,24.0
2014,OTHER (COMBINED) COUNTIES,52.2,2014.0,2014.0,2014.0,2014.0,2014.0,89.0,75.0,42.0
2013,OTHER (COMBINED) COUNTIES,36.9,2013.0,2013.0,2013.0,2013.0,2013.0,91.0,82.0,43.0
2011,OTHER (COMBINED) COUNTIES,50.7,2011.0,2011.0,2011.0,2011.0,2011.0,89.0,85.0,36.0
2010,OTHER (COMBINED) COUNTIES,56.9,2010.0,2010.0,2010.0,2010.0,2010.0,94.0,75.0,40.0
2009,OTHER (COMBINED) COUNTIES,41.0,2009.0,2009.0,2009.0,2009.0,2009.0,94.0,81.0,42.0
2007,OTHER (COMBINED) COUNTIES,39.0,2007.0,2007.0,2007.0,2007.0,2007.0,92.0,84.0,41.0
2006,OTHER (COMBINED) COUNTIES,27.0,2006.0,2006.0,2006.0,2006.0,2006.0,88.0,84.0,41.0
2005,OTHER (COMBINED) COUNTIES,0.0,2005.0,2005.0,2005.0,2005.0,2005.0,91.0,83.0,61.0
2004,OTHER (COMBINED) COUNTIES,41.4,2004.0,2004.0,2004.0,2004.0,2004.0,91.0,84.0,55.0
2003,OTHER (COMBINED) COUNTIES,42.2,2003.0,2003.0,2003.0,2003.0,2003.0,93.0,83.0,52.0
2002,OTHER (COMBINED) COUNTIES,34.2,2002.0,2002.0,2002.0,2002.0,2002.0,95.0,87.0,59.0
2001,OTHER (COMBINED) COUNTIES,40.0,2001.0,2001.0,2001.0,2001.0,2001.0,87.0,70.0,22.0
2000,OTHER (COMBINED) COUNTIES,18.3,2000.0,2000.0,2000.0,2000.0,2000.0,92.0,77.0,40.0
2006,CULBERSON,24.0,2006.0,2006.0,2006.0,2006.0,2006.0,88.0,84.0,41.0
2005,CULBERSON,42.9,2005.0,2005.0,2005.0,2005.0,2005.0,91.0,83.0,61.0
2009,EL PASO,56.5,2009.0,2009.0,2009.0,2009.0,2009.0,94.0,81.0,42.0
2005,EL PASO,28.0,2005.0,2005.0,2005.0,2005.0,2005.0,91.0,83.0,61.0
2002,EL PASO,50.0,2002.0,2002.0,2002.0,2002.0,2002.0,95.0,87.0,59.0
2000,EL PASO,30.0,2000.0,2000.0,2000.0,2000.0,2000.0,92.0,77.0,40.0
2010,HUDSPETH,54.6,2010.0,2010.0,2010.0,2010.0,2010.0,94.0,75.0,40.0
2006,HUDSPETH,25.0,2006.0,2006.0,2006.0,2006.0,2006.0,88.0,84.0,41.0
2002,HUDSPETH,43.0,2002.0,2002.0,2002.0,2002.0,2002.0,95.0,87.0,59.0
2009,PECOS,31.0,2009.0,2009.0,2009.0,2009.0,2009.0,94.0,81.0,42.0
2006,PECOS,19.0,2006.0,2006.0,2006.0,2006.0,2006.0,88.0,84.0,41.0
2005,PECOS,20.7,2005.0,2005.0,2005.0,2005.0,2005.0,91.0,83.0,61.0
2004,PECOS,20.3,2004.0,2004.0,2004.0,2004.0,2004.0,91.0,84.0,55.0
2003,PECOS,37.9,2003.0,2003.0,2003.0,2003.0,2003.0,93.0,83.0,52.0
2002,PECOS,30.6,2002.0,2002.0,2002.0,2002.0,2002.0,95.0,87.0,59.0
2001,PECOS,32.0,2001.0,2001.0,2001.0,2001.0,2001.0,87.0,70.0,22.0
2000,PECOS,20.0,2000.0,2000.0,2000.0,2000.0,2000.0,92.0,77.0,40.0
2010,REEVES,35.8,2010.0,2010.0,2010.0,2010.0,2010.0,94.0,75.0,40.0
2007,REEVES,40.0,2007.0,2007.0,2007.0,2007.0,2007.0,92.0,84.0,41.0
2006,REEVES,26.0,2006.0,2006.0,2006.0,2006.0,2006.0,88.0,84.0,41.0
2005,REEVES,30.4,2005.0,2005.0,2005.0,2005.0,2005.0,91.0,83.0,61.0
2004,REEVES,44.0,2004.0,2004.0,2004.0,2004.0,2004.0,91.0,84.0,55.0
2003,REEVES,43.6,2003.0,2003.0,2003.0,2003.0,2003.0,93.0,83.0,52.0
2002,REEVES,37.5,2002.0,2002.0,2002.0,2002.0,2002.0,95.0,87.0,59.0
2001,REEVES,38.5,2001.0,2001.0,2001.0,2001.0,2001.0,87.0,70.0,22.0
2000,REEVES,30.0,2000.0,2000.0,2000.0,2000.0,2000.0,92.0,77.0,40.0
2005,WINKLER,45.0,2005.0,2005.0,2005.0,2005.0,2005.0,91.0,83.0,61.0
2004,WINKLER,45.0,2004.0,2004.0,2004.0,2004.0,2004.0,91.0,84.0,55.0
2019,OTHER (COMBINED) COUNTIES,26.6,2019.0,2019.0,2019.0,2019.0,2019.0,90.0,67.0,42.0
2018,OTHER (COMBINED) COUNTIES,20.7,2018.0,2018.0,2018.0,2018.0,2018.0,92.0,79.0,33.0
2017,OTHER (COMBINED) COUNTIES,23.5,2017.0,2017.0,2017.0,2017.0,2017.0,93.0,75.0,30.0
2016,OTHER (COMBINED) COUNTIES,31.1,2016.0,2016.0,2016.0,2016.0,2016.0,89.0,67.0,24.0
2015,OTHER (COMBINED) COUNTIES,22.5,2015.0,2015.0,2015.0,2015.0,2015.0,92.0,77.0,41.0
2014,OTHER (COMBINED) COUNTIES,14.0,2014.0,2014.0,2014.0,2014.0,2014.0,89.0,75.0,42.0
2013,OTHER (COMBINED) COUNTIES,15.3,2013.0,2013.0,2013.0,2013.0,2013.0,91.0,82.0,43.0
2012,OTHER (COMBINED) COUNTIES,23.4,2012.0,2012.0,2012.0,2012.0,2012.0,88.0,74.0,14.0
2011,OTHER (COMBINED) COUNTIES,45.3,2011.0,2011.0,2011.0,2011.0,2011.0,89.0,85.0,36.0
2010,OTHER (COMBINED) COUNTIES,30.1,2010.0,2010.0,2010.0,2010.0,2010.0,94.0,75.0,40.0
2009,OTHER (COMBINED) COUNTIES,23.5,2009.0,2009.0,2009.0,2009.0,2009.0,94.0,81.0,42.0
2008,OTHER (COMBINED) COUNTIES,13.5,2008.0,2008.0,2008.0,2008.0,2008.0,89.0,80.0,30.0
2007,OTHER (COMBINED) COUNTIES,23.0,2007.0,2007.0,2007.0,2007.0,2007.0,92.0,84.0,41.0
2006,OTHER (COMBINED) COUNTIES,28.0,2006.0,2006.0,2006.0,2006.0,2006.0,88.0,84.0,41.0
2005,OTHER (COMBINED) COUNTIES,22.3,2005.0,2005.0,2005.0,2005.0,2005.0,91.0,83.0,61.0
2004,OTHER (COMBINED) COUNTIES,23.1,2004.0,2004.0,2004.0,2004.0,2004.0,91.0,84.0,55.0
2003,OTHER (COMBINED) COUNTIES,27.4,2003.0,2003.0,2003.0,2003.0,2003.0,93.0,83.0,52.0
2002,OTHER (COMBINED) COUNTIES,19.6,2002.0,2002.0,2002.0,2002.0,2002.0,95.0,87.0,59.0
2001,OTHER (COMBINED) COUNTIES,35.0,2001.0,2001.0,2001.0,2001.0,2001.0,87.0,70.0,22.0
2000,OTHER (COMBINED) COUNTIES,25.0,2000.0,2000.0,2000.0,2000.0,2000.0,92.0,77.0,40.0
2002,BURNET,26.7,2002.0,2002.0,2002.0,2002.0,2002.0,95.0,87.0,59.0
2020,COKE,29.2,2020.0,93.0,93.0,93.0,93.0,87.0,74.0,34.0
2019,COKE,34.0,2019.0,2019.0,2019.0,2019.0,2019.0,90.0,67.0,42.0
2018,COKE,15.9,2018.0,2018.0,2018.0,2018.0,2018.0,92.0,79.0,33.0
2017,COKE,16.1,2017.0,2017.0,2017.0,2017.0,2017.0,93.0,75.0,30.0
2016,COKE,23.0,2016.0,2016.0,2016.0,2016.0,2016.0,89.0,67.0,24.0
2015,COKE,23.6,2015.0,2015.0,2015.0,2015.0,2015.0,92.0,77.0,41.0
2014,COKE,15.2,2014.0,2014.0,2014.0,2014.0,2014.0,89.0,75.0,42.0
2013,COKE,19.0,2013.0,2013.0,2013.0,2013.0,2013.0,91.0,82.0,43.0
2012,COKE,20.0,2012.0,2012.0,2012.0,2012.0,2012.0,88.0,74.0,14.0
2010,COKE,23.7,2010.0,2010.0,2010.0,2010.0,2010.0,94.0,75.0,40.0
2008,COKE,11.0,2008.0,2008.0,2008.0,2008.0,2008.0,89.0,80.0,30.0
2007,COKE,23.0,2007.0,2007.0,2007.0,2007.0,2007.0,92.0,84.0,41.0
2006,COKE,8.0,2006.0,2006.0,2006.0,2006.0,2006.0,88.0,84.0,41.0
2005,COKE,20.5,2005.0,2005.0,2005.0,2005.0,2005.0,91.0,83.0,61.0
2004,COKE,15.6,2004.0,2004.0,2004.0,2004.0,2004.0,91.0,84.0,55.0
2003,COKE,10.0,2003.0,2003.0,2003.0,2003.0,2003.0,93.0,83.0,52.0
2002,COKE,14.3,2002.0,2002.0,2002.0,2002.0,2002.0,95.0,87.0,59.0
2001,COKE,17.0,2001.0,2001.0,2001.0,2001.0,2001.0,87.0,70.0,22.0
2000,COKE,20.0,2000.0,2000.0,2000.0,2000.0,2000.0,92.0,77.0,40.0
2025,CONCHO,26.3,2025.0,2025.0,2025.0,2025.0,2025.0,93.0,70.0,43.0
2023,CONCHO,30.5,2023.0,2023.0,100.0,100.0,100.0,98.0,84.0,44.0
2022,CONCHO,13.1,2022.0,2022.0,2022.0,2022.0,2022.0,96.0,79.0,37.0
2021,CONCHO,47.0,1.0,1.0,1.0,1.0,1.0,95.0,71.0,31.0
2020,CONCHO,27.9,2020.0,93.0,93.0,93.0,93.0,87.0,74.0,34.0
2019,CONCHO,32.9,2019.0,2019.0,2019.0,2019.0,2019.0,90.0,67.0,42.0
2018,CONCHO,25.2,2018.0,2018.0,2018.0,2018.0,2018.0,92.0,79.0,33.0
2017,CONCHO,28.8,2017.0,2017.0,2017.0,2017.0,2017.0,93.0,75.0,30.0
2016,CONCHO,31.9,2016.0,2016.0,2016.0,2016.0,2016.0,89.0,67.0,24.0
2015,CONCHO,26.9,2015.0,2015.0,2015.0,2015.0,2015.0,92.0,77.0,41.0
2014,CONCHO,25.3,2014.0,2014.0,2014.0,2014.0,2014.0,89.0,75.0,42.0
2013,CONCHO,25.7,2013.0,2013.0,2013.0,2013.0,2013.0,91.0,82.0,43.0
2012,CONCHO,30.9,2012.0,2012.0,2012.0,2012.0,2012.0,88.0,74.0,14.0
2011,CONCHO,26.3,2011.0,2011.0,2011.0,2011.0,2011.0,89.0,85.0,36.0
2010,CONCHO,32.6,2010.0,2010.0,2010.0,2010.0,2010.0,94.0,75.0,40.0
2009,CONCHO,23.5,2009.0,2009.0,2009.0,2009.0,2009.0,94.0,81.0,42.0
2008,CONCHO,18.5,2008.0,2008.0,2008.0,2008.0,2008.0,89.0,80.0,30.0
2007,CONCHO,20.0,2007.0,2007.0,2007.0,2007.0,2007.0,92.0,84.0,41.0
2006,CONCHO,16.0,2006.0,2006.0,2006.0,2006.0,2006.0,88.0,84.0,41.0
2005,CONCHO,27.7,2005.0,2005.0,2005.0,2005.0,2005.0,91.0,83.0,61.0
2004,CONCHO,26.0,2004.0,2004.0,2004.0,2004.0,2004.0,91.0,84.0,55.0
2003,CONCHO,11.8,2003.0,2003.0,2003.0,2003.0,2003.0,93.0,83.0,52.0
2002,CONCHO,17.5,2002.0,2002.0,2002.0,2002.0,2002.0,95.0,87.0,59.0
2001,CONCHO,25.5,2001.0,2001.0,2001.0,2001.0,2001.0,87.0,70.0,22.0
2000,CONCHO,23.3,2000.0,2000.0,2000.0,2000.0,2000.0,92.0,77.0,40.0
2006,EDWARDS,15.0,2006.0,2006.0,2006.0,2006.0,2006.0,88.0,84.0,41.0
2004,EDWARDS,24.4,2004.0,2004.0,2004.0,2004.0,2004.0,91.0,84.0,55.0
2023,GILLESPIE,26.2,2023.0,2023.0,100.0,100.0,100.0,98.0,84.0,44.0
2021,GILLESPIE,41.9,1.0,1.0,1.0,1.0,1.0,95.0,71.0,31.0
2020,GILLESPIE,35.4,2020.0,93.0,93.0,93.0,93.0,87.0,74.0,34.0
2019,GILLESPIE,29.5,2019.0,2019.0,2019.0,2019.0,2019.0,90.0,67.0,42.0
2018,GILLESPIE,30.6,2018.0,2018.0,2018.0,2018.0,2018.0,92.0,79.0,33.0
2017,GILLESPIE,28.3,2017.0,2017.0,2017.0,2017.0,2017.0,93.0,75.0,30.0
2016,GILLESPIE,45.9,2016.0,2016.0,2016.0,2016.0,2016.0,89.0,67.0,24.0
2015,GILLESPIE,23.0,2015.0,2015.0,2015.0,2015.0,2015.0,92.0,77.0,41.0
2014,GILLESPIE,14.0,2014.0,2014.0,2014.0,2014.0,2014.0,89.0,75.0,42.0
2013,GILLESPIE,28.6,2013.0,2013.0,2013.0,2013.0,2013.0,91.0,82.0,43.0
2012,GILLESPIE,46.6,2012.0,2012.0,2012.0,2012.0,2012.0,88.0,74.0,14.0
2011,GILLESPIE,15.7,2011.0,2011.0,2011.0,2011.0,2011.0,89.0,85.0,36.0
2010,GILLESPIE,36.9,2010.0,2010.0,2010.0,2010.0,2010.0,94.0,75.0,40.0
2008,GILLESPIE,20.0,2008.0,2008.0,2008.0,2008.0,2008.0,89.0,80.0,30.0
2007,GILLESPIE,31.0,2007.0,2007.0,2007.0,2007.0,2007.0,92.0,84.0,41.0
2006,GILLESPIE,8.0,2006.0,2006.0,2006.0,2006.0,2006.0,88.0,84.0,41.0
2005,GILLESPIE,25.9,2005.0,2005.0,2005.0,2005.0,2005.0,91.0,83.0,61.0
2004,GILLESPIE,33.3,2004.0,2004.0,2004.0,2004.0,2004.0,91.0,84.0,55.0
2003,GILLESPIE,28.7,2003.0,2003.0,2003.0,2003.0,2003.0,93.0,83.0,52.0
2002,GILLESPIE,20.0,2002.0,2002.0,2002.0,2002.0,2002.0,95.0,87.0,59.0
2001,GILLESPIE,30.7,2001.0,2001.0,2001.0,2001.0,2001.0,87.0,70.0,22.0
2000,GILLESPIE,17.0,2000.0,2000.0,2000.0,2000.0,2000.0,92.0,77.0,40.0
2009,IRION,0.0,2009.0,2009.0,2009.0,2009.0,2009.0,94.0,81.0,42.0
2008,IRION,19.0,2008.0,2008.0,2008.0,2008.0,2008.0,89.0,80.0,30.0
2006,IRION,15.0,2006.0,2006.0,2006.0,2006.0,2006.0,88.0,84.0,41.0
2004,IRION,19.3,2004.0,2004.0,2004.0,2004.0,2004.0,91.0,84.0,55.0
2003,IRION,13.8,2003.0,2003.0,2003.0,2003.0,2003.0,93.0,83.0,52.0
2002,IRION,17.5,2002.0,2002.0,2002.0,2002.0,2002.0,95.0,87.0,59.0
2006,KIMBLE,34.0,2006.0,2006.0,2006.0,2006.0,2006.0,88.0,84.0,41.0
2005,KIMBLE,28.3,2005.0,2005.0,2005.0,2005.0,2005.0,91.0,83.0,61.0
2003,KIMBLE,8.0,2003.0,2003.0,2003.0,2003.0,2003.0,93.0,83.0,52.0
2006,KINNEY,17.0,2006.0,2006.0,2006.0,2006.0,2006.0,88.0,84.0,41.0
2004,KINNEY,26.7,2004.0,2004.0,2004.0,2004.0,2004.0,91.0,84.0,55.0
2003,KINNEY,17.5,2003.0,2003.0,2003.0,2003.0,2003.0,93.0,83.0,52.0
2002,KINNEY,20.0,2002.0,2002.0,2002.0,2002.0,2002.0,95.0,87.0,59.0
2001,KINNEY,33.3,2001.0,2001.0,2001.0,2001.0,2001.0,87.0,70.0,22.0
2000,KINNEY,20.0,2000.0,2000.0,2000.0,2000.0,2000.0,92.0,77.0,40.0
2017,LAMPASAS,21.9,2017.0,2017.0,2017.0,2017.0,2017.0,93.0,75.0,30.0
2016,LAMPASAS,31.0,2016.0,2016.0,2016.0,2016.0,2016.0,89.0,67.0,24.0
2015,LAMPASAS,36.3,2015.0,2015.0,2015.0,2015.0,2015.0,92.0,77.0,41.0
2014,LAMPASAS,27.2,2014.0,2014.0,2014.0,2014.0,2014.0,89.0,75.0,42.0
2012,LAMPASAS,32.0,2012.0,2012.0,2012.0,2012.0,2012.0,88.0,74.0,14.0
2010,LAMPASAS,27.0,2010.0,2010.0,2010.0,2010.0,2010.0,94.0,75.0,40.0
2008,LAMPASAS,25.0,2008.0,2008.0,2008.0,2008.0,2008.0,89.0,80.0,30.0
2005,LAMPASAS,29.1,2005.0,2005.0,2005.0,2005.0,2005.0,91.0,83.0,61.0
2004,LAMPASAS,22.9,2004.0,2004.0,2004.0,2004.0,2004.0,91.0,84.0,55.0
2003,LAMPASAS,28.3,2003.0,2003.0,2003.0,2003.0,2003.0,93.0,83.0,52.0
2002,LAMPASAS,26.4,2002.0,2002.0,2002.0,2002.0,2002.0,95.0,87.0,59.0
2001,LAMPASAS,41.7,2001.0,2001.0,2001.0,2001.0,2001.0,87.0,70.0,22.0
2000,LAMPASAS,21.4,2000.0,2000.0,2000.0,2000.0,2000.0,92.0,77.0,40.0
2006,LLANO,15.0,2006.0,2006.0,2006.0,2006.0,2006.0,88.0,84.0,41.0
2004,LLANO,26.7,2004.0,2004.0,2004.0,2004.0,2004.0,91.0,84.0,55.0
2022,MCCULLOCH,15.0,2022.0,2022.0,2022.0,2022.0,2022.0,96.0,79.0,37.0
2021,MCCULLOCH,28.6,1.0,1.0,1.0,1.0,1.0,95.0,71.0,31.0
2020,MCCULLOCH,35.1,2020.0,93.0,93.0,93.0,93.0,87.0,74.0,34.0
2019,MCCULLOCH,26.7,2019.0,2019.0,2019.0,2019.0,2019.0,90.0,67.0,42.0
2018,MCCULLOCH,17.3,2018.0,2018.0,2018.0,2018.0,2018.0,92.0,79.0,33.0
2017,MCCULLOCH,33.0,2017.0,2017.0,2017.0,2017.0,2017.0,93.0,75.0,30.0
2016,MCCULLOCH,37.6,2016.0,2016.0,2016.0,2016.0,2016.0,89.0,67.0,24.0
2015,MCCULLOCH,29.6,2015.0,2015.0,2015.0,2015.0,2015.0,92.0,77.0,41.0
2014,MCCULLOCH,11.2,2014.0,2014.0,2014.0,2014.0,2014.0,89.0,75.0,42.0
2013,MCCULLOCH,18.6,2013.0,2013.0,2013.0,2013.0,2013.0,91.0,82.0,43.0
2012,MCCULLOCH,29.5,2012.0,2012.0,2012.0,2012.0,2012.0,88.0,74.0,14.0
2011,MCCULLOCH,11.1,2011.0,2011.0,2011.0,2011.0,2011.0,89.0,85.0,36.0
2010,MCCULLOCH,31.1,2010.0,2010.0,2010.0,2010.0,2010.0,94.0,75.0,40.0
2009,MCCULLOCH,14.0,2009.0,2009.0,2009.0,2009.0,2009.0,94.0,81.0,42.0
2008,MCCULLOCH,21.0,2008.0,2008.0,2008.0,2008.0,2008.0,89.0,80.0,30.0
2007,MCCULLOCH,16.0,2007.0,2007.0,2007.0,2007.0,2007.0,92.0,84.0,41.0
2006,MCCULLOCH,14.0,2006.0,2006.0,2006.0,2006.0,2006.0,88.0,84.0,41.0
2005,MCCULLOCH,27.8,2005.0,2005.0,2005.0,2005.0,2005.0,91.0,83.0,61.0
2004,MCCULLOCH,35.6,2004.0,2004.0,2004.0,2004.0,2004.0,91.0,84.0,55.0
2003,MCCULLOCH,16.3,2003.0,2003.0,2003.0,2003.0,2003.0,93.0,83.0,52.0
2002,MCCULLOCH,26.7,2002.0,2002.0,2002.0,2002.0,2002.0,95.0,87.0,59.0
2001,MCCULLOCH,30.6,2001.0,2001.0,2001.0,2001.0,2001.0,87.0,70.0,22.0
2000,MCCULLOCH,22.9,2000.0,2000.0,2000.0,2000.0,2000.0,92.0,77.0,40.0
2014,MASON,44.0,2014.0,2014.0,2014.0,2014.0,2014.0,89.0,75.0,42.0
2007,MASON,38.0,2007.0,2007.0,2007.0,2007.0,2007.0,92.0,84.0,41.0
2006,MASON,28.0,2006.0,2006.0,2006.0,2006.0,2006.0,88.0,84.0,41.0
2005,MASON,33.2,2005.0,2005.0,2005.0,2005.0,2005.0,91.0,83.0,61.0
2004,MASON,41.9,2004.0,2004.0,2004.0,2004.0,2004.0,91.0,84.0,55.0
2003,MASON,24.2,2003.0,2003.0,2003.0,2003.0,2003.0,93.0,83.0,52.0
2002,MASON,21.9,2002.0,2002.0,2002.0,2002.0,2002.0,95.0,87.0,59.0
2001,MASON,25.0,2001.0,2001.0,2001.0,2001.0,2001.0,87.0,70.0,22.0
2000,MASON,25.5,2000.0,2000.0,2000.0,2000.0,2000.0,92.0,77.0,40.0
2016,MENARD,31.6,2016.0,2016.0,2016.0,2016.0,2016.0,89.0,67.0,24.0
2015,MENARD,23.0,2015.0,2015.0,2015.0,2015.0,2015.0,92.0,77.0,41.0
2012,MENARD,31.5,2012.0,2012.0,2012.0,2012.0,2012.0,88.0,74.0,14.0
2006,MENARD,27.0,2006.0,2006.0,2006.0,2006.0,2006.0,88.0,84.0,41.0
2005,MENARD,24.4,2005.0,2005.0,2005.0,2005.0,2005.0,91.0,83.0,61.0
2004,MENARD,26.8,2004.0,2004.0,2004.0,2004.0,2004.0,91.0,84.0,55.0
2003,MENARD,11.8,2003.0,2003.0,2003.0,2003.0,2003.0,93.0,83.0,52.0
2002,MENARD,13.5,2002.0,2002.0,2002.0,2002.0,2002.0,95.0,87.0,59.0
2001,MENARD,37.5,2001.0,2001.0,2001.0,2001.0,2001.0,87.0,70.0,22.0
2000,MENARD,0.0,2000.0,2000.0,2000.0,2000.0,2000.0,92.0,77.0,40.0
2019,REAGAN,29.8,2019.0,2019.0,2019.0,2019.0,2019.0,90.0,67.0,42.0
2017,REAGAN,17.0,2017.0,2017.0,2017.0,2017.0,2017.0,93.0,75.0,30.0
2015,REAGAN,16.5,2015.0,2015.0,2015.0,2015.0,2015.0,92.0,77.0,41.0
2014,REAGAN,7.5,2014.0,2014.0,2014.0,2014.0,2014.0,89.0,75.0,42.0
2010,REAGAN,15.6,2010.0,2010.0,2010.0,2010.0,2010.0,94.0,75.0,40.0
2009,REAGAN,22.5,2009.0,2009.0,2009.0,2009.0,2009.0,94.0,81.0,42.0
2007,REAGAN,28.0,2007.0,2007.0,2007.0,2007.0,2007.0,92.0,84.0,41.0
2006,REAGAN,8.0,2006.0,2006.0,2006.0,2006.0,2006.0,88.0,84.0,41.0
2005,REAGAN,25.4,2005.0,2005.0,2005.0,2005.0,2005.0,91.0,83.0,61.0
2004,REAGAN,18.0,2004.0,2004.0,2004.0,2004.0,2004.0,91.0,84.0,55.0
2003,REAGAN,15.2,2003.0,2003.0,2003.0,2003.0,2003.0,93.0,83.0,52.0
2002,REAGAN,22.2,2002.0,2002.0,2002.0,2002.0,2002.0,95.0,87.0,59.0
2001,REAGAN,32.2,2001.0,2001.0,2001.0,2001.0,2001.0,87.0,70.0,22.0
2000,REAGAN,19.0,2000.0,2000.0,2000.0,2000.0,2000.0,92.0,77.0,40.0
2021,SAN SABA,42.7,1.0,1.0,1.0,1.0,1.0,95.0,71.0,31.0
2020,SAN SABA,34.2,2020.0,93.0,93.0,93.0,93.0,87.0,74.0,34.0
2019,SAN SABA,31.3,2019.0,2019.0,2019.0,2019.0,2019.0,90.0,67.0,42.0
2018,SAN SABA,27.1,2018.0,2018.0,2018.0,2018.0,2018.0,92.0,79.0,33.0
2017,SAN SABA,33.5,2017.0,2017.0,2017.0,2017.0,2017.0,93.0,75.0,30.0
2015,SAN SABA,34.8,2015.0,2015.0,2015.0,2015.0,2015.0,92.0,77.0,41.0
2014,SAN SABA,24.2,2014.0,2014.0,2014.0,2014.0,2014.0,89.0,75.0,42.0
2013,SAN SABA,20.0,2013.0,2013.0,2013.0,2013.0,2013.0,91.0,82.0,43.0
2012,SAN SABA,42.0,2012.0,2012.0,2012.0,2012.0,2012.0,88.0,74.0,14.0
2011,SAN SABA,16.6,2011.0,2011.0,2011.0,2011.0,2011.0,89.0,85.0,36.0
2010,SAN SABA,37.7,2010.0,2010.0,2010.0,2010.0,2010.0,94.0,75.0,40.0
2008,SAN SABA,28.5,2008.0,2008.0,2008.0,2008.0,2008.0,89.0,80.0,30.0
2007,SAN SABA,33.0,2007.0,2007.0,2007.0,2007.0,2007.0,92.0,84.0,41.0
2006,SAN SABA,20.0,2006.0,2006.0,2006.0,2006.0,2006.0,88.0,84.0,41.0
2005,SAN SABA,32.1,2005.0,2005.0,2005.0,2005.0,2005.0,91.0,83.0,61.0
2004,SAN SABA,35.3,2004.0,2004.0,2004.0,2004.0,2004.0,91.0,84.0,55.0
2003,SAN SABA,26.6,2003.0,2003.0,2003.0,2003.0,2003.0,93.0,83.0,52.0
2002,SAN SABA,30.2,2002.0,2002.0,2002.0,2002.0,2002.0,95.0,87.0,59.0
2001,SAN SABA,43.6,2001.0,2001.0,2001.0,2001.0,2001.0,87.0,70.0,22.0
2000,SAN SABA,28.2,2000.0,2000.0,2000.0,2000.0,2000.0,92.0,77.0,40.0
2020,SCHLEICHER,23.8,2020.0,93.0,93.0,93.0,93.0,87.0,74.0,34.0
2016,SCHLEICHER,16.5,2016.0,2016.0,2016.0,2016.0,2016.0,89.0,67.0,24.0
2015,SCHLEICHER,16.7,2015.0,2015.0,2015.0,2015.0,2015.0,92.0,77.0,41.0
2014,SCHLEICHER,8.6,2014.0,2014.0,2014.0,2014.0,2014.0,89.0,75.0,42.0
2013,SCHLEICHER,38.5,2013.0,2013.0,2013.0,2013.0,2013.0,91.0,82.0,43.0
2010,SCHLEICHER,22.9,2010.0,2010.0,2010.0,2010.0,2010.0,94.0,75.0,40.0
2009,SCHLEICHER,15.5,2009.0,2009.0,2009.0,2009.0,2009.0,94.0,81.0,42.0
2007,SCHLEICHER,21.0,2007.0,2007.0,2007.0,2007.0,2007.0,92.0,84.0,41.0
2006,SCHLEICHER,20.0,2006.0,2006.0,2006.0,2006.0,2006.0,88.0,84.0,41.0
2005,SCHLEICHER,21.6,2005.0,2005.0,2005.0,2005.0,2005.0,91.0,83.0,61.0
2004,SCHLEICHER,16.3,2004.0,2004.0,2004.0,2004.0,2004.0,91.0,84.0,55.0
2003,SCHLEICHER,15.6,2003.0,2003.0,2003.0,2003.0,2003.0,93.0,83.0,52.0
2002,SCHLEICHER,17.9,2002.0,2002.0,2002.0,2002.0,2002.0,95.0,87.0,59.0
2001,SCHLEICHER,24.3,2001.0,2001.0,2001.0,2001.0,2001.0,87.0,70.0,22.0
2000,SCHLEICHER,19.0,2000.0,2000.0,2000.0,2000.0,2000.0,92.0,77.0,40.0
2006,STERLING,17.0,2006.0,2006.0,2006.0,2006.0,2006.0,88.0,84.0,41.0
2005,STERLING,20.7,2005.0,2005.0,2005.0,2005.0,2005.0,91.0,83.0,61.0
2004,STERLING,18.5,2004.0,2004.0,2004.0,2004.0,2004.0,91.0,84.0,55.0
2003,STERLING,16.8,2003.0,2003.0,2003.0,2003.0,2003.0,93.0,83.0,52.0
2002,STERLING,20.0,2002.0,2002.0,2002.0,2002.0,2002.0,95.0,87.0,59.0
2001,STERLING,30.3,2001.0,2001.0,2001.0,2001.0,2001.0,87.0,70.0,22.0
2000,STERLING,20.0,2000.0,2000.0,2000.0,2000.0,2000.0,92.0,77.0,40.0
2009,SUTTON,0.0,2009.0,2009.0,2009.0,2009.0,2009.0,94.0,81.0,42.0
2006,SUTTON,20.0,2006.0,2006.0,2006.0,2006.0,2006.0,88.0,84.0,41.0
2005,SUTTON,17.5,2005.0,2005.0,2005.0,2005.0,2005.0,91.0,83.0,61.0
2004,SUTTON,16.7,2004.0,2004.0,2004.0,2004.0,2004.0,91.0,84.0,55.0
2003,SUTTON,12.9,2003.0,2003.0,2003.0,2003.0,2003.0,93.0,83.0,52.0
2002,SUTTON,14.0,2002.0,2002.0,2002.0,2002.0,2002.0,95.0,87.0,59.0
2001,SUTTON,36.0,2001.0,2001.0,2001.0,2001.0,2001.0,87.0,70.0,22.0
2025,TOM GREEN,31.7,2025.0,2025.0,2025.0,2025.0,2025.0,93.0,70.0,43.0
2023,TOM GREEN,37.4,2023.0,2023.0,100.0,100.0,100.0,98.0,84.0,44.0
2022,TOM GREEN,21.7,2022.0,2022.0,2022.0,2022.0,2022.0,96.0,79.0,37.0
2021,TOM GREEN,40.1,1.0,1.0,1.0,1.0,1.0,95.0,71.0,31.0
2020,TOM GREEN,28.6,2020.0,93.0,93.0,93.0,93.0,87.0,74.0,34.0
2019,TOM GREEN,42.7,2019.0,2019.0,2019.0,2019.0,2019.0,90.0,67.0,42.0
2018,TOM GREEN,32.6,2018.0,2018.0,2018.0,2018.0,2018.0,92.0,79.0,33.0
2017,TOM GREEN,33.1,2017.0,2017.0,2017.0,2017.0,2017.0,93.0,75.0,30.0
2016,TOM GREEN,34.2,2016.0,2016.0,2016.0,2016.0,2016.0,89.0,67.0,24.0
2015,TOM GREEN,31.5,2015.0,2015.0,2015.0,2015.0,2015.0,92.0,77.0,41.0
2014,TOM GREEN,24.0,2014.0,2014.0,2014.0,2014.0,2014.0,89.0,75.0,42.0
2013,TOM GREEN,31.1,2013.0,2013.0,2013.0,2013.0,2013.0,91.0,82.0,43.0
2012,TOM GREEN,35.9,2012.0,2012.0,2012.0,2012.0,2012.0,88.0,74.0,14.0
2011,TOM GREEN,38.0,2011.0,2011.0,2011.0,2011.0,2011.0,89.0,85.0,36.0
2010,TOM GREEN,34.9,2010.0,2010.0,2010.0,2010.0,2010.0,94.0,75.0,40.0
2009,TOM GREEN,33.5,2009.0,2009.0,2009.0,2009.0,2009.0,94.0,81.0,42.0
2008,TOM GREEN,28.0,2008.0,2008.0,2008.0,2008.0,2008.0,89.0,80.0,30.0
2007,TOM GREEN,31.0,2007.0,2007.0,2007.0,2007.0,2007.0,92.0,84.0,41.0
2006,TOM GREEN,40.0,2006.0,2006.0,2006.0,2006.0,2006.0,88.0,84.0,41.0
2005,TOM GREEN,37.7,2005.0,2005.0,2005.0,2005.0,2005.0,91.0,83.0,61.0
2004,TOM GREEN,31.7,2004.0,2004.0,2004.0,2004.0,2004.0,91.0,84.0,55.0
2003,TOM GREEN,19.7,2003.0,2003.0,2003.0,2003.0,2003.0,93.0,83.0,52.0
2002,TOM GREEN,21.6,2002.0,2002.0,2002.0,2002.0,2002.0,95.0,87.0,59.0
2001,TOM GREEN,25.7,2001.0,2001.0,2001.0,2001.0,2001.0,87.0,70.0,22.0
2000,TOM GREEN,28.3,2000.0,2000.0,2000.0,2000.0,2000.0,92.0,77.0,40.0
2019,UPTON,19.4,2019.0,2019.0,2019.0,2019.0,2019.0,90.0,67.0,42.0
2016,UPTON,23.0,2016.0,2016.0,2016.0,2016.0,2016.0,89.0,67.0,24.0
2015,UPTON,24.7,2015.0,2015.0,2015.0,2015.0,2015.0,92.0,77.0,41.0
2010,UPTON,15.0,2010.0,2010.0,2010.0,2010.0,2010.0,94.0,75.0,40.0
2009,UPTON,13.0,2009.0,2009.0,2009.0,2009.0,2009.0,94.0,81.0,42.0
2007,UPTON,10.0,2007.0,2007.0,2007.0,2007.0,2007.0,92.0,84.0,41.0
2006,UPTON,8.0,2006.0,2006.0,2006.0,2006.0,2006.0,88.0,84.0,41.0
2005,UPTON,29.5,2005.0,2005.0,2005.0,2005.0,2005.0,91.0,83.0,61.0
2004,UPTON,19.2,2004.0,2004.0,2004.0,2004.0,2004.0,91.0,84.0,55.0
2003,UPTON,11.6,2003.0,2003.0,2003.0,2003.0,2003.0,93.0,83.0,52.0
2002,UPTON,20.0,2002.0,2002.0,2002.0,2002.0,2002.0,95.0,87.0,59.0
2001,UPTON,28.0,2001.0,2001.0,2001.0,2001.0,2001.0,87.0,70.0,22.0
2000,UPTON,29.0,2000.0,2000.0,2000.0,2000.0,2000.0,92.0,77.0,40.0
2025,UVALDE,46.3,2025.0,2025.0,2025.0,2025.0,2025.0,93.0,70.0,43.0
2023,UVALDE,52.2,2023.0,2023.0,100.0,100.0,100.0,98.0,84.0,44.0
2022,UVALDE,35.4,2022.0,2022.0,2022.0,2022.0,2022.0,96.0,79.0,37.0
2021,UVALDE,33.3,1.0,1.0,1.0,1.0,1.0,95.0,71.0,31.0
2020,UVALDE,26.0,2020.0,93.0,93.0,93.0,93.0,87.0,74.0,34.0
2019,UVALDE,39.6,2019.0,2019.0,2019.0,2019.0,2019.0,90.0,67.0,42.0
2018,UVALDE,50.4,2018.0,2018.0,2018.0,2018.0,2018.0,92.0,79.0,33.0
2017,UVALDE,36.4,2017.0,2017.0,2017.0,2017.0,2017.0,93.0,75.0,30.0
2016,UVALDE,38.9,2016.0,2016.0,2016.0,2016.0,2016.0,89.0,67.0,24.0
2015,UVALDE,35.1,2015.0,2015.0,2015.0,2015.0,2015.0,92.0,77.0,41.0
2014,UVALDE,38.2,2014.0,2014.0,2014.0,2014.0,2014.0,89.0,75.0,42.0
2013,UVALDE,42.3,2013.0,2013.0,2013.0,2013.0,2013.0,91.0,82.0,43.0
2012,UVALDE,35.3,2012.0,2012.0,2012.0,2012.0,2012.0,88.0,74.0,14.0
2010,UVALDE,42.2,2010.0,2010.0,2010.0,2010.0,2010.0,94.0,75.0,40.0
2009,UVALDE,45.0,2009.0,2009.0,2009.0,2009.0,2009.0,94.0,81.0,42.0
2008,UVALDE,38.5,2008.0,2008.0,2008.0,2008.0,2008.0,89.0,80.0,30.0
2007,UVALDE,29.0,2007.0,2007.0,2007.0,2007.0,2007.0,92.0,84.0,41.0
2006,UVALDE,34.0,2006.0,2006.0,2006.0,2006.0,2006.0,88.0,84.0,41.0
2005,UVALDE,36.0,2005.0,2005.0,2005.0,2005.0,2005.0,91.0,83.0,61.0
2004,UVALDE,25.9,2004.0,2004.0,2004.0,2004.0,2004.0,91.0,84.0,55.0
2003,UVALDE,27.6,2003.0,2003.0,2003.0,2003.0,2003.0,93.0,83.0,52.0
2002,UVALDE,29.0,2002.0,2002.0,2002.0,2002.0,2002.0,95.0,87.0,59.0
2001,UVALDE,33.7,2001.0,2001.0,2001.0,2001.0,2001.0,87.0,70.0,22.0
2000,UVALDE,25.9,2000.0,2000.0,2000.0,2000.0,2000.0,92.0,77.0,40.0
2019,OTHER (COMBINED) COUNTIES,39.3,2019.0,2019.0,2019.0,2019.0,2019.0,90.0,67.0,42.0
2017,OTHER (COMBINED) COUNTIES,33.1,2017.0,2017.0,2017.0,2017.0,2017.0,93.0,75.0,30.0
2016,OTHER (COMBINED) COUNTIES,31.5,2016.0,2016.0,2016.0,2016.0,2016.0,89.0,67.0,24.0
2015,OTHER (COMBINED) COUNTIES,36.7,2015.0,2015.0,2015.0,2015.0,2015.0,92.0,77.0,41.0
2014,OTHER (COMBINED) COUNTIES,39.7,2014.0,2014.0,2014.0,2014.0,2014.0,89.0,75.0,42.0
2013,OTHER (COMBINED) COUNTIES,36.9,2013.0,2013.0,2013.0,2013.0,2013.0,91.0,82.0,43.0
2012,OTHER (COMBINED) COUNTIES,40.0,2012.0,2012.0,2012.0,2012.0,2012.0,88.0,74.0,14.0
2011,OTHER (COMBINED) COUNTIES,28.5,2011.0,2011.0,2011.0,2011.0,2011.0,89.0,85.0,36.0
2010,OTHER (COMBINED) COUNTIES,38.4,2010.0,2010.0,2010.0,2010.0,2010.0,94.0,75.0,40.0
2009,OTHER (COMBINED) COUNTIES,22.0,2009.0,2009.0,2009.0,2009.0,2009.0,94.0,81.0,42.0
2008,OTHER (COMBINED) COUNTIES,22.5,2008.0,2008.0,2008.0,2008.0,2008.0,89.0,80.0,30.0
2007,OTHER (COMBINED) COUNTIES,31.0,2007.0,2007.0,2007.0,2007.0,2007.0,92.0,84.0,41.0
2006,OTHER (COMBINED) COUNTIES,23.0,2006.0,2006.0,2006.0,2006.0,2006.0,88.0,84.0,41.0
2005,OTHER (COMBINED) COUNTIES,28.1,2005.0,2005.0,2005.0,2005.0,2005.0,91.0,83.0,61.0
2004,OTHER (COMBINED) COUNTIES,25.7,2004.0,2004.0,2004.0,2004.0,2004.0,91.0,84.0,55.0
2003,OTHER (COMBINED) COUNTIES,29.2,2003.0,2003.0,2003.0,2003.0,2003.0,93.0,83.0,52.0
2002,OTHER (COMBINED) COUNTIES,21.8,2002.0,2002.0,2002.0,2002.0,2002.0,95.0,87.0,59.0
2001,OTHER (COMBINED) COUNTIES,35.7,2001.0,2001.0,2001.0,2001.0,2001.0,87.0,70.0,22.0
2000,OTHER (COMBINED) COUNTIES,24.4,2000.0,2000.0,2000.0,2000.0,2000.0,92.0,77.0,40.0
2004,BASTROP,24.0,2004.0,2004.0,2004.0,2004.0,2004.0,91.0,84.0,55.0
2003,BASTROP,25.0,2003.0,2003.0,2003.0,2003.0,2003.0,93.0,83.0,52.0
2002,BASTROP,20.0,2002.0,2002.0,2002.0,2002.0,2002.0,95.0,87.0,59.0
2008,BEE,20.0,2008.0,2008.0,2008.0,2008.0,2008.0,89.0,80.0,30.0
2006,BEE,40.0,2006.0,2006.0,2006.0,2006.0,2006.0,88.0,84.0,41.0
2005,BEE,24.2,2005.0,2005.0,2005.0,2005.0,2005.0,91.0,83.0,61.0
2004,BEE,22.7,2004.0,2004.0,2004.0,2004.0,2004.0,91.0,84.0,55.0
2003,BEE,21.9,2003.0,2003.0,2003.0,2003.0,2003.0,93.0,83.0,52.0
2002,BEE,9.0,2002.0,2002.0,2002.0,2002.0,2002.0,95.0,87.0,59.0
2001,BEE,30.0,2001.0,2001.0,2001.0,2001.0,2001.0,87.0,70.0,22.0
2023,BEXAR,20.8,2023.0,2023.0,100.0,100.0,100.0,98.0,84.0,44.0
2022,BEXAR,25.5,2022.0,2022.0,2022.0,2022.0,2022.0,96.0,79.0,37.0
2020,BEXAR,28.3,2020.0,93.0,93.0,93.0,93.0,87.0,74.0,34.0
2019,BEXAR,45.8,2019.0,2019.0,2019.0,2019.0,2019.0,90.0,67.0,42.0
2017,BEXAR,28.4,2017.0,2017.0,2017.0,2017.0,2017.0,93.0,75.0,30.0
2016,BEXAR,37.1,2016.0,2016.0,2016.0,2016.0,2016.0,89.0,67.0,24.0
2015,BEXAR,28.5,2015.0,2015.0,2015.0,2015.0,2015.0,92.0,77.0,41.0
2014,BEXAR,31.5,2014.0,2014.0,2014.0,2014.0,2014.0,89.0,75.0,42.0
2013,BEXAR,30.1,2013.0,2013.0,2013.0,2013.0,2013.0,91.0,82.0,43.0
2012,BEXAR,46.5,2012.0,2012.0,2012.0,2012.0,2012.0,88.0,74.0,14.0
2011,BEXAR,20.3,2011.0,2011.0,2011.0,2011.0,2011.0,89.0,85.0,36.0
2010,BEXAR,39.1,2010.0,2010.0,2010.0,2010.0,2010.0,94.0,75.0,40.0
2009,BEXAR,37.5,2009.0,2009.0,2009.0,2009.0,2009.0,94.0,81.0,42.0
2008,BEXAR,25.0,2008.0,2008.0,2008.0,2008.0,2008.0,89.0,80.0,30.0
2007,BEXAR,32.0,2007.0,2007.0,2007.0,2007.0,2007.0,92.0,84.0,41.0
2006,BEXAR,20.0,2006.0,2006.0,2006.0,2006.0,2006.0,88.0,84.0,41.0
2005,BEXAR,31.3,2005.0,2005.0,2005.0,2005.0,2005.0,91.0,83.0,61.0
2004,BEXAR,32.7,2004.0,2004.0,2004.0,2004.0,2004.0,91.0,84.0,55.0
2003,BEXAR,26.9,2003.0,2003.0,2003.0,2003.0,2003.0,93.0,83.0,52.0
2002,BEXAR,21.1,2002.0,2002.0,2002.0,2002.0,2002.0,95.0,87.0,59.0
2001,BEXAR,38.7,2001.0,2001.0,2001.0,2001.0,2001.0,87.0,70.0,22.0
2000,BEXAR,21.8,2000.0,2000.0,2000.0,2000.0,2000.0,92.0,77.0,40.0
2008,BURLESON,67.5,2008.0,2008.0,2008.0,2008.0,2008.0,89.0,80.0,30.0
2006,BURLESON,42.0,2006.0,2006.0,2006.0,2006.0,2006.0,88.0,84.0,41.0
2005,BURLESON,31.8,2005.0,2005.0,2005.0,2005.0,2005.0,91.0,83.0,61.0
2004,BURLESON,35.0,2004.0,2004.0,2004.0,2004.0,2004.0,91.0,84.0,55.0
2003,BURLESON,43.3,2003.0,2003.0,2003.0,2003.0,2003.0,93.0,83.0,52.0
2002,BURLESON,27.5,2002.0,2002.0,2002.0,2002.0,2002.0,95.0,87.0,59.0
2001,BURLESON,36.0,2001.0,2001.0,2001.0,2001.0,2001.0,87.0,70.0,22.0
2000,BURLESON,21.7,2000.0,2000.0,2000.0,2000.0,2000.0,92.0,77.0,40.0
2016,CALDWELL,30.0,2016.0,2016.0,2016.0,2016.0,2016.0,89.0,67.0,24.0
2013,CALDWELL,17.6,2013.0,2013.0,2013.0,2013.0,2013.0,91.0,82.0,43.0
2011,CALDWELL,22.0,2011.0,2011.0,2011.0,2011.0,2011.0,89.0,85.0,36.0
2010,CALDWELL,38.8,2010.0,2010.0,2010.0,2010.0,2010.0,94.0,75.0,40.0
2009,CALDWELL,0.0,2009.0,2009.0,2009.0,2009.0,2009.0,94.0,81.0,42.0
2008,CALDWELL,31.5,2008.0,2008.0,2008.0,2008.0,2008.0,89.0,80.0,30.0
2006,CALDWELL,30.0,2006.0,2006.0,2006.0,2006.0,2006.0,88.0,84.0,41.0
2005,CALDWELL,15.6,2005.0,2005.0,2005.0,2005.0,2005.0,91.0,83.0,61.0
2004,CALDWELL,38.6,2004.0,2004.0,2004.0,2004.0,2004.0,91.0,84.0,55.0
2003,CALDWELL,27.1,2003.0,2003.0,2003.0,2003.0,2003.0,93.0,83.0,52.0
2002,CALDWELL,17.1,2002.0,2002.0,2002.0,2002.0,2002.0,95.0,87.0,59.0
2001,CALDWELL,38.8,2001.0,2001.0,2001.0,2001.0,2001.0,87.0,70.0,22.0
2000,CALDWELL,0.0,2000.0,2000.0,2000.0,2000.0,2000.0,92.0,77.0,40.0
2013,COLORADO,38.2,2013.0,2013.0,2013.0,2013.0,2013.0,91.0,82.0,43.0
2012,COLORADO,24.3,2012.0,2012.0,2012.0,2012.0,2012.0,88.0,74.0,14.0
2004,COLORADO,28.8,2004.0,2004.0,2004.0,2004.0,2004.0,91.0,84.0,55.0
2003,COLORADO,25.7,2003.0,2003.0,2003.0,2003.0,2003.0,93.0,83.0,52.0
2011,COMAL,17.0,2011.0,2011.0,2011.0,2011.0,2011.0,89.0,85.0,36.0
2014,DE WITT,38.0,2014.0,2014.0,2014.0,2014.0,2014.0,89.0,75.0,42.0
2008,DE WITT,24.0,2008.0,2008.0,2008.0,2008.0,2008.0,89.0,80.0,30.0
2007,DE WITT,29.0,2007.0,2007.0,2007.0,2007.0,2007.0,92.0,84.0,41.0
2005,DE WITT,27.0,2005.0,2005.0,2005.0,2005.0,2005.0,91.0,83.0,61.0
2004,DE WITT,31.8,2004.0,2004.0,2004.0,2004.0,2004.0,91.0,84.0,55.0
2003,DE WITT,30.0,2003.0,2003.0,2003.0,2003.0,2003.0,93.0,83.0,52.0
2009,GOLIAD,0.0,2009.0,2009.0,2009.0,2009.0,2009.0,94.0,81.0,42.0
2015,GONZALES,29.3,2015.0,2015.0,2015.0,2015.0,2015.0,92.0,77.0,41.0
2012,GONZALES,37.2,2012.0,2012.0,2012.0,2012.0,2012.0,88.0,74.0,14.0
2011,GONZALES,29.0,2011.0,2011.0,2011.0,2011.0,2011.0,89.0,85.0,36.0
2021,GUADALUPE,18.9,1.0,1.0,1.0,1.0,1.0,95.0,71.0,31.0
2020,GUADALUPE,27.1,2020.0,93.0,93.0,93.0,93.0,87.0,74.0,34.0
2019,GUADALUPE,42.7,2019.0,2019.0,2019.0,2019.0,2019.0,90.0,67.0,42.0
2017,GUADALUPE,31.5,2017.0,2017.0,2017.0,2017.0,2017.0,93.0,75.0,30.0
2016,GUADALUPE,28.8,2016.0,2016.0,2016.0,2016.0,2016.0,89.0,67.0,24.0
2015,GUADALUPE,24.1,2015.0,2015.0,2015.0,2015.0,2015.0,92.0,77.0,41.0
2014,GUADALUPE,29.8,2014.0,2014.0,2014.0,2014.0,2014.0,89.0,75.0,42.0
2013,GUADALUPE,22.8,2013.0,2013.0,2013.0,2013.0,2013.0,91.0,82.0,43.0
2012,GUADALUPE,43.8,2012.0,2012.0,2012.0,2012.0,2012.0,88.0,74.0,14.0
2011,GUADALUPE,25.0,2011.0,2011.0,2011.0,2011.0,2011.0,89.0,85.0,36.0
2010,GUADALUPE,44.6,2010.0,2010.0,2010.0,2010.0,2010.0,94.0,75.0,40.0
2009,GUADALUPE,14.0,2009.0,2009.0,2009.0,2009.0,2009.0,94.0,81.0,42.0
2008,GUADALUPE,22.0,2008.0,2008.0,2008.0,2008.0,2008.0,89.0,80.0,30.0
2007,GUADALUPE,28.0,2007.0,2007.0,2007.0,2007.0,2007.0,92.0,84.0,41.0
2006,GUADALUPE,10.0,2006.0,2006.0,2006.0,2006.0,2006.0,88.0,84.0,41.0
2005,GUADALUPE,37.1,2005.0,2005.0,2005.0,2005.0,2005.0,91.0,83.0,61.0
2004,GUADALUPE,30.1,2004.0,2004.0,2004.0,2004.0,2004.0,91.0,84.0,55.0
2003,GUADALUPE,35.1,2003.0,2003.0,2003.0,2003.0,2003.0,93.0,83.0,52.0
2002,GUADALUPE,20.6,2002.0,2002.0,2002.0,2002.0,2002.0,95.0,87.0,59.0
2001,GUADALUPE,37.5,2001.0,2001.0,2001.0,2001.0,2001.0,87.0,70.0,22.0
2000,GUADALUPE,25.3,2000.0,2000.0,2000.0,2000.0,2000.0,92.0,77.0,40.0
2022,HAYS,39.1,2022.0,2022.0,2022.0,2022.0,2022.0,96.0,79.0,37.0
2020,HAYS,38.5,2020.0,93.0,93.0,93.0,93.0,87.0,74.0,34.0
2016,HAYS,26.0,2016.0,2016.0,2016.0,2016.0,2016.0,89.0,67.0,24.0
2013,HAYS,16.8,2013.0,2013.0,2013.0,2013.0,2013.0,91.0,82.0,43.0
2010,HAYS,38.0,2010.0,2010.0,2010.0,2010.0,2010.0,94.0,75.0,40.0
2008,HAYS,19.5,2008.0,2008.0,2008.0,2008.0,2008.0,89.0,80.0,30.0
2007,HAYS,18.0,2007.0,2007.0,2007.0,2007.0,2007.0,92.0,84.0,41.0
2006,HAYS,10.0,2006.0,2006.0,2006.0,2006.0,2006.0,88.0,84.0,41.0
2005,HAYS,20.0,2005.0,2005.0,2005.0,2005.0,2005.0,91.0,83.0,61.0
2004,HAYS,30.3,2004.0,2004.0,2004.0,2004.0,2004.0,91.0,84.0,55.0
2003,HAYS,26.4,2003.0,2003.0,2003.0,2003.0,2003.0,93.0,83.0,52.0
2002,HAYS,24.0,2002.0,2002.0,2002.0,2002.0,2002.0,95.0,87.0,59.0
2001,HAYS,38.5,2001.0,2001.0,2001.0,2001.0,2001.0,87.0,70.0,22.0
2000,HAYS,0.0,2000.0,2000.0,2000.0,2000.0,2000.0,92.0,77.0,40.0
2019,KARNES,47.9,2019.0,2019.0,2019.0,2019.0,2019.0,90.0,67.0,42.0
2015,KARNES,46.5,2015.0,2015.0,2015.0,2015.0,2015.0,92.0,77.0,41.0
2006,KARNES,13.0,2006.0,2006.0,2006.0,2006.0,2006.0,88.0,84.0,41.0
2005,KARNES,32.0,2005.0,2005.0,2005.0,2005.0,2005.0,91.0,83.0,61.0
2004,KARNES,31.4,2004.0,2004.0,2004.0,2004.0,2004.0,91.0,84.0,55.0
2003,KARNES,24.8,2003.0,2003.0,2003.0,2003.0,2003.0,93.0,83.0,52.0
2002,KARNES,8.5,2002.0,2002.0,2002.0,2002.0,2002.0,95.0,87.0,59.0
2001,KARNES,38.0,2001.0,2001.0,2001.0,2001.0,2001.0,87.0,70.0,22.0
2000,KARNES,16.5,2000.0,2000.0,2000.0,2000.0,2000.0,92.0,77.0,40.0
2025,MEDINA,60.1,2025.0,2025.0,2025.0,2025.0,2025.0,93.0,70.0,43.0
2022,MEDINA,30.2,2022.0,2022.0,2022.0,2022.0,2022.0,96.0,79.0,37.0
2021,MEDINA,31.5,1.0,1.0,1.0,1.0,1.0,95.0,71.0,31.0
2020,MEDINA,46.5,2020.0,93.0,93.0,93.0,93.0,87.0,74.0,34.0
2019,MEDINA,42.9,2019.0,2019.0,2019.0,2019.0,2019.0,90.0,67.0,42.0
2017,MEDINA,40.9,2017.0,2017.0,2017.0,2017.0,2017.0,93.0,75.0,30.0
2016,MEDINA,48.1,2016.0,2016.0,2016.0,2016.0,2016.0,89.0,67.0,24.0
2015,MEDINA,33.9,2015.0,2015.0,2015.0,2015.0,2015.0,92.0,77.0,41.0
2014,MEDINA,31.9,2014.0,2014.0,2014.0,2014.0,2014.0,89.0,75.0,42.0
2013,MEDINA,38.0,2013.0,2013.0,2013.0,2013.0,2013.0,91.0,82.0,43.0
2012,MEDINA,43.8,2012.0,2012.0,2012.0,2012.0,2012.0,88.0,74.0,14.0
2011,MEDINA,28.3,2011.0,2011.0,2011.0,2011.0,2011.0,89.0,85.0,36.0
2010,MEDINA,42.0,2010.0,2010.0,2010.0,2010.0,2010.0,94.0,75.0,40.0
2009,MEDINA,35.5,2009.0,2009.0,2009.0,2009.0,2009.0,94.0,81.0,42.0
2008,MEDINA,22.5,2008.0,2008.0,2008.0,2008.0,2008.0,89.0,80.0,30.0
2007,MEDINA,29.0,2007.0,2007.0,2007.0,2007.0,2007.0,92.0,84.0,41.0
2006,MEDINA,14.0,2006.0,2006.0,2006.0,2006.0,2006.0,88.0,84.0,41.0
2005,MEDINA,27.2,2005.0,2005.0,2005.0,2005.0,2005.0,91.0,83.0,61.0
2004,MEDINA,25.7,2004.0,2004.0,2004.0,2004.0,2004.0,91.0,84.0,55.0
2003,MEDINA,30.9,2003.0,2003.0,2003.0,2003.0,2003.0,93.0,83.0,52.0
2002,MEDINA,23.9,2002.0,2002.0,2002.0,2002.0,2002.0,95.0,87.0,59.0
2001,MEDINA,38.1,2001.0,2001.0,2001.0,2001.0,2001.0,87.0,70.0,22.0
2000,MEDINA,27.0,2000.0,2000.0,2000.0,2000.0,2000.0,92.0,77.0,40.0
2020,TRAVIS,34.0,2020.0,93.0,93.0,93.0,93.0,87.0,74.0,34.0
2017,TRAVIS,23.6,2017.0,2017.0,2017.0,2017.0,2017.0,93.0,75.0,30.0
2016,TRAVIS,34.7,2016.0,2016.0,2016.0,2016.0,2016.0,89.0,67.0,24.0
2015,TRAVIS,28.1,2015.0,2015.0,2015.0,2015.0,2015.0,92.0,77.0,41.0
2014,TRAVIS,42.5,2014.0,2014.0,2014.0,2014.0,2014.0,89.0,75.0,42.0
2013,TRAVIS,38.2,2013.0,2013.0,2013.0,2013.0,2013.0,91.0,82.0,43.0
2012,TRAVIS,48.3,2012.0,2012.0,2012.0,2012.0,2012.0,88.0,74.0,14.0
2011,TRAVIS,16.4,2011.0,2011.0,2011.0,2011.0,2011.0,89.0,85.0,36.0
2010,TRAVIS,42.8,2010.0,2010.0,2010.0,2010.0,2010.0,94.0,75.0,40.0
2008,TRAVIS,26.5,2008.0,2008.0,2008.0,2008.0,2008.0,89.0,80.0,30.0
2007,TRAVIS,32.0,2007.0,2007.0,2007.0,2007.0,2007.0,92.0,84.0,41.0
2006,TRAVIS,21.0,2006.0,2006.0,2006.0,2006.0,2006.0,88.0,84.0,41.0
2005,TRAVIS,15.0,2005.0,2005.0,2005.0,2005.0,2005.0,91.0,83.0,61.0
2004,TRAVIS,29.5,2004.0,2004.0,2004.0,2004.0,2004.0,91.0,84.0,55.0
2003,TRAVIS,32.6,2003.0,2003.0,2003.0,2003.0,2003.0,93.0,83.0,52.0
2002,TRAVIS,28.4,2002.0,2002.0,2002.0,2002.0,2002.0,95.0,87.0,59.0
2001,TRAVIS,35.0,2001.0,2001.0,2001.0,2001.0,2001.0,87.0,70.0,22.0
2000,TRAVIS,22.8,2000.0,2000.0,2000.0,2000.0,2000.0,92.0,77.0,40.0
2006,WASHINGTON,27.0,2006.0,2006.0,2006.0,2006.0,2006.0,88.0,84.0,41.0
2005,WASHINGTON,27.5,2005.0,2005.0,2005.0,2005.0,2005.0,91.0,83.0,61.0
2004,WASHINGTON,26.7,2004.0,2004.0,2004.0,2004.0,2004.0,91.0,84.0,55.0
2022,WILSON,21.7,2022.0,2022.0,2022.0,2022.0,2022.0,96.0,79.0,37.0
2017,WILSON,50.0,2017.0,2017.0,2017.0,2017.0,2017.0,93.0,75.0,30.0
2016,WILSON,41.1,2016.0,2016.0,2016.0,2016.0,2016.0,89.0,67.0,24.0
2015,WILSON,34.3,2015.0,2015.0,2015.0,2015.0,2015.0,92.0,77.0,41.0
2014,WILSON,46.5,2014.0,2014.0,2014.0,2014.0,2014.0,89.0,75.0,42.0
2013,WILSON,23.3,2013.0,2013.0,2013.0,2013.0,2013.0,91.0,82.0,43.0
2011,WILSON,30.4,2011.0,2011.0,2011.0,2011.0,2011.0,89.0,85.0,36.0
2008,WILSON,13.0,2008.0,2008.0,2008.0,2008.0,2008.0,89.0,80.0,30.0
2006,WILSON,22.0,2006.0,2006.0,2006.0,2006.0,2006.0,88.0,84.0,41.0
2005,WILSON,24.5,2005.0,2005.0,2005.0,2005.0,2005.0,91.0,83.0,61.0
2004,WILSON,23.3,2004.0,2004.0,2004.0,2004.0,2004.0,91.0,84.0,55.0
2003,WILSON,26.5,2003.0,2003.0,2003.0,2003.0,2003.0,93.0,83.0,52.0
2002,WILSON,18.1,2002.0,2002.0,2002.0,2002.0,2002.0,95.0,87.0,59.0
2001,WILSON,28.1,2001.0,2001.0,2001.0,2001.0,2001.0,87.0,70.0,22.0
2000,WILSON,24.0,2000.0,2000.0,2000.0,2000.0,2000.0,92.0,77.0,40.0
2019,OTHER (COMBINED) COUNTIES,47.5,2019.0,2019.0,2019.0,2019.0,2019.0,90.0,67.0,42.0
2015,OTHER (COMBINED) COUNTIES,36.6,2015.0,2015.0,2015.0,2015.0,2015.0,92.0,77.0,41.0
2014,OTHER (COMBINED) COUNTIES,34.6,2014.0,2014.0,2014.0,2014.0,2014.0,89.0,75.0,42.0
2013,OTHER (COMBINED) COUNTIES,6.6,2013.0,2013.0,2013.0,2013.0,2013.0,91.0,82.0,43.0
2012,OTHER (COMBINED) COUNTIES,24.6,2012.0,2012.0,2012.0,2012.0,2012.0,88.0,74.0,14.0
2010,OTHER (COMBINED) COUNTIES,29.7,2010.0,2010.0,2010.0,2010.0,2010.0,94.0,75.0,40.0
2009,OTHER (COMBINED) COUNTIES,19.0,2009.0,2009.0,2009.0,2009.0,2009.0,94.0,81.0,42.0
2008,OTHER (COMBINED) COUNTIES,22.0,2008.0,2008.0,2008.0,2008.0,2008.0,89.0,80.0,30.0
2007,OTHER (COMBINED) COUNTIES,35.0,2007.0,2007.0,2007.0,2007.0,2007.0,92.0,84.0,41.0
2004,OTHER (COMBINED) COUNTIES,25.0,2004.0,2004.0,2004.0,2004.0,2004.0,91.0,84.0,55.0
2003,OTHER (COMBINED) COUNTIES,24.0,2003.0,2003.0,2003.0,2003.0,2003.0,93.0,83.0,52.0
2002,OTHER (COMBINED) COUNTIES,0.0,2002.0,2002.0,2002.0,2002.0,2002.0,95.0,87.0,59.0
2000,OTHER (COMBINED) COUNTIES,28.0,2000.0,2000.0,2000.0,2000.0,2000.0,92.0,77.0,40.0
2015,KLEBERG,22.0,2015.0,2015.0,2015.0,2015.0,2015.0,92.0,77.0,41.0
2006,KLEBERG,13.0,2006.0,2006.0,2006.0,2006.0,2006.0,88.0,84.0,41.0
2004,KLEBERG,31.3,2004.0,2004.0,2004.0,2004.0,2004.0,91.0,84.0,55.0
2014,NUECES,38.0,2014.0,2014.0,2014.0,2014.0,2014.0,89.0,75.0,42.0
2010,NUECES,40.6,2010.0,2010.0,2010.0,2010.0,2010.0,94.0,75.0,40.0
2009,NUECES,17.0,2009.0,2009.0,2009.0,2009.0,2009.0,94.0,81.0,42.0
2008,NUECES,19.5,2008.0,2008.0,2008.0,2008.0,2008.0,89.0,80.0,30.0
2007,NUECES,43.0,2007.0,2007.0,2007.0,2007.0,2007.0,92.0,84.0,41.0
2006,NUECES,10.0,2006.0,2006.0,2006.0,2006.0,2006.0,88.0,84.0,41.0
2018,OTHER (COMBINED) COUNTIES,42.2,2018.0,2018.0,2018.0,2018.0,2018.0,92.0,79.0,33.0
2016,OTHER (COMBINED) COUNTIES,25.6,2016.0,2016.0,2016.0,2016.0,2016.0,89.0,67.0,24.0
2015,OTHER (COMBINED) COUNTIES,33.8,2015.0,2015.0,2015.0,2015.0,2015.0,92.0,77.0,41.0
2014,OTHER (COMBINED) COUNTIES,56.2,2014.0,2014.0,2014.0,2014.0,2014.0,89.0,75.0,42.0
2013,OTHER (COMBINED) COUNTIES,49.8,2013.0,2013.0,2013.0,2013.0,2013.0,91.0,82.0,43.0
2011,OTHER (COMBINED) COUNTIES,36.9,2011.0,2011.0,2011.0,2011.0,2011.0,89.0,85.0,36.0
2010,OTHER (COMBINED) COUNTIES,35.0,2010.0,2010.0,2010.0,2010.0,2010.0,94.0,75.0,40.0
2009,OTHER (COMBINED) COUNTIES,25.5,2009.0,2009.0,2009.0,2009.0,2009.0,94.0,81.0,42.0
2008,OTHER (COMBINED) COUNTIES,29.5,2008.0,2008.0,2008.0,2008.0,2008.0,89.0,80.0,30.0
2006,OTHER (COMBINED) COUNTIES,29.0,2006.0,2006.0,2006.0,2006.0,2006.0,88.0,84.0,41.0
2005,OTHER (COMBINED) COUNTIES,23.2,2005.0,2005.0,2005.0,2005.0,2005.0,91.0,83.0,61.0
2004,OTHER (COMBINED) COUNTIES,21.5,2004.0,2004.0,2004.0,2004.0,2004.0,91.0,84.0,55.0
2003,OTHER (COMBINED) COUNTIES,32.6,2003.0,2003.0,2003.0,2003.0,2003.0,93.0,83.0,52.0
2002,OTHER (COMBINED) COUNTIES,22.2,2002.0,2002.0,2002.0,2002.0,2002.0,95.0,87.0,59.0
2001,OTHER (COMBINED) COUNTIES,40.0,2001.0,2001.0,2001.0,2001.0,2001.0,87.0,70.0,22.0
2000,OTHER (COMBINED) COUNTIES,25.6,2000.0,2000.0,2000.0,2000.0,2000.0,92.0,77.0,40.0
2004,BRAZORIA,44.6,2004.0,2004.0,2004.0,2004.0,2004.0,91.0,84.0,55.0
2002,BRAZORIA,23.1,2002.0,2002.0,2002.0,2002.0,2002.0,95.0,87.0,59.0
2001,BRAZORIA,42.9,2001.0,2001.0,2001.0,2001.0,2001.0,87.0,70.0,22.0
2001,CALHOUN,0.0,2001.0,2001.0,2001.0,2001.0,2001.0,87.0,70.0,22.0
2004,CHAMBERS,26.0,2004.0,2004.0,2004.0,2004.0,2004.0,91.0,84.0,55.0
2002,CHAMBERS,20.0,2002.0,2002.0,2002.0,2002.0,2002.0,95.0,87.0,59.0
2001,CHAMBERS,40.0,2001.0,2001.0,2001.0,2001.0,2001.0,87.0,70.0,22.0
2000,CHAMBERS,28.0,2000.0,2000.0,2000.0,2000.0,2000.0,92.0,77.0,40.0
2004,FORT BEND,24.5,2004.0,2004.0,2004.0,2004.0,2004.0,91.0,84.0,55.0
2006,HARRIS,37.0,2006.0,2006.0,2006.0,2006.0,2006.0,88.0,84.0,41.0
2013,JACKSON,34.0,2013.0,2013.0,2013.0,2013.0,2013.0,91.0,82.0,43.0
2011,JACKSON,35.0,2011.0,2011.0,2011.0,2011.0,2011.0,89.0,85.0,36.0
2005,JACKSON,27.5,2005.0,2005.0,2005.0,2005.0,2005.0,91.0,83.0,61.0
2004,JACKSON,30.0,2004.0,2004.0,2004.0,2004.0,2004.0,91.0,84.0,55.0
2008,LIBERTY,30.5,2008.0,2008.0,2008.0,2008.0,2008.0,89.0,80.0,30.0
2006,LIBERTY,44.0,2006.0,2006.0,2006.0,2006.0,2006.0,88.0,84.0,41.0
2004,LIBERTY,15.4,2004.0,2004.0,2004.0,2004.0,2004.0,91.0,84.0,55.0
2001,LIBERTY,44.4,2001.0,2001.0,2001.0,2001.0,2001.0,87.0,70.0,22.0
2008,MATAGORDA,46.0,2008.0,2008.0,2008.0,2008.0,2008.0,89.0,80.0,30.0
2000,VICTORIA,18.3,2000.0,2000.0,2000.0,2000.0,2000.0,92.0,77.0,40.0
2014,WHARTON,61.0,2014.0,2014.0,2014.0,2014.0,2014.0,89.0,75.0,42.0
2011,WHARTON,24.0,2011.0,2011.0,2011.0,2011.0,2011.0,89.0,85.0,36.0
2009,WHARTON,24.0,2009.0,2009.0,2009.0,2009.0,2009.0,94.0,81.0,42.0
2008,WHARTON,34.5,2008.0,2008.0,2008.0,2008.0,2008.0,89.0,80.0,30.0
2006,WHARTON,34.0,2006.0,2006.0,2006.0,2006.0,2006.0,88.0,84.0,41.0
2004,WHARTON,16.2,2004.0,2004.0,2004.0,2004.0,2004.0,91.0,84.0,55.0
2003,WHARTON,32.0,2003.0,2003.0,2003.0,2003.0,2003.0,93.0,83.0,52.0
2002,WHARTON,20.0,2002.0,2002.0,2002.0,2002.0,2002.0,95.0,87.0,59.0
2001,WHARTON,40.0,2001.0,2001.0,2001.0,2001.0,2001.0,87.0,70.0,22.0
2019,OTHER (COMBINED) COUNTIES,31.3,2019.0,2019.0,2019.0,2019.0,2019.0,90.0,67.0,42.0
2018,OTHER (COMBINED) COUNTIES,44.3,2018.0,2018.0,2018.0,2018.0,2018.0,92.0,79.0,33.0
2017,OTHER (COMBINED) COUNTIES,28.5,2017.0,2017.0,2017.0,2017.0,2017.0,93.0,75.0,30.0
2016,OTHER (COMBINED) COUNTIES,28.9,2016.0,2016.0,2016.0,2016.0,2016.0,89.0,67.0,24.0
2015,OTHER (COMBINED) COUNTIES,31.0,2015.0,2015.0,2015.0,2015.0,2015.0,92.0,77.0,41.0
2014,OTHER (COMBINED) COUNTIES,33.3,2014.0,2014.0,2014.0,2014.0,2014.0,89.0,75.0,42.0
2013,OTHER (COMBINED) COUNTIES,34.8,2013.0,2013.0,2013.0,2013.0,2013.0,91.0,82.0,43.0
2012,OTHER (COMBINED) COUNTIES,19.0,2012.0,2012.0,2012.0,2012.0,2012.0,88.0,74.0,14.0
2011,OTHER (COMBINED) COUNTIES,18.8,2011.0,2011.0,2011.0,2011.0,2011.0,89.0,85.0,36.0
2010,OTHER (COMBINED) COUNTIES,33.3,2010.0,2010.0,2010.0,2010.0,2010.0,94.0,75.0,40.0
2009,OTHER (COMBINED) COUNTIES,23.5,2009.0,2009.0,2009.0,2009.0,2009.0,94.0,81.0,42.0
2008,OTHER (COMBINED) COUNTIES,40.5,2008.0,2008.0,2008.0,2008.0,2008.0,89.0,80.0,30.0
2007,OTHER (COMBINED) COUNTIES,27.0,2007.0,2007.0,2007.0,2007.0,2007.0,92.0,84.0,41.0
2006,OTHER (COMBINED) COUNTIES,23.0,2006.0,2006.0,2006.0,2006.0,2006.0,88.0,84.0,41.0
2005,OTHER (COMBINED) COUNTIES,36.7,2005.0,2005.0,2005.0,2005.0,2005.0,91.0,83.0,61.0
2004,OTHER (COMBINED) COUNTIES,26.7,2004.0,2004.0,2004.0,2004.0,2004.0,91.0,84.0,55.0
2003,OTHER (COMBINED) COUNTIES,22.0,2003.0,2003.0,2003.0,2003.0,2003.0,93.0,83.0,52.0
2002,OTHER (COMBINED) COUNTIES,16.7,2002.0,2002.0,2002.0,2002.0,2002.0,95.0,87.0,59.0
2001,OTHER (COMBINED) COUNTIES,20.0,2001.0,2001.0,2001.0,2001.0,2001.0,87.0,70.0,22.0
2000,OTHER (COMBINED) COUNTIES,15.0,2000.0,2000.0,2000.0,2000.0,2000.0,92.0,77.0,40.0
2022,ATASCOSA,56.3,2022.0,2022.0,2022.0,2022.0,2022.0,96.0,79.0,37.0
2017,ATASCOSA,32.7,2017.0,2017.0,2017.0,2017.0,2017.0,93.0,75.0,30.0
2015,ATASCOSA,23.9,2015.0,2015.0,2015.0,2015.0,2015.0,92.0,77.0,41.0
2012,ATASCOSA,36.8,2012.0,2012.0,2012.0,2012.0,2012.0,88.0,74.0,14.0
2010,ATASCOSA,27.7,2010.0,2010.0,2010.0,2010.0,2010.0,94.0,75.0,40.0
2008,ATASCOSA,16.0,2008.0,2008.0,2008.0,2008.0,2008.0,89.0,80.0,30.0
2007,ATASCOSA,21.0,2007.0,2007.0,2007.0,2007.0,2007.0,92.0,84.0,41.0
2006,ATASCOSA,20.0,2006.0,2006.0,2006.0,2006.0,2006.0,88.0,84.0,41.0
2005,ATASCOSA,21.3,2005.0,2005.0,2005.0,2005.0,2005.0,91.0,83.0,61.0
2004,ATASCOSA,17.6,2004.0,2004.0,2004.0,2004.0,2004.0,91.0,84.0,55.0
2003,ATASCOSA,27.0,2003.0,2003.0,2003.0,2003.0,2003.0,93.0,83.0,52.0
2002,ATASCOSA,21.2,2002.0,2002.0,2002.0,2002.0,2002.0,95.0,87.0,59.0
2001,ATASCOSA,26.0,2001.0,2001.0,2001.0,2001.0,2001.0,87.0,70.0,22.0
2000,ATASCOSA,14.0,2000.0,2000.0,2000.0,2000.0,2000.0,92.0,77.0,40.0
2009,DIMMIT,0.0,2009.0,2009.0,2009.0,2009.0,2009.0,94.0,81.0,42.0
2004,DIMMIT,27.8,2004.0,2004.0,2004.0,2004.0,2004.0,91.0,84.0,55.0
2004,DUVAL,17.5,2004.0,2004.0,2004.0,2004.0,2004.0,91.0,84.0,55.0
2000,DUVAL,15.0,2000.0,2000.0,2000.0,2000.0,2000.0,92.0,77.0,40.0
2019,FRIO,50.3,2019.0,2019.0,2019.0,2019.0,2019.0,90.0,67.0,42.0
2016,FRIO,46.2,2016.0,2016.0,2016.0,2016.0,2016.0,89.0,67.0,24.0
2015,FRIO,47.0,2015.0,2015.0,2015.0,2015.0,2015.0,92.0,77.0,41.0
2014,FRIO,53.5,2014.0,2014.0,2014.0,2014.0,2014.0,89.0,75.0,42.0
2013,FRIO,44.0,2013.0,2013.0,2013.0,2013.0,2013.0,91.0,82.0,43.0
2012,FRIO,41.7,2012.0,2012.0,2012.0,2012.0,2012.0,88.0,74.0,14.0
2011,FRIO,39.7,2011.0,2011.0,2011.0,2011.0,2011.0,89.0,85.0,36.0
2010,FRIO,43.6,2010.0,2010.0,2010.0,2010.0,2010.0,94.0,75.0,40.0
2009,FRIO,48.0,2009.0,2009.0,2009.0,2009.0,2009.0,94.0,81.0,42.0
2008,FRIO,34.5,2008.0,2008.0,2008.0,2008.0,2008.0,89.0,80.0,30.0
2007,FRIO,19.0,2007.0,2007.0,2007.0,2007.0,2007.0,92.0,84.0,41.0
2006,FRIO,23.0,2006.0,2006.0,2006.0,2006.0,2006.0,88.0,84.0,41.0
2005,FRIO,33.2,2005.0,2005.0,2005.0,2005.0,2005.0,91.0,83.0,61.0
2004,FRIO,29.9,2004.0,2004.0,2004.0,2004.0,2004.0,91.0,84.0,55.0
2003,FRIO,21.9,2003.0,2003.0,2003.0,2003.0,2003.0,93.0,83.0,52.0
2002,FRIO,18.7,2002.0,2002.0,2002.0,2002.0,2002.0,95.0,87.0,59.0
2001,FRIO,33.4,2001.0,2001.0,2001.0,2001.0,2001.0,87.0,70.0,22.0
2000,FRIO,27.9,2000.0,2000.0,2000.0,2000.0,2000.0,92.0,77.0,40.0
2014,JIM WELLS,34.8,2014.0,2014.0,2014.0,2014.0,2014.0,89.0,75.0,42.0
2006,JIM WELLS,23.0,2006.0,2006.0,2006.0,2006.0,2006.0,88.0,84.0,41.0
2005,JIM WELLS,48.9,2005.0,2005.0,2005.0,2005.0,2005.0,91.0,83.0,61.0
2004,JIM WELLS,16.9,2004.0,2004.0,2004.0,2004.0,2004.0,91.0,84.0,55.0
2001,JIM WELLS,0.0,2001.0,2001.0,2001.0,2001.0,2001.0,87.0,70.0,22.0
2006,LA SALLE,22.0,2006.0,2006.0,2006.0,2006.0,2006.0,88.0,84.0,41.0
2005,LA SALLE,24.2,2005.0,2005.0,2005.0,2005.0,2005.0,91.0,83.0,61.0
2004,LA SALLE,30.0,2004.0,2004.0,2004.0,2004.0,2004.0,91.0,84.0,55.0
2001,LA SALLE,31.3,2001.0,2001.0,2001.0,2001.0,2001.0,87.0,70.0,22.0
2008,LIVE OAK,20.0,2008.0,2008.0,2008.0,2008.0,2008.0,89.0,80.0,30.0
2005,LIVE OAK,16.3,2005.0,2005.0,2005.0,2005.0,2005.0,91.0,83.0,61.0
2004,LIVE OAK,19.1,2004.0,2004.0,2004.0,2004.0,2004.0,91.0,84.0,55.0
2003,LIVE OAK,18.6,2003.0,2003.0,2003.0,2003.0,2003.0,93.0,83.0,52.0
2002,LIVE OAK,5.7,2002.0,2002.0,2002.0,2002.0,2002.0,95.0,87.0,59.0
2001,LIVE OAK,18.2,2001.0,2001.0,2001.0,2001.0,2001.0,87.0,70.0,22.0
2000,LIVE OAK,14.0,2000.0,2000.0,2000.0,2000.0,2000.0,92.0,77.0,40.0
2004,MCMULLEN,24.0,2004.0,2004.0,2004.0,2004.0,2004.0,91.0,84.0,55.0
2003,MCMULLEN,10.5,2003.0,2003.0,2003.0,2003.0,2003.0,93.0,83.0,52.0
2002,MCMULLEN,8.6,2002.0,2002.0,2002.0,2002.0,2002.0,95.0,87.0,59.0
2001,MCMULLEN,23.5,2001.0,2001.0,2001.0,2001.0,2001.0,87.0,70.0,22.0
2000,MCMULLEN,14.3,2000.0,2000.0,2000.0,2000.0,2000.0,92.0,77.0,40.0
2023,ZAVALA,31.6,2023.0,2023.0,100.0,100.0,100.0,98.0,84.0,44.0
2021,ZAVALA,22.2,1.0,1.0,1.0,1.0,1.0,95.0,71.0,31.0
2020,ZAVALA,32.0,2020.0,93.0,93.0,93.0,93.0,87.0,74.0,34.0
2018,ZAVALA,32.6,2018.0,2018.0,2018.0,2018.0,2018.0,92.0,79.0,33.0
2017,ZAVALA,22.7,2017.0,2017.0,2017.0,2017.0,2017.0,93.0,75.0,30.0
2016,ZAVALA,34.9,2016.0,2016.0,2016.0,2016.0,2016.0,89.0,67.0,24.0
2014,ZAVALA,31.4,2014.0,2014.0,2014.0,2014.0,2014.0,89.0,75.0,42.0
2012,ZAVALA,42.0,2012.0,2012.0,2012.0,2012.0,2012.0,88.0,74.0,14.0
2011,ZAVALA,22.4,2011.0,2011.0,2011.0,2011.0,2011.0,89.0,85.0,36.0
2010,ZAVALA,38.1,2010.0,2010.0,2010.0,2010.0,2010.0,94.0,75.0,40.0
2009,ZAVALA,27.0,2009.0,2009.0,2009.0,2009.0,2009.0,94.0,81.0,42.0
2008,ZAVALA,37.0,2008.0,2008.0,2008.0,2008.0,2008.0,89.0,80.0,30.0
2007,ZAVALA,26.0,2007.0,2007.0,2007.0,2007.0,2007.0,92.0,84.0,41.0
2006,ZAVALA,24.0,2006.0,2006.0,2006.0,2006.0,2006.0,88.0,84.0,41.0
2005,ZAVALA,30.0,2005.0,2005.0,2005.0,2005.0,2005.0,91.0,83.0,61.0
2004,ZAVALA,32.3,2004.0,2004.0,2004.0,2004.0,2004.0,91.0,84.0,55.0
2003,ZAVALA,25.6,2003.0,2003.0,2003.0,2003.0,2003.0,93.0,83.0,52.0
2002,ZAVALA,12.9,2002.0,2002.0,2002.0,2002.0,2002.0,95.0,87.0,59.0
2001,ZAVALA,27.3,2001.0,2001.0,2001.0,2001.0,2001.0,87.0,70.0,22.0
2000,ZAVALA,14.4,2000.0,2000.0,2000.0,2000.0,2000.0,92.0,77.0,40.0
2009,OTHER (COMBINED) COUNTIES,20.0,2009.0,2009.0,2009.0,2009.0,2009.0,94.0,81.0,42.0
2007,OTHER (COMBINED) COUNTIES,30.0,2007.0,2007.0,2007.0,2007.0,2007.0,92.0,84.0,41.0
2006,OTHER (COMBINED) COUNTIES,24.0,2006.0,2006.0,2006.0,2006.0,2006.0,88.0,84.0,41.0
2004,OTHER (COMBINED) COUNTIES,25.0,2004.0,2004.0,2004.0,2004.0,2004.0,91.0,84.0,55.0
2003,OTHER (COMBINED) COUNTIES,0.0,2003.0,2003.0,2003.0,2003.0,2003.0,93.0,83.0,52.0
2002,OTHER (COMBINED) COUNTIES,10.0,2002.0,2002.0,2002.0,2002.0,2002.0,95.0,87.0,59.0
2000,OTHER (COMBINED) COUNTIES,28.0,2000.0,2000.0,2000.0,2000.0,2000.0,92.0,77.0,40.0
2006,WILLACY,24.0,2006.0,2006.0,2006.0,2006.0,2006.0,88.0,84.0,41.0
2025,OTHER COUNTIES,35.9,2025.0,2025.0,2025.0,2025.0,2025.0,93.0,70.0,43.0
2023,OTHER COUNTIES,35.1,2023.0,2023.0,100.0,100.0,100.0,98.0,84.0,44.0
2022,OTHER COUNTIES,26.9,2022.0,2022.0,2022.0,2022.0,2022.0,96.0,79.0,37.0
2021,OTHER COUNTIES,29.2,1.0,1.0,1.0,1.0,1.0,95.0,71.0,31.0
2020,OTHER COUNTIES,30.9,2020.0,93.0,93.0,93.0,93.0,87.0,74.0,34.0
