Year,County,Yield_Value,Yield_Unit,PCT_PLANTED_April,PCT_PLANTED_July,PCT_PLANTED_June,PCT_PLANTED_March,PCT_PLANTED_May
2018,OTHER (COMBINED) COUNTIES,948,LB / ACRE,15.0,15.0,95.0,8.0,51.0
2011,OTHER (COMBINED) COUNTIES,867,LB / ACRE,14.0,14.0,94.0,94.0,65.0
2007,OTHER (COMBINED) COUNTIES,823,LB / ACRE,20.0,20.0,95.0,95.0,55.0
2006,OTHER (COMBINED) COUNTIES,907,LB / ACRE,24.0,24.0,95.0,95.0,73.0
2005,OTHER (COMBINED) COUNTIES,533,LB / ACRE,21.0,21.0,94.0,94.0,70.0
2004,OTHER (COMBINED) COUNTIES,768,LB / ACRE,21.0,21.0,89.0,89.0,74.0
2003,OTHER (COMBINED) COUNTIES,1000,LB / ACRE,20.0,20.0,87.0,87.0,57.0
2001,OTHER (COMBINED) COUNTIES,0,LB / ACRE,17.0,17.0,89.0,89.0,64.0
2000,OTHER (COMBINED) COUNTIES,192,LB / ACRE,18.0,18.0,86.0,86.0,65.0
2007,CULBERSON,880,LB / ACRE,20.0,20.0,95.0,95.0,55.0
2023,EL PASO,789,LB / ACRE,20.0,100.0,93.0,93.0,50.0
2022,EL PASO,1061,LB / ACRE,19.0,19.0,96.0,96.0,60.0
2011,EL PASO,1135,LB / ACRE,14.0,14.0,94.0,94.0,65.0
2010,EL PASO,956,LB / ACRE,15.0,15.0,93.0,93.0,73.0
2009,EL PASO,861,LB / ACRE,19.0,19.0,93.0,93.0,74.0
2008,EL PASO,781,LB / ACRE,21.0,21.0,94.0,94.0,56.0
2007,EL PASO,938,LB / ACRE,20.0,20.0,95.0,95.0,55.0
2006,EL PASO,670,LB / ACRE,24.0,24.0,95.0,95.0,73.0
2005,EL PASO,887,LB / ACRE,21.0,21.0,94.0,94.0,70.0
2004,EL PASO,897,LB / ACRE,21.0,21.0,89.0,89.0,74.0
2003,EL PASO,1063,LB / ACRE,20.0,20.0,87.0,87.0,57.0
2002,EL PASO,1120,LB / ACRE,18.0,18.0,87.0,8.0,66.0
2001,EL PASO,1067,LB / ACRE,17.0,17.0,89.0,89.0,64.0
2000,EL PASO,925,LB / ACRE,18.0,18.0,86.0,86.0,65.0
2010,HUDSPETH,788,LB / ACRE,15.0,15.0,93.0,93.0,73.0
2009,HUDSPETH,817,LB / ACRE,19.0,19.0,93.0,93.0,74.0
2008,HUDSPETH,737,LB / ACRE,21.0,21.0,94.0,94.0,56.0
2007,HUDSPETH,874,LB / ACRE,20.0,20.0,95.0,95.0,55.0
2006,HUDSPETH,886,LB / ACRE,24.0,24.0,95.0,95.0,73.0
2005,HUDSPETH,864,LB / ACRE,21.0,21.0,94.0,94.0,70.0
2004,HUDSPETH,864,LB / ACRE,21.0,21.0,89.0,89.0,74.0
2003,HUDSPETH,1037,LB / ACRE,20.0,20.0,87.0,87.0,57.0
2002,HUDSPETH,1071,LB / ACRE,18.0,18.0,87.0,8.0,66.0
2001,HUDSPETH,1024,LB / ACRE,17.0,17.0,89.0,89.0,64.0
2000,HUDSPETH,1200,LB / ACRE,18.0,18.0,86.0,86.0,65.0
2006,REEVES,600,LB / ACRE,24.0,24.0,95.0,95.0,73.0
2024,OTHER COUNTIES,816,LB / ACRE,18.0,100.0,96.0,5.0,50.0
2023,OTHER COUNTIES,483,LB / ACRE,20.0,100.0,93.0,93.0,50.0
2022,OTHER COUNTIES,638,LB / ACRE,19.0,19.0,96.0,96.0,60.0
2021,OTHER COUNTIES,780,LB / ACRE,17.0,17.0,96.0,6.0,54.0
2020,OTHER COUNTIES,666,LB / ACRE,18.0,18.0,95.0,5.0,63.0
2019,OTHER (COMBINED) COUNTIES,980,LB / ACRE,13.0,13.0,95.0,7.0,48.0
2018,OTHER (COMBINED) COUNTIES,862,LB / ACRE,15.0,15.0,95.0,8.0,51.0
2017,OTHER (COMBINED) COUNTIES,1009,LB / ACRE,13.0,13.0,97.0,3.0,52.0
2016,OTHER (COMBINED) COUNTIES,1270,LB / ACRE,11.0,11.0,98.0,2.0,44.0
2015,OTHER (COMBINED) COUNTIES,1036,LB / ACRE,9.0,100.0,97.0,0.0,46.0
2014,OTHER (COMBINED) COUNTIES,950,LB / ACRE,15.0,100.0,99.0,99.0,49.0
2013,OTHER (COMBINED) COUNTIES,982,LB / ACRE,14.0,14.0,95.0,95.0,49.0
2012,OTHER (COMBINED) COUNTIES,710,LB / ACRE,25.0,25.0,95.0,95.0,64.0
2011,OTHER (COMBINED) COUNTIES,558,LB / ACRE,14.0,14.0,94.0,94.0,65.0
2010,OTHER (COMBINED) COUNTIES,727,LB / ACRE,15.0,15.0,93.0,93.0,73.0
2009,OTHER (COMBINED) COUNTIES,747,LB / ACRE,19.0,19.0,93.0,93.0,74.0
2008,OTHER (COMBINED) COUNTIES,975,LB / ACRE,21.0,21.0,94.0,94.0,56.0
2007,OTHER (COMBINED) COUNTIES,1043,LB / ACRE,20.0,20.0,95.0,95.0,55.0
2006,OTHER (COMBINED) COUNTIES,768,LB / ACRE,24.0,24.0,95.0,95.0,73.0
2005,OTHER (COMBINED) COUNTIES,960,LB / ACRE,21.0,21.0,94.0,94.0,70.0
2004,OTHER (COMBINED) COUNTIES,800,LB / ACRE,21.0,21.0,89.0,89.0,74.0
2003,OTHER (COMBINED) COUNTIES,655,LB / ACRE,20.0,20.0,87.0,87.0,57.0
2002,OTHER (COMBINED) COUNTIES,640,LB / ACRE,18.0,18.0,87.0,8.0,66.0
2001,OTHER (COMBINED) COUNTIES,702,LB / ACRE,17.0,17.0,89.0,89.0,64.0
2000,OTHER (COMBINED) COUNTIES,480,LB / ACRE,18.0,18.0,86.0,86.0,65.0
2024,ARMSTRONG,1020,LB / ACRE,18.0,100.0,96.0,5.0,50.0
2022,ARMSTRONG,858,LB / ACRE,19.0,19.0,96.0,96.0,60.0
2017,ARMSTRONG,709,LB / ACRE,13.0,13.0,97.0,3.0,52.0
2016,ARMSTRONG,891,LB / ACRE,11.0,11.0,98.0,2.0,44.0
2014,ARMSTRONG,785,LB / ACRE,15.0,100.0,99.0,99.0,49.0
2010,ARMSTRONG,761,LB / ACRE,15.0,15.0,93.0,93.0,73.0
2006,ARMSTRONG,832,LB / ACRE,24.0,24.0,95.0,95.0,73.0
2005,ARMSTRONG,800,LB / ACRE,21.0,21.0,94.0,94.0,70.0
2004,ARMSTRONG,672,LB / ACRE,21.0,21.0,89.0,89.0,74.0
2003,ARMSTRONG,576,LB / ACRE,20.0,20.0,87.0,87.0,57.0
2001,ARMSTRONG,549,LB / ACRE,17.0,17.0,89.0,89.0,64.0
2024,BRISCOE,930,LB / ACRE,18.0,100.0,96.0,5.0,50.0
2023,BRISCOE,591,LB / ACRE,20.0,100.0,93.0,93.0,50.0
2022,BRISCOE,881,LB / ACRE,19.0,19.0,96.0,96.0,60.0
2021,BRISCOE,635,LB / ACRE,17.0,17.0,96.0,6.0,54.0
2020,BRISCOE,748,LB / ACRE,18.0,18.0,95.0,5.0,63.0
2019,BRISCOE,677,LB / ACRE,13.0,13.0,95.0,7.0,48.0
2018,BRISCOE,766,LB / ACRE,15.0,15.0,95.0,8.0,51.0
2017,BRISCOE,851,LB / ACRE,13.0,13.0,97.0,3.0,52.0
2016,BRISCOE,869,LB / ACRE,11.0,11.0,98.0,2.0,44.0
2015,BRISCOE,873,LB / ACRE,9.0,100.0,97.0,0.0,46.0
2014,BRISCOE,706,LB / ACRE,15.0,100.0,99.0,99.0,49.0
2013,BRISCOE,920,LB / ACRE,14.0,14.0,95.0,95.0,49.0
2012,BRISCOE,642,LB / ACRE,25.0,25.0,95.0,95.0,64.0
2011,BRISCOE,500,LB / ACRE,14.0,14.0,94.0,94.0,65.0
2010,BRISCOE,762,LB / ACRE,15.0,15.0,93.0,93.0,73.0
2009,BRISCOE,852,LB / ACRE,19.0,19.0,93.0,93.0,74.0
2008,BRISCOE,730,LB / ACRE,21.0,21.0,94.0,94.0,56.0
2007,BRISCOE,1023,LB / ACRE,20.0,20.0,95.0,95.0,55.0
2006,BRISCOE,665,LB / ACRE,24.0,24.0,95.0,95.0,73.0
2005,BRISCOE,736,LB / ACRE,21.0,21.0,94.0,94.0,70.0
2004,BRISCOE,627,LB / ACRE,21.0,21.0,89.0,89.0,74.0
2003,BRISCOE,394,LB / ACRE,20.0,20.0,87.0,87.0,57.0
2002,BRISCOE,425,LB / ACRE,18.0,18.0,87.0,8.0,66.0
2001,BRISCOE,415,LB / ACRE,17.0,17.0,89.0,89.0,64.0
2000,BRISCOE,312,LB / ACRE,18.0,18.0,86.0,86.0,65.0
2024,CARSON,604,LB / ACRE,18.0,100.0,96.0,5.0,50.0
2023,CARSON,703,LB / ACRE,20.0,100.0,93.0,93.0,50.0
2022,CARSON,881,LB / ACRE,19.0,19.0,96.0,96.0,60.0
2021,CARSON,812,LB / ACRE,17.0,17.0,96.0,6.0,54.0
2020,CARSON,1007,LB / ACRE,18.0,18.0,95.0,5.0,63.0
2019,CARSON,798,LB / ACRE,13.0,13.0,95.0,7.0,48.0
2018,CARSON,1078,LB / ACRE,15.0,15.0,95.0,8.0,51.0
2017,CARSON,1001,LB / ACRE,13.0,13.0,97.0,3.0,52.0
2016,CARSON,1115,LB / ACRE,11.0,11.0,98.0,2.0,44.0
2015,CARSON,848,LB / ACRE,9.0,100.0,97.0,0.0,46.0
2014,CARSON,853,LB / ACRE,15.0,100.0,99.0,99.0,49.0
2013,CARSON,835,LB / ACRE,14.0,14.0,95.0,95.0,49.0
2012,CARSON,925,LB / ACRE,25.0,25.0,95.0,95.0,64.0
2011,CARSON,722,LB / ACRE,14.0,14.0,94.0,94.0,65.0
2010,CARSON,935,LB / ACRE,15.0,15.0,93.0,93.0,73.0
2009,CARSON,729,LB / ACRE,19.0,19.0,93.0,93.0,74.0
2008,CARSON,752,LB / ACRE,21.0,21.0,94.0,94.0,56.0
2007,CARSON,1044,LB / ACRE,20.0,20.0,95.0,95.0,55.0
2006,CARSON,662,LB / ACRE,24.0,24.0,95.0,95.0,73.0
2005,CARSON,817,LB / ACRE,21.0,21.0,94.0,94.0,70.0
2004,CARSON,761,LB / ACRE,21.0,21.0,89.0,89.0,74.0
2003,CARSON,777,LB / ACRE,20.0,20.0,87.0,87.0,57.0
2002,CARSON,806,LB / ACRE,18.0,18.0,87.0,8.0,66.0
2001,CARSON,642,LB / ACRE,17.0,17.0,89.0,89.0,64.0
2000,CARSON,480,LB / ACRE,18.0,18.0,86.0,86.0,65.0
2024,CASTRO,881,LB / ACRE,18.0,100.0,96.0,5.0,50.0
2023,CASTRO,725,LB / ACRE,20.0,100.0,93.0,93.0,50.0
2022,CASTRO,1188,LB / ACRE,19.0,19.0,96.0,96.0,60.0
2021,CASTRO,718,LB / ACRE,17.0,17.0,96.0,6.0,54.0
2020,CASTRO,826,LB / ACRE,18.0,18.0,95.0,5.0,63.0
2019,CASTRO,1062,LB / ACRE,13.0,13.0,95.0,7.0,48.0
2018,CASTRO,1180,LB / ACRE,15.0,15.0,95.0,8.0,51.0
2017,CASTRO,1093,LB / ACRE,13.0,13.0,97.0,3.0,52.0
2016,CASTRO,965,LB / ACRE,11.0,11.0,98.0,2.0,44.0
2015,CASTRO,1136,LB / ACRE,9.0,100.0,97.0,0.0,46.0
2014,CASTRO,909,LB / ACRE,15.0,100.0,99.0,99.0,49.0
2013,CASTRO,995,LB / ACRE,14.0,14.0,95.0,95.0,49.0
2012,CASTRO,868,LB / ACRE,25.0,25.0,95.0,95.0,64.0
2011,CASTRO,743,LB / ACRE,14.0,14.0,94.0,94.0,65.0
2010,CASTRO,1076,LB / ACRE,15.0,15.0,93.0,93.0,73.0
2009,CASTRO,988,LB / ACRE,19.0,19.0,93.0,93.0,74.0
2008,CASTRO,740,LB / ACRE,21.0,21.0,94.0,94.0,56.0
2007,CASTRO,1225,LB / ACRE,20.0,20.0,95.0,95.0,55.0
2006,CASTRO,1075,LB / ACRE,24.0,24.0,95.0,95.0,73.0
2005,CASTRO,1091,LB / ACRE,21.0,21.0,94.0,94.0,70.0
2004,CASTRO,813,LB / ACRE,21.0,21.0,89.0,89.0,74.0
2003,CASTRO,939,LB / ACRE,20.0,20.0,87.0,87.0,57.0
2002,CASTRO,1084,LB / ACRE,18.0,18.0,87.0,8.0,66.0
2001,CASTRO,938,LB / ACRE,17.0,17.0,89.0,89.0,64.0
2000,CASTRO,710,LB / ACRE,18.0,18.0,86.0,86.0,65.0
2018,DALLAM,656,LB / ACRE,15.0,15.0,95.0,8.0,51.0
2011,DALLAM,429,LB / ACRE,14.0,14.0,94.0,94.0,65.0
2006,DALLAM,704,LB / ACRE,24.0,24.0,95.0,95.0,73.0
2001,DALLAM,400,LB / ACRE,17.0,17.0,89.0,89.0,64.0
2024,DEAF SMITH,864,LB / ACRE,18.0,100.0,96.0,5.0,50.0
2023,DEAF SMITH,571,LB / ACRE,20.0,100.0,93.0,93.0,50.0
2022,DEAF SMITH,1043,LB / ACRE,19.0,19.0,96.0,96.0,60.0
2021,DEAF SMITH,834,LB / ACRE,17.0,17.0,96.0,6.0,54.0
2020,DEAF SMITH,762,LB / ACRE,18.0,18.0,95.0,5.0,63.0
2019,DEAF SMITH,652,LB / ACRE,13.0,13.0,95.0,7.0,48.0
2018,DEAF SMITH,914,LB / ACRE,15.0,15.0,95.0,8.0,51.0
2017,DEAF SMITH,803,LB / ACRE,13.0,13.0,97.0,3.0,52.0
2016,DEAF SMITH,954,LB / ACRE,11.0,11.0,98.0,2.0,44.0
2014,DEAF SMITH,597,LB / ACRE,15.0,100.0,99.0,99.0,49.0
2013,DEAF SMITH,670,LB / ACRE,14.0,14.0,95.0,95.0,49.0
2012,DEAF SMITH,480,LB / ACRE,25.0,25.0,95.0,95.0,64.0
2011,DEAF SMITH,506,LB / ACRE,14.0,14.0,94.0,94.0,65.0
2010,DEAF SMITH,845,LB / ACRE,15.0,15.0,93.0,93.0,73.0
2009,DEAF SMITH,794,LB / ACRE,19.0,19.0,93.0,93.0,74.0
2008,DEAF SMITH,727,LB / ACRE,21.0,21.0,94.0,94.0,56.0
2007,DEAF SMITH,900,LB / ACRE,20.0,20.0,95.0,95.0,55.0
2006,DEAF SMITH,924,LB / ACRE,24.0,24.0,95.0,95.0,73.0
2005,DEAF SMITH,1007,LB / ACRE,21.0,21.0,94.0,94.0,70.0
2004,DEAF SMITH,828,LB / ACRE,21.0,21.0,89.0,89.0,74.0
2003,DEAF SMITH,689,LB / ACRE,20.0,20.0,87.0,87.0,57.0
2002,DEAF SMITH,850,LB / ACRE,18.0,18.0,87.0,8.0,66.0
2001,DEAF SMITH,687,LB / ACRE,17.0,17.0,89.0,89.0,64.0
2000,DEAF SMITH,484,LB / ACRE,18.0,18.0,86.0,86.0,65.0
2024,FLOYD,903,LB / ACRE,18.0,100.0,96.0,5.0,50.0
2023,FLOYD,760,LB / ACRE,20.0,100.0,93.0,93.0,50.0
2022,FLOYD,890,LB / ACRE,19.0,19.0,96.0,96.0,60.0
2021,FLOYD,791,LB / ACRE,17.0,17.0,96.0,6.0,54.0
2020,FLOYD,834,LB / ACRE,18.0,18.0,95.0,5.0,63.0
2019,FLOYD,665,LB / ACRE,13.0,13.0,95.0,7.0,48.0
2018,FLOYD,841,LB / ACRE,15.0,15.0,95.0,8.0,51.0
2017,FLOYD,942,LB / ACRE,13.0,13.0,97.0,3.0,52.0
2016,FLOYD,918,LB / ACRE,11.0,11.0,98.0,2.0,44.0
2015,FLOYD,757,LB / ACRE,9.0,100.0,97.0,0.0,46.0
2014,FLOYD,767,LB / ACRE,15.0,100.0,99.0,99.0,49.0
2013,FLOYD,898,LB / ACRE,14.0,14.0,95.0,95.0,49.0
2012,FLOYD,850,LB / ACRE,25.0,25.0,95.0,95.0,64.0
2011,FLOYD,621,LB / ACRE,14.0,14.0,94.0,94.0,65.0
2010,FLOYD,957,LB / ACRE,15.0,15.0,93.0,93.0,73.0
2009,FLOYD,897,LB / ACRE,19.0,19.0,93.0,93.0,74.0
2008,FLOYD,843,LB / ACRE,21.0,21.0,94.0,94.0,56.0
2007,FLOYD,1110,LB / ACRE,20.0,20.0,95.0,95.0,55.0
2006,FLOYD,745,LB / ACRE,24.0,24.0,95.0,95.0,73.0
2005,FLOYD,806,LB / ACRE,21.0,21.0,94.0,94.0,70.0
2004,FLOYD,751,LB / ACRE,21.0,21.0,89.0,89.0,74.0
2003,FLOYD,491,LB / ACRE,20.0,20.0,87.0,87.0,57.0
2002,FLOYD,548,LB / ACRE,18.0,18.0,87.0,8.0,66.0
2001,FLOYD,541,LB / ACRE,17.0,17.0,89.0,89.0,64.0
2000,FLOYD,417,LB / ACRE,18.0,18.0,86.0,86.0,65.0
2024,GRAY,614,LB / ACRE,18.0,100.0,96.0,5.0,50.0
2022,GRAY,755,LB / ACRE,19.0,19.0,96.0,96.0,60.0
2021,GRAY,755,LB / ACRE,17.0,17.0,96.0,6.0,54.0
2020,GRAY,539,LB / ACRE,18.0,18.0,95.0,5.0,63.0
2019,GRAY,784,LB / ACRE,13.0,13.0,95.0,7.0,48.0
2018,GRAY,783,LB / ACRE,15.0,15.0,95.0,8.0,51.0
2017,GRAY,1018,LB / ACRE,13.0,13.0,97.0,3.0,52.0
2016,GRAY,926,LB / ACRE,11.0,11.0,98.0,2.0,44.0
2015,GRAY,775,LB / ACRE,9.0,100.0,97.0,0.0,46.0
2014,GRAY,642,LB / ACRE,15.0,100.0,99.0,99.0,49.0
2013,GRAY,641,LB / ACRE,14.0,14.0,95.0,95.0,49.0
2012,GRAY,533,LB / ACRE,25.0,25.0,95.0,95.0,64.0
2011,GRAY,537,LB / ACRE,14.0,14.0,94.0,94.0,65.0
2010,GRAY,630,LB / ACRE,15.0,15.0,93.0,93.0,73.0
2009,GRAY,780,LB / ACRE,19.0,19.0,93.0,93.0,74.0
2008,GRAY,631,LB / ACRE,21.0,21.0,94.0,94.0,56.0
2007,GRAY,864,LB / ACRE,20.0,20.0,95.0,95.0,55.0
2006,GRAY,589,LB / ACRE,24.0,24.0,95.0,95.0,73.0
2005,GRAY,768,LB / ACRE,21.0,21.0,94.0,94.0,70.0
2004,GRAY,766,LB / ACRE,21.0,21.0,89.0,89.0,74.0
2003,GRAY,500,LB / ACRE,20.0,20.0,87.0,87.0,57.0
2002,GRAY,349,LB / ACRE,18.0,18.0,87.0,8.0,66.0
2024,HALE,562,LB / ACRE,18.0,100.0,96.0,5.0,50.0
2023,HALE,752,LB / ACRE,20.0,100.0,93.0,93.0,50.0
2022,HALE,745,LB / ACRE,19.0,19.0,96.0,96.0,60.0
2021,HALE,698,LB / ACRE,17.0,17.0,96.0,6.0,54.0
2020,HALE,638,LB / ACRE,18.0,18.0,95.0,5.0,63.0
2019,HALE,594,LB / ACRE,13.0,13.0,95.0,7.0,48.0
2018,HALE,955,LB / ACRE,15.0,15.0,95.0,8.0,51.0
2017,HALE,915,LB / ACRE,13.0,13.0,97.0,3.0,52.0
2016,HALE,902,LB / ACRE,11.0,11.0,98.0,2.0,44.0
2015,HALE,725,LB / ACRE,9.0,100.0,97.0,0.0,46.0
2014,HALE,723,LB / ACRE,15.0,100.0,99.0,99.0,49.0
2013,HALE,877,LB / ACRE,14.0,14.0,95.0,95.0,49.0
2012,HALE,780,LB / ACRE,25.0,25.0,95.0,95.0,64.0
2011,HALE,674,LB / ACRE,14.0,14.0,94.0,94.0,65.0
2010,HALE,1017,LB / ACRE,15.0,15.0,93.0,93.0,73.0
2009,HALE,903,LB / ACRE,19.0,19.0,93.0,93.0,74.0
2008,HALE,958,LB / ACRE,21.0,21.0,94.0,94.0,56.0
2007,HALE,1081,LB / ACRE,20.0,20.0,95.0,95.0,55.0
2006,HALE,885,LB / ACRE,24.0,24.0,95.0,95.0,73.0
2005,HALE,939,LB / ACRE,21.0,21.0,94.0,94.0,70.0
2004,HALE,859,LB / ACRE,21.0,21.0,89.0,89.0,74.0
2003,HALE,685,LB / ACRE,20.0,20.0,87.0,87.0,57.0
2002,HALE,809,LB / ACRE,18.0,18.0,87.0,8.0,66.0
2001,HALE,683,LB / ACRE,17.0,17.0,89.0,89.0,64.0
2000,HALE,569,LB / ACRE,18.0,18.0,86.0,86.0,65.0
2024,HANSFORD,938,LB / ACRE,18.0,100.0,96.0,5.0,50.0
2023,HANSFORD,777,LB / ACRE,20.0,100.0,93.0,93.0,50.0
2022,HANSFORD,986,LB / ACRE,19.0,19.0,96.0,96.0,60.0
2021,HANSFORD,879,LB / ACRE,17.0,17.0,96.0,6.0,54.0
2020,HANSFORD,1018,LB / ACRE,18.0,18.0,95.0,5.0,63.0
2019,HANSFORD,893,LB / ACRE,13.0,13.0,95.0,7.0,48.0
2018,HANSFORD,1280,LB / ACRE,15.0,15.0,95.0,8.0,51.0
2017,HANSFORD,1105,LB / ACRE,13.0,13.0,97.0,3.0,52.0
2011,HANSFORD,649,LB / ACRE,14.0,14.0,94.0,94.0,65.0
2010,HANSFORD,703,LB / ACRE,15.0,15.0,93.0,93.0,73.0
2009,HANSFORD,1015,LB / ACRE,19.0,19.0,93.0,93.0,74.0
2008,HANSFORD,913,LB / ACRE,21.0,21.0,94.0,94.0,56.0
2007,HANSFORD,697,LB / ACRE,20.0,20.0,95.0,95.0,55.0
2006,HANSFORD,763,LB / ACRE,24.0,24.0,95.0,95.0,73.0
2005,HANSFORD,1049,LB / ACRE,21.0,21.0,94.0,94.0,70.0
2022,HARTLEY,960,LB / ACRE,19.0,19.0,96.0,96.0,60.0
2021,HARTLEY,729,LB / ACRE,17.0,17.0,96.0,6.0,54.0
2020,HARTLEY,1232,LB / ACRE,18.0,18.0,95.0,5.0,63.0
2019,HARTLEY,1056,LB / ACRE,13.0,13.0,95.0,7.0,48.0
2018,HARTLEY,1159,LB / ACRE,15.0,15.0,95.0,8.0,51.0
2017,HARTLEY,881,LB / ACRE,13.0,13.0,97.0,3.0,52.0
2015,HARTLEY,1182,LB / ACRE,9.0,100.0,97.0,0.0,46.0
2013,HARTLEY,1191,LB / ACRE,14.0,14.0,95.0,95.0,49.0
2011,HARTLEY,732,LB / ACRE,14.0,14.0,94.0,94.0,65.0
2010,HARTLEY,1045,LB / ACRE,15.0,15.0,93.0,93.0,73.0
2009,HARTLEY,1173,LB / ACRE,19.0,19.0,93.0,93.0,74.0
2006,HARTLEY,1095,LB / ACRE,24.0,24.0,95.0,95.0,73.0
2005,HARTLEY,979,LB / ACRE,21.0,21.0,94.0,94.0,70.0
2004,HARTLEY,747,LB / ACRE,21.0,21.0,89.0,89.0,74.0
2002,HARTLEY,528,LB / ACRE,18.0,18.0,87.0,8.0,66.0
2001,HARTLEY,495,LB / ACRE,17.0,17.0,89.0,89.0,64.0
2000,HARTLEY,388,LB / ACRE,18.0,18.0,86.0,86.0,65.0
2022,HUTCHINSON,963,LB / ACRE,19.0,19.0,96.0,96.0,60.0
2021,HUTCHINSON,703,LB / ACRE,17.0,17.0,96.0,6.0,54.0
2018,HUTCHINSON,1041,LB / ACRE,15.0,15.0,95.0,8.0,51.0
2017,HUTCHINSON,701,LB / ACRE,13.0,13.0,97.0,3.0,52.0
2016,HUTCHINSON,1193,LB / ACRE,11.0,11.0,98.0,2.0,44.0
2013,HUTCHINSON,1285,LB / ACRE,14.0,14.0,95.0,95.0,49.0
2012,HUTCHINSON,1302,LB / ACRE,25.0,25.0,95.0,95.0,64.0
2011,HUTCHINSON,831,LB / ACRE,14.0,14.0,94.0,94.0,65.0
2010,HUTCHINSON,1029,LB / ACRE,15.0,15.0,93.0,93.0,73.0
2009,HUTCHINSON,880,LB / ACRE,19.0,19.0,93.0,93.0,74.0
2007,HUTCHINSON,1120,LB / ACRE,20.0,20.0,95.0,95.0,55.0
2006,HUTCHINSON,1248,LB / ACRE,24.0,24.0,95.0,95.0,73.0
2005,HUTCHINSON,880,LB / ACRE,21.0,21.0,94.0,94.0,70.0
2006,LIPSCOMB,587,LB / ACRE,24.0,24.0,95.0,95.0,73.0
2024,MOORE,1024,LB / ACRE,18.0,100.0,96.0,5.0,50.0
2022,MOORE,1057,LB / ACRE,19.0,19.0,96.0,96.0,60.0
2021,MOORE,960,LB / ACRE,17.0,17.0,96.0,6.0,54.0
2020,MOORE,933,LB / ACRE,18.0,18.0,95.0,5.0,63.0
2019,MOORE,921,LB / ACRE,13.0,13.0,95.0,7.0,48.0
2018,MOORE,1147,LB / ACRE,15.0,15.0,95.0,8.0,51.0
2017,MOORE,1222,LB / ACRE,13.0,13.0,97.0,3.0,52.0
2016,MOORE,1182,LB / ACRE,11.0,11.0,98.0,2.0,44.0
2014,MOORE,1154,LB / ACRE,15.0,100.0,99.0,99.0,49.0
2013,MOORE,1200,LB / ACRE,14.0,14.0,95.0,95.0,49.0
2012,MOORE,946,LB / ACRE,25.0,25.0,95.0,95.0,64.0
2011,MOORE,892,LB / ACRE,14.0,14.0,94.0,94.0,65.0
2010,MOORE,900,LB / ACRE,15.0,15.0,93.0,93.0,73.0
2009,MOORE,863,LB / ACRE,19.0,19.0,93.0,93.0,74.0
2008,MOORE,755,LB / ACRE,21.0,21.0,94.0,94.0,56.0
2007,MOORE,1200,LB / ACRE,20.0,20.0,95.0,95.0,55.0
2006,MOORE,861,LB / ACRE,24.0,24.0,95.0,95.0,73.0
2005,MOORE,1038,LB / ACRE,21.0,21.0,94.0,94.0,70.0
2004,MOORE,904,LB / ACRE,21.0,21.0,89.0,89.0,74.0
2003,MOORE,831,LB / ACRE,20.0,20.0,87.0,87.0,57.0
2022,OCHILTREE,913,LB / ACRE,19.0,19.0,96.0,96.0,60.0
2021,OCHILTREE,860,LB / ACRE,17.0,17.0,96.0,6.0,54.0
2020,OCHILTREE,724,LB / ACRE,18.0,18.0,95.0,5.0,63.0
2019,OCHILTREE,634,LB / ACRE,13.0,13.0,95.0,7.0,48.0
2018,OCHILTREE,1164,LB / ACRE,15.0,15.0,95.0,8.0,51.0
2017,OCHILTREE,1129,LB / ACRE,13.0,13.0,97.0,3.0,52.0
2016,OCHILTREE,1043,LB / ACRE,11.0,11.0,98.0,2.0,44.0
2014,OCHILTREE,1050,LB / ACRE,15.0,100.0,99.0,99.0,49.0
2013,OCHILTREE,777,LB / ACRE,14.0,14.0,95.0,95.0,49.0
2011,OCHILTREE,580,LB / ACRE,14.0,14.0,94.0,94.0,65.0
2010,OCHILTREE,789,LB / ACRE,15.0,15.0,93.0,93.0,73.0
2009,OCHILTREE,903,LB / ACRE,19.0,19.0,93.0,93.0,74.0
2008,OCHILTREE,1071,LB / ACRE,21.0,21.0,94.0,94.0,56.0
2007,OCHILTREE,598,LB / ACRE,20.0,20.0,95.0,95.0,55.0
2006,OCHILTREE,733,LB / ACRE,24.0,24.0,95.0,95.0,73.0
2005,OCHILTREE,849,LB / ACRE,21.0,21.0,94.0,94.0,70.0
2004,OCHILTREE,698,LB / ACRE,21.0,21.0,89.0,89.0,74.0
2021,OLDHAM,644,LB / ACRE,17.0,17.0,96.0,6.0,54.0
2024,PARMER,480,LB / ACRE,18.0,100.0,96.0,5.0,50.0
2022,PARMER,841,LB / ACRE,19.0,19.0,96.0,96.0,60.0
2021,PARMER,857,LB / ACRE,17.0,17.0,96.0,6.0,54.0
2020,PARMER,735,LB / ACRE,18.0,18.0,95.0,5.0,63.0
2019,PARMER,683,LB / ACRE,13.0,13.0,95.0,7.0,48.0
2018,PARMER,1211,LB / ACRE,15.0,15.0,95.0,8.0,51.0
2017,PARMER,1003,LB / ACRE,13.0,13.0,97.0,3.0,52.0
2016,PARMER,1044,LB / ACRE,11.0,11.0,98.0,2.0,44.0
2015,PARMER,761,LB / ACRE,9.0,100.0,97.0,0.0,46.0
2014,PARMER,795,LB / ACRE,15.0,100.0,99.0,99.0,49.0
2013,PARMER,983,LB / ACRE,14.0,14.0,95.0,95.0,49.0
2012,PARMER,738,LB / ACRE,25.0,25.0,95.0,95.0,64.0
2011,PARMER,710,LB / ACRE,14.0,14.0,94.0,94.0,65.0
2010,PARMER,1057,LB / ACRE,15.0,15.0,93.0,93.0,73.0
2009,PARMER,1067,LB / ACRE,19.0,19.0,93.0,93.0,74.0
2008,PARMER,927,LB / ACRE,21.0,21.0,94.0,94.0,56.0
2007,PARMER,1307,LB / ACRE,20.0,20.0,95.0,95.0,55.0
2006,PARMER,1211,LB / ACRE,24.0,24.0,95.0,95.0,73.0
2005,PARMER,1163,LB / ACRE,21.0,21.0,94.0,94.0,70.0
2004,PARMER,943,LB / ACRE,21.0,21.0,89.0,89.0,74.0
2003,PARMER,851,LB / ACRE,20.0,20.0,87.0,87.0,57.0
2002,PARMER,1092,LB / ACRE,18.0,18.0,87.0,8.0,66.0
2001,PARMER,1009,LB / ACRE,17.0,17.0,89.0,89.0,64.0
2000,PARMER,728,LB / ACRE,18.0,18.0,86.0,86.0,65.0
2004,POTTER,686,LB / ACRE,21.0,21.0,89.0,89.0,74.0
2002,POTTER,480,LB / ACRE,18.0,18.0,87.0,8.0,66.0
2024,RANDALL,697,LB / ACRE,18.0,100.0,96.0,5.0,50.0
2022,RANDALL,981,LB / ACRE,19.0,19.0,96.0,96.0,60.0
2021,RANDALL,623,LB / ACRE,17.0,17.0,96.0,6.0,54.0
2019,RANDALL,785,LB / ACRE,13.0,13.0,95.0,7.0,48.0
2018,RANDALL,955,LB / ACRE,15.0,15.0,95.0,8.0,51.0
2017,RANDALL,1030,LB / ACRE,13.0,13.0,97.0,3.0,52.0
2016,RANDALL,1126,LB / ACRE,11.0,11.0,98.0,2.0,44.0
2012,RANDALL,680,LB / ACRE,25.0,25.0,95.0,95.0,64.0
2011,RANDALL,554,LB / ACRE,14.0,14.0,94.0,94.0,65.0
2010,RANDALL,751,LB / ACRE,15.0,15.0,93.0,93.0,73.0
2009,RANDALL,840,LB / ACRE,19.0,19.0,93.0,93.0,74.0
2008,RANDALL,720,LB / ACRE,21.0,21.0,94.0,94.0,56.0
2007,RANDALL,720,LB / ACRE,20.0,20.0,95.0,95.0,55.0
2006,RANDALL,846,LB / ACRE,24.0,24.0,95.0,95.0,73.0
2005,RANDALL,764,LB / ACRE,21.0,21.0,94.0,94.0,70.0
2004,RANDALL,831,LB / ACRE,21.0,21.0,89.0,89.0,74.0
2003,RANDALL,880,LB / ACRE,20.0,20.0,87.0,87.0,57.0
2002,RANDALL,689,LB / ACRE,18.0,18.0,87.0,8.0,66.0
2001,RANDALL,519,LB / ACRE,17.0,17.0,89.0,89.0,64.0
2000,RANDALL,379,LB / ACRE,18.0,18.0,86.0,86.0,65.0
2017,ROBERTS,832,LB / ACRE,13.0,13.0,97.0,3.0,52.0
2012,ROBERTS,545,LB / ACRE,25.0,25.0,95.0,95.0,64.0
2006,ROBERTS,960,LB / ACRE,24.0,24.0,95.0,95.0,73.0
2005,ROBERTS,849,LB / ACRE,21.0,21.0,94.0,94.0,70.0
2024,SHERMAN,1296,LB / ACRE,18.0,100.0,96.0,5.0,50.0
2023,SHERMAN,774,LB / ACRE,20.0,100.0,93.0,93.0,50.0
2022,SHERMAN,1078,LB / ACRE,19.0,19.0,96.0,96.0,60.0
2021,SHERMAN,899,LB / ACRE,17.0,17.0,96.0,6.0,54.0
2019,SHERMAN,913,LB / ACRE,13.0,13.0,95.0,7.0,48.0
2018,SHERMAN,1142,LB / ACRE,15.0,15.0,95.0,8.0,51.0
2017,SHERMAN,1120,LB / ACRE,13.0,13.0,97.0,3.0,52.0
2016,SHERMAN,1318,LB / ACRE,11.0,11.0,98.0,2.0,44.0
2015,SHERMAN,1128,LB / ACRE,9.0,100.0,97.0,0.0,46.0
2014,SHERMAN,1003,LB / ACRE,15.0,100.0,99.0,99.0,49.0
2013,SHERMAN,934,LB / ACRE,14.0,14.0,95.0,95.0,49.0
2012,SHERMAN,788,LB / ACRE,25.0,25.0,95.0,95.0,64.0
2011,SHERMAN,941,LB / ACRE,14.0,14.0,94.0,94.0,65.0
2010,SHERMAN,983,LB / ACRE,15.0,15.0,93.0,93.0,73.0
2009,SHERMAN,831,LB / ACRE,19.0,19.0,93.0,93.0,74.0
2008,SHERMAN,896,LB / ACRE,21.0,21.0,94.0,94.0,56.0
2007,SHERMAN,1063,LB / ACRE,20.0,20.0,95.0,95.0,55.0
2006,SHERMAN,1265,LB / ACRE,24.0,24.0,95.0,95.0,73.0
2005,SHERMAN,999,LB / ACRE,21.0,21.0,94.0,94.0,70.0
2004,SHERMAN,920,LB / ACRE,21.0,21.0,89.0,89.0,74.0
2024,SWISHER,450,LB / ACRE,18.0,100.0,96.0,5.0,50.0
2023,SWISHER,642,LB / ACRE,20.0,100.0,93.0,93.0,50.0
2022,SWISHER,770,LB / ACRE,19.0,19.0,96.0,96.0,60.0
2021,SWISHER,573,LB / ACRE,17.0,17.0,96.0,6.0,54.0
2020,SWISHER,591,LB / ACRE,18.0,18.0,95.0,5.0,63.0
2019,SWISHER,587,LB / ACRE,13.0,13.0,95.0,7.0,48.0
2018,SWISHER,937,LB / ACRE,15.0,15.0,95.0,8.0,51.0
2017,SWISHER,1048,LB / ACRE,13.0,13.0,97.0,3.0,52.0
2016,SWISHER,1029,LB / ACRE,11.0,11.0,98.0,2.0,44.0
2015,SWISHER,872,LB / ACRE,9.0,100.0,97.0,0.0,46.0
2014,SWISHER,548,LB / ACRE,15.0,100.0,99.0,99.0,49.0
2013,SWISHER,896,LB / ACRE,14.0,14.0,95.0,95.0,49.0
2012,SWISHER,649,LB / ACRE,25.0,25.0,95.0,95.0,64.0
2011,SWISHER,555,LB / ACRE,14.0,14.0,94.0,94.0,65.0
2010,SWISHER,946,LB / ACRE,15.0,15.0,93.0,93.0,73.0
2009,SWISHER,689,LB / ACRE,19.0,19.0,93.0,93.0,74.0
2008,SWISHER,801,LB / ACRE,21.0,21.0,94.0,94.0,56.0
2007,SWISHER,1078,LB / ACRE,20.0,20.0,95.0,95.0,55.0
2006,SWISHER,862,LB / ACRE,24.0,24.0,95.0,95.0,73.0
2005,SWISHER,818,LB / ACRE,21.0,21.0,94.0,94.0,70.0
2004,SWISHER,802,LB / ACRE,21.0,21.0,89.0,89.0,74.0
2003,SWISHER,766,LB / ACRE,20.0,20.0,87.0,87.0,57.0
2002,SWISHER,708,LB / ACRE,18.0,18.0,87.0,8.0,66.0
2001,SWISHER,737,LB / ACRE,17.0,17.0,89.0,89.0,64.0
2000,SWISHER,469,LB / ACRE,18.0,18.0,86.0,86.0,65.0
2019,OTHER (COMBINED) COUNTIES,440,LB / ACRE,13.0,13.0,95.0,7.0,48.0
2018,OTHER (COMBINED) COUNTIES,761,LB / ACRE,15.0,15.0,95.0,8.0,51.0
2017,OTHER (COMBINED) COUNTIES,761,LB / ACRE,13.0,13.0,97.0,3.0,52.0
2016,OTHER (COMBINED) COUNTIES,744,LB / ACRE,11.0,11.0,98.0,2.0,44.0
2015,OTHER (COMBINED) COUNTIES,587,LB / ACRE,9.0,100.0,97.0,0.0,46.0
2014,OTHER (COMBINED) COUNTIES,697,LB / ACRE,15.0,100.0,99.0,99.0,49.0
2013,OTHER (COMBINED) COUNTIES,709,LB / ACRE,14.0,14.0,95.0,95.0,49.0
2012,OTHER (COMBINED) COUNTIES,520,LB / ACRE,25.0,25.0,95.0,95.0,64.0
2011,OTHER (COMBINED) COUNTIES,314,LB / ACRE,14.0,14.0,94.0,94.0,65.0
2007,OTHER (COMBINED) COUNTIES,749,LB / ACRE,20.0,20.0,95.0,95.0,55.0
2024,ANDREWS,277,LB / ACRE,18.0,100.0,96.0,5.0,50.0
2010,ANDREWS,636,LB / ACRE,15.0,15.0,93.0,93.0,73.0
2009,ANDREWS,724,LB / ACRE,19.0,19.0,93.0,93.0,74.0
2008,ANDREWS,781,LB / ACRE,21.0,21.0,94.0,94.0,56.0
2006,ANDREWS,627,LB / ACRE,24.0,24.0,95.0,95.0,73.0
2005,ANDREWS,926,LB / ACRE,21.0,21.0,94.0,94.0,70.0
2004,ANDREWS,677,LB / ACRE,21.0,21.0,89.0,89.0,74.0
2003,ANDREWS,542,LB / ACRE,20.0,20.0,87.0,87.0,57.0
2002,ANDREWS,388,LB / ACRE,18.0,18.0,87.0,8.0,66.0
2001,ANDREWS,335,LB / ACRE,17.0,17.0,89.0,89.0,64.0
2000,ANDREWS,369,LB / ACRE,18.0,18.0,86.0,86.0,65.0
2024,BAILEY,434,LB / ACRE,18.0,100.0,96.0,5.0,50.0
2023,BAILEY,340,LB / ACRE,20.0,100.0,93.0,93.0,50.0
2022,BAILEY,638,LB / ACRE,19.0,19.0,96.0,96.0,60.0
2021,BAILEY,588,LB / ACRE,17.0,17.0,96.0,6.0,54.0
2020,BAILEY,569,LB / ACRE,18.0,18.0,95.0,5.0,63.0
2019,BAILEY,542,LB / ACRE,13.0,13.0,95.0,7.0,48.0
2018,BAILEY,903,LB / ACRE,15.0,15.0,95.0,8.0,51.0
2017,BAILEY,788,LB / ACRE,13.0,13.0,97.0,3.0,52.0
2016,BAILEY,760,LB / ACRE,11.0,11.0,98.0,2.0,44.0
2015,BAILEY,670,LB / ACRE,9.0,100.0,97.0,0.0,46.0
2014,BAILEY,551,LB / ACRE,15.0,100.0,99.0,99.0,49.0
2013,BAILEY,645,LB / ACRE,14.0,14.0,95.0,95.0,49.0
2012,BAILEY,482,LB / ACRE,25.0,25.0,95.0,95.0,64.0
2011,BAILEY,526,LB / ACRE,14.0,14.0,94.0,94.0,65.0
2010,BAILEY,730,LB / ACRE,15.0,15.0,93.0,93.0,73.0
2009,BAILEY,668,LB / ACRE,19.0,19.0,93.0,93.0,74.0
2008,BAILEY,524,LB / ACRE,21.0,21.0,94.0,94.0,56.0
2007,BAILEY,605,LB / ACRE,20.0,20.0,95.0,95.0,55.0
2006,BAILEY,771,LB / ACRE,24.0,24.0,95.0,95.0,73.0
2005,BAILEY,704,LB / ACRE,21.0,21.0,94.0,94.0,70.0
2004,BAILEY,701,LB / ACRE,21.0,21.0,89.0,89.0,74.0
2003,BAILEY,337,LB / ACRE,20.0,20.0,87.0,87.0,57.0
2002,BAILEY,592,LB / ACRE,18.0,18.0,87.0,8.0,66.0
2001,BAILEY,419,LB / ACRE,17.0,17.0,89.0,89.0,64.0
2000,BAILEY,350,LB / ACRE,18.0,18.0,86.0,86.0,65.0
2024,COCHRAN,373,LB / ACRE,18.0,100.0,96.0,5.0,50.0
2023,COCHRAN,387,LB / ACRE,20.0,100.0,93.0,93.0,50.0
2022,COCHRAN,629,LB / ACRE,19.0,19.0,96.0,96.0,60.0
2021,COCHRAN,535,LB / ACRE,17.0,17.0,96.0,6.0,54.0
2020,COCHRAN,525,LB / ACRE,18.0,18.0,95.0,5.0,63.0
2019,COCHRAN,485,LB / ACRE,13.0,13.0,95.0,7.0,48.0
2018,COCHRAN,610,LB / ACRE,15.0,15.0,95.0,8.0,51.0
2017,COCHRAN,750,LB / ACRE,13.0,13.0,97.0,3.0,52.0
2016,COCHRAN,664,LB / ACRE,11.0,11.0,98.0,2.0,44.0
2015,COCHRAN,604,LB / ACRE,9.0,100.0,97.0,0.0,46.0
2014,COCHRAN,628,LB / ACRE,15.0,100.0,99.0,99.0,49.0
2013,COCHRAN,596,LB / ACRE,14.0,14.0,95.0,95.0,49.0
2012,COCHRAN,487,LB / ACRE,25.0,25.0,95.0,95.0,64.0
2011,COCHRAN,371,LB / ACRE,14.0,14.0,94.0,94.0,65.0
2010,COCHRAN,701,LB / ACRE,15.0,15.0,93.0,93.0,73.0
2009,COCHRAN,622,LB / ACRE,19.0,19.0,93.0,93.0,74.0
2008,COCHRAN,696,LB / ACRE,21.0,21.0,94.0,94.0,56.0
2007,COCHRAN,664,LB / ACRE,20.0,20.0,95.0,95.0,55.0
2006,COCHRAN,560,LB / ACRE,24.0,24.0,95.0,95.0,73.0
2005,COCHRAN,810,LB / ACRE,21.0,21.0,94.0,94.0,70.0
2004,COCHRAN,710,LB / ACRE,21.0,21.0,89.0,89.0,74.0
2003,COCHRAN,387,LB / ACRE,20.0,20.0,87.0,87.0,57.0
2002,COCHRAN,596,LB / ACRE,18.0,18.0,87.0,8.0,66.0
2001,COCHRAN,440,LB / ACRE,17.0,17.0,89.0,89.0,64.0
2000,COCHRAN,249,LB / ACRE,18.0,18.0,86.0,86.0,65.0
2024,CROSBY,574,LB / ACRE,18.0,100.0,96.0,5.0,50.0
2023,CROSBY,750,LB / ACRE,20.0,100.0,93.0,93.0,50.0
2022,CROSBY,817,LB / ACRE,19.0,19.0,96.0,96.0,60.0
2021,CROSBY,683,LB / ACRE,17.0,17.0,96.0,6.0,54.0
2020,CROSBY,556,LB / ACRE,18.0,18.0,95.0,5.0,63.0
2019,CROSBY,545,LB / ACRE,13.0,13.0,95.0,7.0,48.0
2018,CROSBY,565,LB / ACRE,15.0,15.0,95.0,8.0,51.0
2017,CROSBY,715,LB / ACRE,13.0,13.0,97.0,3.0,52.0
2016,CROSBY,721,LB / ACRE,11.0,11.0,98.0,2.0,44.0
2015,CROSBY,603,LB / ACRE,9.0,100.0,97.0,0.0,46.0
2014,CROSBY,655,LB / ACRE,15.0,100.0,99.0,99.0,49.0
2013,CROSBY,617,LB / ACRE,14.0,14.0,95.0,95.0,49.0
2012,CROSBY,602,LB / ACRE,25.0,25.0,95.0,95.0,64.0
2011,CROSBY,442,LB / ACRE,14.0,14.0,94.0,94.0,65.0
2010,CROSBY,718,LB / ACRE,15.0,15.0,93.0,93.0,73.0
2009,CROSBY,709,LB / ACRE,19.0,19.0,93.0,93.0,74.0
2008,CROSBY,576,LB / ACRE,21.0,21.0,94.0,94.0,56.0
2007,CROSBY,857,LB / ACRE,20.0,20.0,95.0,95.0,55.0
2006,CROSBY,569,LB / ACRE,24.0,24.0,95.0,95.0,73.0
2005,CROSBY,707,LB / ACRE,21.0,21.0,94.0,94.0,70.0
2004,CROSBY,735,LB / ACRE,21.0,21.0,89.0,89.0,74.0
2003,CROSBY,359,LB / ACRE,20.0,20.0,87.0,87.0,57.0
2002,CROSBY,443,LB / ACRE,18.0,18.0,87.0,8.0,66.0
2001,CROSBY,326,LB / ACRE,17.0,17.0,89.0,89.0,64.0
2000,CROSBY,346,LB / ACRE,18.0,18.0,86.0,86.0,65.0
2024,DAWSON,434,LB / ACRE,18.0,100.0,96.0,5.0,50.0
2023,DAWSON,770,LB / ACRE,20.0,100.0,93.0,93.0,50.0
2022,DAWSON,786,LB / ACRE,19.0,19.0,96.0,96.0,60.0
2021,DAWSON,590,LB / ACRE,17.0,17.0,96.0,6.0,54.0
2020,DAWSON,741,LB / ACRE,18.0,18.0,95.0,5.0,63.0
2019,DAWSON,420,LB / ACRE,13.0,13.0,95.0,7.0,48.0
2018,DAWSON,798,LB / ACRE,15.0,15.0,95.0,8.0,51.0
2017,DAWSON,599,LB / ACRE,13.0,13.0,97.0,3.0,52.0
2016,DAWSON,570,LB / ACRE,11.0,11.0,98.0,2.0,44.0
2015,DAWSON,535,LB / ACRE,9.0,100.0,97.0,0.0,46.0
2014,DAWSON,478,LB / ACRE,15.0,100.0,99.0,99.0,49.0
2013,DAWSON,879,LB / ACRE,14.0,14.0,95.0,95.0,49.0
2012,DAWSON,492,LB / ACRE,25.0,25.0,95.0,95.0,64.0
2011,DAWSON,504,LB / ACRE,14.0,14.0,94.0,94.0,65.0
2010,DAWSON,585,LB / ACRE,15.0,15.0,93.0,93.0,73.0
2009,DAWSON,504,LB / ACRE,19.0,19.0,93.0,93.0,74.0
2008,DAWSON,608,LB / ACRE,21.0,21.0,94.0,94.0,56.0
2007,DAWSON,695,LB / ACRE,20.0,20.0,95.0,95.0,55.0
2006,DAWSON,562,LB / ACRE,24.0,24.0,95.0,95.0,73.0
2005,DAWSON,658,LB / ACRE,21.0,21.0,94.0,94.0,70.0
2004,DAWSON,630,LB / ACRE,21.0,21.0,89.0,89.0,74.0
2003,DAWSON,386,LB / ACRE,20.0,20.0,87.0,87.0,57.0
2002,DAWSON,421,LB / ACRE,18.0,18.0,87.0,8.0,66.0
2001,DAWSON,466,LB / ACRE,17.0,17.0,89.0,89.0,64.0
2000,DAWSON,381,LB / ACRE,18.0,18.0,86.0,86.0,65.0
2024,GAINES,549,LB / ACRE,18.0,100.0,96.0,5.0,50.0
2023,GAINES,442,LB / ACRE,20.0,100.0,93.0,93.0,50.0
2022,GAINES,575,LB / ACRE,19.0,19.0,96.0,96.0,60.0
2021,GAINES,627,LB / ACRE,17.0,17.0,96.0,6.0,54.0
2020,GAINES,413,LB / ACRE,18.0,18.0,95.0,5.0,63.0
2019,GAINES,487,LB / ACRE,13.0,13.0,95.0,7.0,48.0
2018,GAINES,532,LB / ACRE,15.0,15.0,95.0,8.0,51.0
2017,GAINES,819,LB / ACRE,13.0,13.0,97.0,3.0,52.0
2016,GAINES,600,LB / ACRE,11.0,11.0,98.0,2.0,44.0
2015,GAINES,720,LB / ACRE,9.0,100.0,97.0,0.0,46.0
2014,GAINES,602,LB / ACRE,15.0,100.0,99.0,99.0,49.0
2013,GAINES,679,LB / ACRE,14.0,14.0,95.0,95.0,49.0
2012,GAINES,535,LB / ACRE,25.0,25.0,95.0,95.0,64.0
2011,GAINES,500,LB / ACRE,14.0,14.0,94.0,94.0,65.0
2010,GAINES,742,LB / ACRE,15.0,15.0,93.0,93.0,73.0
2009,GAINES,782,LB / ACRE,19.0,19.0,93.0,93.0,74.0
2008,GAINES,773,LB / ACRE,21.0,21.0,94.0,94.0,56.0
2007,GAINES,905,LB / ACRE,20.0,20.0,95.0,95.0,55.0
2006,GAINES,813,LB / ACRE,24.0,24.0,95.0,95.0,73.0
2005,GAINES,858,LB / ACRE,21.0,21.0,94.0,94.0,70.0
2004,GAINES,868,LB / ACRE,21.0,21.0,89.0,89.0,74.0
2003,GAINES,562,LB / ACRE,20.0,20.0,87.0,87.0,57.0
2002,GAINES,625,LB / ACRE,18.0,18.0,87.0,8.0,66.0
2001,GAINES,476,LB / ACRE,17.0,17.0,89.0,89.0,64.0
2000,GAINES,395,LB / ACRE,18.0,18.0,86.0,86.0,65.0
2024,GLASSCOCK,531,LB / ACRE,18.0,100.0,96.0,5.0,50.0
2023,GLASSCOCK,713,LB / ACRE,20.0,100.0,93.0,93.0,50.0
2022,GLASSCOCK,899,LB / ACRE,19.0,19.0,96.0,96.0,60.0
2021,GLASSCOCK,755,LB / ACRE,17.0,17.0,96.0,6.0,54.0
2020,GLASSCOCK,728,LB / ACRE,18.0,18.0,95.0,5.0,63.0
2019,GLASSCOCK,409,LB / ACRE,13.0,13.0,95.0,7.0,48.0
2018,GLASSCOCK,846,LB / ACRE,15.0,15.0,95.0,8.0,51.0
2017,GLASSCOCK,581,LB / ACRE,13.0,13.0,97.0,3.0,52.0
2016,GLASSCOCK,531,LB / ACRE,11.0,11.0,98.0,2.0,44.0
2015,GLASSCOCK,412,LB / ACRE,9.0,100.0,97.0,0.0,46.0
2014,GLASSCOCK,483,LB / ACRE,15.0,100.0,99.0,99.0,49.0
2013,GLASSCOCK,453,LB / ACRE,14.0,14.0,95.0,95.0,49.0
2012,GLASSCOCK,739,LB / ACRE,25.0,25.0,95.0,95.0,64.0
2011,GLASSCOCK,564,LB / ACRE,14.0,14.0,94.0,94.0,65.0
2010,GLASSCOCK,533,LB / ACRE,15.0,15.0,93.0,93.0,73.0
2009,GLASSCOCK,560,LB / ACRE,19.0,19.0,93.0,93.0,74.0
2008,GLASSCOCK,874,LB / ACRE,21.0,21.0,94.0,94.0,56.0
2007,GLASSCOCK,1061,LB / ACRE,20.0,20.0,95.0,95.0,55.0
2006,GLASSCOCK,708,LB / ACRE,24.0,24.0,95.0,95.0,73.0
2005,GLASSCOCK,888,LB / ACRE,21.0,21.0,94.0,94.0,70.0
2004,GLASSCOCK,462,LB / ACRE,21.0,21.0,89.0,89.0,74.0
2003,GLASSCOCK,355,LB / ACRE,20.0,20.0,87.0,87.0,57.0
2002,GLASSCOCK,370,LB / ACRE,18.0,18.0,87.0,8.0,66.0
2001,GLASSCOCK,560,LB / ACRE,17.0,17.0,89.0,89.0,64.0
2000,GLASSCOCK,306,LB / ACRE,18.0,18.0,86.0,86.0,65.0
2024,HOCKLEY,543,LB / ACRE,18.0,100.0,96.0,5.0,50.0
2023,HOCKLEY,578,LB / ACRE,20.0,100.0,93.0,93.0,50.0
2022,HOCKLEY,668,LB / ACRE,19.0,19.0,96.0,96.0,60.0
2021,HOCKLEY,601,LB / ACRE,17.0,17.0,96.0,6.0,54.0
2020,HOCKLEY,538,LB / ACRE,18.0,18.0,95.0,5.0,63.0
2019,HOCKLEY,501,LB / ACRE,13.0,13.0,95.0,7.0,48.0
2018,HOCKLEY,868,LB / ACRE,15.0,15.0,95.0,8.0,51.0
2017,HOCKLEY,676,LB / ACRE,13.0,13.0,97.0,3.0,52.0
2016,HOCKLEY,783,LB / ACRE,11.0,11.0,98.0,2.0,44.0
2015,HOCKLEY,655,LB / ACRE,9.0,100.0,97.0,0.0,46.0
2014,HOCKLEY,593,LB / ACRE,15.0,100.0,99.0,99.0,49.0
2013,HOCKLEY,699,LB / ACRE,14.0,14.0,95.0,95.0,49.0
2012,HOCKLEY,589,LB / ACRE,25.0,25.0,95.0,95.0,64.0
2011,HOCKLEY,428,LB / ACRE,14.0,14.0,94.0,94.0,65.0
2010,HOCKLEY,769,LB / ACRE,15.0,15.0,93.0,93.0,73.0
2009,HOCKLEY,631,LB / ACRE,19.0,19.0,93.0,93.0,74.0
2008,HOCKLEY,762,LB / ACRE,21.0,21.0,94.0,94.0,56.0
2007,HOCKLEY,883,LB / ACRE,20.0,20.0,95.0,95.0,55.0
2006,HOCKLEY,633,LB / ACRE,24.0,24.0,95.0,95.0,73.0
2005,HOCKLEY,798,LB / ACRE,21.0,21.0,94.0,94.0,70.0
2004,HOCKLEY,746,LB / ACRE,21.0,21.0,89.0,89.0,74.0
2003,HOCKLEY,365,LB / ACRE,20.0,20.0,87.0,87.0,57.0
2002,HOCKLEY,487,LB / ACRE,18.0,18.0,87.0,8.0,66.0
2001,HOCKLEY,392,LB / ACRE,17.0,17.0,89.0,89.0,64.0
2000,HOCKLEY,293,LB / ACRE,18.0,18.0,86.0,86.0,65.0
2021,HOWARD,474,LB / ACRE,17.0,17.0,96.0,6.0,54.0
2020,HOWARD,419,LB / ACRE,18.0,18.0,95.0,5.0,63.0
2019,HOWARD,352,LB / ACRE,13.0,13.0,95.0,7.0,48.0
2017,HOWARD,361,LB / ACRE,13.0,13.0,97.0,3.0,52.0
2016,HOWARD,450,LB / ACRE,11.0,11.0,98.0,2.0,44.0
2015,HOWARD,301,LB / ACRE,9.0,100.0,97.0,0.0,46.0
2014,HOWARD,279,LB / ACRE,15.0,100.0,99.0,99.0,49.0
2013,HOWARD,347,LB / ACRE,14.0,14.0,95.0,95.0,49.0
2010,HOWARD,466,LB / ACRE,15.0,15.0,93.0,93.0,73.0
2009,HOWARD,417,LB / ACRE,19.0,19.0,93.0,93.0,74.0
2008,HOWARD,386,LB / ACRE,21.0,21.0,94.0,94.0,56.0
2007,HOWARD,830,LB / ACRE,20.0,20.0,95.0,95.0,55.0
2006,HOWARD,303,LB / ACRE,24.0,24.0,95.0,95.0,73.0
2005,HOWARD,533,LB / ACRE,21.0,21.0,94.0,94.0,70.0
2004,HOWARD,385,LB / ACRE,21.0,21.0,89.0,89.0,74.0
2003,HOWARD,257,LB / ACRE,20.0,20.0,87.0,87.0,57.0
2002,HOWARD,310,LB / ACRE,18.0,18.0,87.0,8.0,66.0
2001,HOWARD,152,LB / ACRE,17.0,17.0,89.0,89.0,64.0
2000,HOWARD,153,LB / ACRE,18.0,18.0,86.0,86.0,65.0
2024,LAMB,586,LB / ACRE,18.0,100.0,96.0,5.0,50.0
2023,LAMB,502,LB / ACRE,20.0,100.0,93.0,93.0,50.0
2022,LAMB,756,LB / ACRE,19.0,19.0,96.0,96.0,60.0
2021,LAMB,585,LB / ACRE,17.0,17.0,96.0,6.0,54.0
2020,LAMB,744,LB / ACRE,18.0,18.0,95.0,5.0,63.0
2019,LAMB,689,LB / ACRE,13.0,13.0,95.0,7.0,48.0
2018,LAMB,873,LB / ACRE,15.0,15.0,95.0,8.0,51.0
2017,LAMB,934,LB / ACRE,13.0,13.0,97.0,3.0,52.0
2016,LAMB,913,LB / ACRE,11.0,11.0,98.0,2.0,44.0
2015,LAMB,688,LB / ACRE,9.0,100.0,97.0,0.0,46.0
2014,LAMB,629,LB / ACRE,15.0,100.0,99.0,99.0,49.0
2013,LAMB,702,LB / ACRE,14.0,14.0,95.0,95.0,49.0
2012,LAMB,689,LB / ACRE,25.0,25.0,95.0,95.0,64.0
2011,LAMB,618,LB / ACRE,14.0,14.0,94.0,94.0,65.0
2010,LAMB,901,LB / ACRE,15.0,15.0,93.0,93.0,73.0
2009,LAMB,789,LB / ACRE,19.0,19.0,93.0,93.0,74.0
2008,LAMB,798,LB / ACRE,21.0,21.0,94.0,94.0,56.0
2007,LAMB,944,LB / ACRE,20.0,20.0,95.0,95.0,55.0
2006,LAMB,844,LB / ACRE,24.0,24.0,95.0,95.0,73.0
2005,LAMB,916,LB / ACRE,21.0,21.0,94.0,94.0,70.0
2004,LAMB,802,LB / ACRE,21.0,21.0,89.0,89.0,74.0
2003,LAMB,653,LB / ACRE,20.0,20.0,87.0,87.0,57.0
2002,LAMB,758,LB / ACRE,18.0,18.0,87.0,8.0,66.0
2001,LAMB,706,LB / ACRE,17.0,17.0,89.0,89.0,64.0
2000,LAMB,467,LB / ACRE,18.0,18.0,86.0,86.0,65.0
2024,LUBBOCK,834,LB / ACRE,18.0,100.0,96.0,5.0,50.0
2023,LUBBOCK,777,LB / ACRE,20.0,100.0,93.0,93.0,50.0
2022,LUBBOCK,707,LB / ACRE,19.0,19.0,96.0,96.0,60.0
2021,LUBBOCK,800,LB / ACRE,17.0,17.0,96.0,6.0,54.0
2020,LUBBOCK,591,LB / ACRE,18.0,18.0,95.0,5.0,63.0
2019,LUBBOCK,478,LB / ACRE,13.0,13.0,95.0,7.0,48.0
2018,LUBBOCK,750,LB / ACRE,15.0,15.0,95.0,8.0,51.0
2017,LUBBOCK,772,LB / ACRE,13.0,13.0,97.0,3.0,52.0
2016,LUBBOCK,903,LB / ACRE,11.0,11.0,98.0,2.0,44.0
2015,LUBBOCK,748,LB / ACRE,9.0,100.0,97.0,0.0,46.0
2014,LUBBOCK,626,LB / ACRE,15.0,100.0,99.0,99.0,49.0
2013,LUBBOCK,786,LB / ACRE,14.0,14.0,95.0,95.0,49.0
2012,LUBBOCK,646,LB / ACRE,25.0,25.0,95.0,95.0,64.0
2011,LUBBOCK,489,LB / ACRE,14.0,14.0,94.0,94.0,65.0
2010,LUBBOCK,805,LB / ACRE,15.0,15.0,93.0,93.0,73.0
2009,LUBBOCK,762,LB / ACRE,19.0,19.0,93.0,93.0,74.0
2008,LUBBOCK,824,LB / ACRE,21.0,21.0,94.0,94.0,56.0
2007,LUBBOCK,989,LB / ACRE,20.0,20.0,95.0,95.0,55.0
2006,LUBBOCK,615,LB / ACRE,24.0,24.0,95.0,95.0,73.0
2005,LUBBOCK,870,LB / ACRE,21.0,21.0,94.0,94.0,70.0
2004,LUBBOCK,780,LB / ACRE,21.0,21.0,89.0,89.0,74.0
2003,LUBBOCK,451,LB / ACRE,20.0,20.0,87.0,87.0,57.0
2002,LUBBOCK,498,LB / ACRE,18.0,18.0,87.0,8.0,66.0
2001,LUBBOCK,362,LB / ACRE,17.0,17.0,89.0,89.0,64.0
2000,LUBBOCK,298,LB / ACRE,18.0,18.0,86.0,86.0,65.0
2024,LYNN,343,LB / ACRE,18.0,100.0,96.0,5.0,50.0
2023,LYNN,497,LB / ACRE,20.0,100.0,93.0,93.0,50.0
2022,LYNN,633,LB / ACRE,19.0,19.0,96.0,96.0,60.0
2021,LYNN,605,LB / ACRE,17.0,17.0,96.0,6.0,54.0
2020,LYNN,375,LB / ACRE,18.0,18.0,95.0,5.0,63.0
2019,LYNN,398,LB / ACRE,13.0,13.0,95.0,7.0,48.0
2018,LYNN,560,LB / ACRE,15.0,15.0,95.0,8.0,51.0
2017,LYNN,636,LB / ACRE,13.0,13.0,97.0,3.0,52.0
2016,LYNN,630,LB / ACRE,11.0,11.0,98.0,2.0,44.0
2015,LYNN,638,LB / ACRE,9.0,100.0,97.0,0.0,46.0
2014,LYNN,470,LB / ACRE,15.0,100.0,99.0,99.0,49.0
2013,LYNN,524,LB / ACRE,14.0,14.0,95.0,95.0,49.0
2012,LYNN,442,LB / ACRE,25.0,25.0,95.0,95.0,64.0
2011,LYNN,674,LB / ACRE,14.0,14.0,94.0,94.0,65.0
2010,LYNN,558,LB / ACRE,15.0,15.0,93.0,93.0,73.0
2009,LYNN,637,LB / ACRE,19.0,19.0,93.0,93.0,74.0
2008,LYNN,520,LB / ACRE,21.0,21.0,94.0,94.0,56.0
2007,LYNN,731,LB / ACRE,20.0,20.0,95.0,95.0,55.0
2006,LYNN,515,LB / ACRE,24.0,24.0,95.0,95.0,73.0
2005,LYNN,703,LB / ACRE,21.0,21.0,94.0,94.0,70.0
2004,LYNN,596,LB / ACRE,21.0,21.0,89.0,89.0,74.0
2003,LYNN,342,LB / ACRE,20.0,20.0,87.0,87.0,57.0
2002,LYNN,338,LB / ACRE,18.0,18.0,87.0,8.0,66.0
2001,LYNN,268,LB / ACRE,17.0,17.0,89.0,89.0,64.0
2000,LYNN,256,LB / ACRE,18.0,18.0,86.0,86.0,65.0
2024,MARTIN,788,LB / ACRE,18.0,100.0,96.0,5.0,50.0
2021,MARTIN,488,LB / ACRE,17.0,17.0,96.0,6.0,54.0
2020,MARTIN,348,LB / ACRE,18.0,18.0,95.0,5.0,63.0
2019,MARTIN,369,LB / ACRE,13.0,13.0,95.0,7.0,48.0
2018,MARTIN,579,LB / ACRE,15.0,15.0,95.0,8.0,51.0
2017,MARTIN,550,LB / ACRE,13.0,13.0,97.0,3.0,52.0
2016,MARTIN,507,LB / ACRE,11.0,11.0,98.0,2.0,44.0
2015,MARTIN,404,LB / ACRE,9.0,100.0,97.0,0.0,46.0
2014,MARTIN,370,LB / ACRE,15.0,100.0,99.0,99.0,49.0
2013,MARTIN,654,LB / ACRE,14.0,14.0,95.0,95.0,49.0
2012,MARTIN,801,LB / ACRE,25.0,25.0,95.0,95.0,64.0
2011,MARTIN,526,LB / ACRE,14.0,14.0,94.0,94.0,65.0
2010,MARTIN,494,LB / ACRE,15.0,15.0,93.0,93.0,73.0
2009,MARTIN,445,LB / ACRE,19.0,19.0,93.0,93.0,74.0
2008,MARTIN,1010,LB / ACRE,21.0,21.0,94.0,94.0,56.0
2007,MARTIN,763,LB / ACRE,20.0,20.0,95.0,95.0,55.0
2006,MARTIN,400,LB / ACRE,24.0,24.0,95.0,95.0,73.0
2005,MARTIN,582,LB / ACRE,21.0,21.0,94.0,94.0,70.0
2004,MARTIN,382,LB / ACRE,21.0,21.0,89.0,89.0,74.0
2003,MARTIN,312,LB / ACRE,20.0,20.0,87.0,87.0,57.0
2002,MARTIN,312,LB / ACRE,18.0,18.0,87.0,8.0,66.0
2001,MARTIN,350,LB / ACRE,17.0,17.0,89.0,89.0,64.0
2000,MARTIN,339,LB / ACRE,18.0,18.0,86.0,86.0,65.0
2021,MIDLAND,484,LB / ACRE,17.0,17.0,96.0,6.0,54.0
2012,MIDLAND,562,LB / ACRE,25.0,25.0,95.0,95.0,64.0
2011,MIDLAND,666,LB / ACRE,14.0,14.0,94.0,94.0,65.0
2010,MIDLAND,477,LB / ACRE,15.0,15.0,93.0,93.0,73.0
2009,MIDLAND,653,LB / ACRE,19.0,19.0,93.0,93.0,74.0
2008,MIDLAND,770,LB / ACRE,21.0,21.0,94.0,94.0,56.0
2007,MIDLAND,693,LB / ACRE,20.0,20.0,95.0,95.0,55.0
2006,MIDLAND,549,LB / ACRE,24.0,24.0,95.0,95.0,73.0
2005,MIDLAND,497,LB / ACRE,21.0,21.0,94.0,94.0,70.0
2004,MIDLAND,326,LB / ACRE,21.0,21.0,89.0,89.0,74.0
2003,MIDLAND,342,LB / ACRE,20.0,20.0,87.0,87.0,57.0
2002,MIDLAND,330,LB / ACRE,18.0,18.0,87.0,8.0,66.0
2001,MIDLAND,309,LB / ACRE,17.0,17.0,89.0,89.0,64.0
2000,MIDLAND,329,LB / ACRE,18.0,18.0,86.0,86.0,65.0
2024,TERRY,393,LB / ACRE,18.0,100.0,96.0,5.0,50.0
2023,TERRY,512,LB / ACRE,20.0,100.0,93.0,93.0,50.0
2022,TERRY,702,LB / ACRE,19.0,19.0,96.0,96.0,60.0
2021,TERRY,585,LB / ACRE,17.0,17.0,96.0,6.0,54.0
2020,TERRY,413,LB / ACRE,18.0,18.0,95.0,5.0,63.0
2019,TERRY,477,LB / ACRE,13.0,13.0,95.0,7.0,48.0
2018,TERRY,580,LB / ACRE,15.0,15.0,95.0,8.0,51.0
2017,TERRY,675,LB / ACRE,13.0,13.0,97.0,3.0,52.0
2016,TERRY,600,LB / ACRE,11.0,11.0,98.0,2.0,44.0
2015,TERRY,597,LB / ACRE,9.0,100.0,97.0,0.0,46.0
2014,TERRY,459,LB / ACRE,15.0,100.0,99.0,99.0,49.0
2013,TERRY,634,LB / ACRE,14.0,14.0,95.0,95.0,49.0
2012,TERRY,479,LB / ACRE,25.0,25.0,95.0,95.0,64.0
2011,TERRY,484,LB / ACRE,14.0,14.0,94.0,94.0,65.0
2010,TERRY,585,LB / ACRE,15.0,15.0,93.0,93.0,73.0
2009,TERRY,648,LB / ACRE,19.0,19.0,93.0,93.0,74.0
2008,TERRY,634,LB / ACRE,21.0,21.0,94.0,94.0,56.0
2007,TERRY,776,LB / ACRE,20.0,20.0,95.0,95.0,55.0
2006,TERRY,682,LB / ACRE,24.0,24.0,95.0,95.0,73.0
2005,TERRY,798,LB / ACRE,21.0,21.0,94.0,94.0,70.0
2004,TERRY,681,LB / ACRE,21.0,21.0,89.0,89.0,74.0
2003,TERRY,397,LB / ACRE,20.0,20.0,87.0,87.0,57.0
2002,TERRY,430,LB / ACRE,18.0,18.0,87.0,8.0,66.0
2001,TERRY,304,LB / ACRE,17.0,17.0,89.0,89.0,64.0
2000,TERRY,334,LB / ACRE,18.0,18.0,86.0,86.0,65.0
2024,YOAKUM,402,LB / ACRE,18.0,100.0,96.0,5.0,50.0
2023,YOAKUM,374,LB / ACRE,20.0,100.0,93.0,93.0,50.0
2022,YOAKUM,416,LB / ACRE,19.0,19.0,96.0,96.0,60.0
2021,YOAKUM,500,LB / ACRE,17.0,17.0,96.0,6.0,54.0
2020,YOAKUM,410,LB / ACRE,18.0,18.0,95.0,5.0,63.0
2019,YOAKUM,427,LB / ACRE,13.0,13.0,95.0,7.0,48.0
2018,YOAKUM,729,LB / ACRE,15.0,15.0,95.0,8.0,51.0
2017,YOAKUM,848,LB / ACRE,13.0,13.0,97.0,3.0,52.0
2016,YOAKUM,667,LB / ACRE,11.0,11.0,98.0,2.0,44.0
2015,YOAKUM,725,LB / ACRE,9.0,100.0,97.0,0.0,46.0
2014,YOAKUM,549,LB / ACRE,15.0,100.0,99.0,99.0,49.0
2013,YOAKUM,658,LB / ACRE,14.0,14.0,95.0,95.0,49.0
2012,YOAKUM,617,LB / ACRE,25.0,25.0,95.0,95.0,64.0
2011,YOAKUM,421,LB / ACRE,14.0,14.0,94.0,94.0,65.0
2010,YOAKUM,654,LB / ACRE,15.0,15.0,93.0,93.0,73.0
2009,YOAKUM,806,LB / ACRE,19.0,19.0,93.0,93.0,74.0
2008,YOAKUM,739,LB / ACRE,21.0,21.0,94.0,94.0,56.0
2007,YOAKUM,736,LB / ACRE,20.0,20.0,95.0,95.0,55.0
2006,YOAKUM,769,LB / ACRE,24.0,24.0,95.0,95.0,73.0
2005,YOAKUM,730,LB / ACRE,21.0,21.0,94.0,94.0,70.0
2004,YOAKUM,777,LB / ACRE,21.0,21.0,89.0,89.0,74.0
2003,YOAKUM,464,LB / ACRE,20.0,20.0,87.0,87.0,57.0
2002,YOAKUM,529,LB / ACRE,18.0,18.0,87.0,8.0,66.0
2001,YOAKUM,447,LB / ACRE,17.0,17.0,89.0,89.0,64.0
2000,YOAKUM,413,LB / ACRE,18.0,18.0,86.0,86.0,65.0
2019,OTHER (COMBINED) COUNTIES,465,LB / ACRE,13.0,13.0,95.0,7.0,48.0
2018,OTHER (COMBINED) COUNTIES,474,LB / ACRE,15.0,15.0,95.0,8.0,51.0
2017,OTHER (COMBINED) COUNTIES,645,LB / ACRE,13.0,13.0,97.0,3.0,52.0
2016,OTHER (COMBINED) COUNTIES,652,LB / ACRE,11.0,11.0,98.0,2.0,44.0
2015,OTHER (COMBINED) COUNTIES,372,LB / ACRE,9.0,100.0,97.0,0.0,46.0
2014,OTHER (COMBINED) COUNTIES,686,LB / ACRE,15.0,100.0,99.0,99.0,49.0
2013,OTHER (COMBINED) COUNTIES,724,LB / ACRE,14.0,14.0,95.0,95.0,49.0
2012,OTHER (COMBINED) COUNTIES,489,LB / ACRE,25.0,25.0,95.0,95.0,64.0
2011,OTHER (COMBINED) COUNTIES,388,LB / ACRE,14.0,14.0,94.0,94.0,65.0
2010,OTHER (COMBINED) COUNTIES,545,LB / ACRE,15.0,15.0,93.0,93.0,73.0
2009,OTHER (COMBINED) COUNTIES,342,LB / ACRE,19.0,19.0,93.0,93.0,74.0
2008,OTHER (COMBINED) COUNTIES,356,LB / ACRE,21.0,21.0,94.0,94.0,56.0
2007,OTHER (COMBINED) COUNTIES,709,LB / ACRE,20.0,20.0,95.0,95.0,55.0
2021,BORDEN,476,LB / ACRE,17.0,17.0,96.0,6.0,54.0
2020,BORDEN,284,LB / ACRE,18.0,18.0,95.0,5.0,63.0
2019,BORDEN,249,LB / ACRE,13.0,13.0,95.0,7.0,48.0
2017,BORDEN,432,LB / ACRE,13.0,13.0,97.0,3.0,52.0
2016,BORDEN,414,LB / ACRE,11.0,11.0,98.0,2.0,44.0
2015,BORDEN,447,LB / ACRE,9.0,100.0,97.0,0.0,46.0
2014,BORDEN,256,LB / ACRE,15.0,100.0,99.0,99.0,49.0
2013,BORDEN,329,LB / ACRE,14.0,14.0,95.0,95.0,49.0
2012,BORDEN,335,LB / ACRE,25.0,25.0,95.0,95.0,64.0
2010,BORDEN,527,LB / ACRE,15.0,15.0,93.0,93.0,73.0
2009,BORDEN,406,LB / ACRE,19.0,19.0,93.0,93.0,74.0
2008,BORDEN,367,LB / ACRE,21.0,21.0,94.0,94.0,56.0
2007,BORDEN,662,LB / ACRE,20.0,20.0,95.0,95.0,55.0
2006,BORDEN,558,LB / ACRE,24.0,24.0,95.0,95.0,73.0
2005,BORDEN,611,LB / ACRE,21.0,21.0,94.0,94.0,70.0
2004,BORDEN,537,LB / ACRE,21.0,21.0,89.0,89.0,74.0
2003,BORDEN,316,LB / ACRE,20.0,20.0,87.0,87.0,57.0
2002,BORDEN,383,LB / ACRE,18.0,18.0,87.0,8.0,66.0
2001,BORDEN,323,LB / ACRE,17.0,17.0,89.0,89.0,64.0
2000,BORDEN,267,LB / ACRE,18.0,18.0,86.0,86.0,65.0
2024,CHILDRESS,329,LB / ACRE,18.0,100.0,96.0,5.0,50.0
2023,CHILDRESS,612,LB / ACRE,20.0,100.0,93.0,93.0,50.0
2021,CHILDRESS,430,LB / ACRE,17.0,17.0,96.0,6.0,54.0
2020,CHILDRESS,360,LB / ACRE,18.0,18.0,95.0,5.0,63.0
2019,CHILDRESS,612,LB / ACRE,13.0,13.0,95.0,7.0,48.0
2018,CHILDRESS,634,LB / ACRE,15.0,15.0,95.0,8.0,51.0
2017,CHILDRESS,785,LB / ACRE,13.0,13.0,97.0,3.0,52.0
2016,CHILDRESS,749,LB / ACRE,11.0,11.0,98.0,2.0,44.0
2015,CHILDRESS,587,LB / ACRE,9.0,100.0,97.0,0.0,46.0
2014,CHILDRESS,551,LB / ACRE,15.0,100.0,99.0,99.0,49.0
2013,CHILDRESS,624,LB / ACRE,14.0,14.0,95.0,95.0,49.0
2012,CHILDRESS,413,LB / ACRE,25.0,25.0,95.0,95.0,64.0
2011,CHILDRESS,586,LB / ACRE,14.0,14.0,94.0,94.0,65.0
2010,CHILDRESS,671,LB / ACRE,15.0,15.0,93.0,93.0,73.0
2009,CHILDRESS,522,LB / ACRE,19.0,19.0,93.0,93.0,74.0
2008,CHILDRESS,620,LB / ACRE,21.0,21.0,94.0,94.0,56.0
2006,CHILDRESS,419,LB / ACRE,24.0,24.0,95.0,95.0,73.0
2005,CHILDRESS,605,LB / ACRE,21.0,21.0,94.0,94.0,70.0
2004,CHILDRESS,569,LB / ACRE,21.0,21.0,89.0,89.0,74.0
2003,CHILDRESS,349,LB / ACRE,20.0,20.0,87.0,87.0,57.0
2002,CHILDRESS,400,LB / ACRE,18.0,18.0,87.0,8.0,66.0
2001,CHILDRESS,266,LB / ACRE,17.0,17.0,89.0,89.0,64.0
2000,CHILDRESS,134,LB / ACRE,18.0,18.0,86.0,86.0,65.0
2024,COLLINGSWORTH,931,LB / ACRE,18.0,100.0,96.0,5.0,50.0
2023,COLLINGSWORTH,722,LB / ACRE,20.0,100.0,93.0,93.0,50.0
2022,COLLINGSWORTH,581,LB / ACRE,19.0,19.0,96.0,96.0,60.0
2021,COLLINGSWORTH,727,LB / ACRE,17.0,17.0,96.0,6.0,54.0
2020,COLLINGSWORTH,631,LB / ACRE,18.0,18.0,95.0,5.0,63.0
2019,COLLINGSWORTH,632,LB / ACRE,13.0,13.0,95.0,7.0,48.0
2018,COLLINGSWORTH,667,LB / ACRE,15.0,15.0,95.0,8.0,51.0
2017,COLLINGSWORTH,809,LB / ACRE,13.0,13.0,97.0,3.0,52.0
2016,COLLINGSWORTH,974,LB / ACRE,11.0,11.0,98.0,2.0,44.0
2015,COLLINGSWORTH,739,LB / ACRE,9.0,100.0,97.0,0.0,46.0
2014,COLLINGSWORTH,667,LB / ACRE,15.0,100.0,99.0,99.0,49.0
2013,COLLINGSWORTH,640,LB / ACRE,14.0,14.0,95.0,95.0,49.0
2012,COLLINGSWORTH,604,LB / ACRE,25.0,25.0,95.0,95.0,64.0
2011,COLLINGSWORTH,737,LB / ACRE,14.0,14.0,94.0,94.0,65.0
2010,COLLINGSWORTH,671,LB / ACRE,15.0,15.0,93.0,93.0,73.0
2009,COLLINGSWORTH,835,LB / ACRE,19.0,19.0,93.0,93.0,74.0
2008,COLLINGSWORTH,585,LB / ACRE,21.0,21.0,94.0,94.0,56.0
2007,COLLINGSWORTH,864,LB / ACRE,20.0,20.0,95.0,95.0,55.0
2006,COLLINGSWORTH,675,LB / ACRE,24.0,24.0,95.0,95.0,73.0
2005,COLLINGSWORTH,797,LB / ACRE,21.0,21.0,94.0,94.0,70.0
2004,COLLINGSWORTH,619,LB / ACRE,21.0,21.0,89.0,89.0,74.0
2003,COLLINGSWORTH,500,LB / ACRE,20.0,20.0,87.0,87.0,57.0
2002,COLLINGSWORTH,419,LB / ACRE,18.0,18.0,87.0,8.0,66.0
2001,COLLINGSWORTH,449,LB / ACRE,17.0,17.0,89.0,89.0,64.0
2000,COLLINGSWORTH,402,LB / ACRE,18.0,18.0,86.0,86.0,65.0
2021,COTTLE,312,LB / ACRE,17.0,17.0,96.0,6.0,54.0
2020,COTTLE,249,LB / ACRE,18.0,18.0,95.0,5.0,63.0
2019,COTTLE,292,LB / ACRE,13.0,13.0,95.0,7.0,48.0
2016,COTTLE,592,LB / ACRE,11.0,11.0,98.0,2.0,44.0
2015,COTTLE,439,LB / ACRE,9.0,100.0,97.0,0.0,46.0
2014,COTTLE,472,LB / ACRE,15.0,100.0,99.0,99.0,49.0
2013,COTTLE,305,LB / ACRE,14.0,14.0,95.0,95.0,49.0
2010,COTTLE,490,LB / ACRE,15.0,15.0,93.0,93.0,73.0
2009,COTTLE,368,LB / ACRE,19.0,19.0,93.0,93.0,74.0
2008,COTTLE,452,LB / ACRE,21.0,21.0,94.0,94.0,56.0
2007,COTTLE,627,LB / ACRE,20.0,20.0,95.0,95.0,55.0
2006,COTTLE,238,LB / ACRE,24.0,24.0,95.0,95.0,73.0
2005,COTTLE,426,LB / ACRE,21.0,21.0,94.0,94.0,70.0
2004,COTTLE,424,LB / ACRE,21.0,21.0,89.0,89.0,74.0
2003,COTTLE,247,LB / ACRE,20.0,20.0,87.0,87.0,57.0
2002,COTTLE,282,LB / ACRE,18.0,18.0,87.0,8.0,66.0
2001,COTTLE,203,LB / ACRE,17.0,17.0,89.0,89.0,64.0
2000,COTTLE,231,LB / ACRE,18.0,18.0,86.0,86.0,65.0
2024,DICKENS,527,LB / ACRE,18.0,100.0,96.0,5.0,50.0
2023,DICKENS,617,LB / ACRE,20.0,100.0,93.0,93.0,50.0
2022,DICKENS,775,LB / ACRE,19.0,19.0,96.0,96.0,60.0
2021,DICKENS,476,LB / ACRE,17.0,17.0,96.0,6.0,54.0
2020,DICKENS,495,LB / ACRE,18.0,18.0,95.0,5.0,63.0
2019,DICKENS,319,LB / ACRE,13.0,13.0,95.0,7.0,48.0
2018,DICKENS,398,LB / ACRE,15.0,15.0,95.0,8.0,51.0
2017,DICKENS,702,LB / ACRE,13.0,13.0,97.0,3.0,52.0
2016,DICKENS,808,LB / ACRE,11.0,11.0,98.0,2.0,44.0
2015,DICKENS,429,LB / ACRE,9.0,100.0,97.0,0.0,46.0
2014,DICKENS,482,LB / ACRE,15.0,100.0,99.0,99.0,49.0
2013,DICKENS,436,LB / ACRE,14.0,14.0,95.0,95.0,49.0
2012,DICKENS,545,LB / ACRE,25.0,25.0,95.0,95.0,64.0
2011,DICKENS,433,LB / ACRE,14.0,14.0,94.0,94.0,65.0
2010,DICKENS,604,LB / ACRE,15.0,15.0,93.0,93.0,73.0
2009,DICKENS,362,LB / ACRE,19.0,19.0,93.0,93.0,74.0
2008,DICKENS,411,LB / ACRE,21.0,21.0,94.0,94.0,56.0
2007,DICKENS,793,LB / ACRE,20.0,20.0,95.0,95.0,55.0
2006,DICKENS,269,LB / ACRE,24.0,24.0,95.0,95.0,73.0
2005,DICKENS,469,LB / ACRE,21.0,21.0,94.0,94.0,70.0
2004,DICKENS,525,LB / ACRE,21.0,21.0,89.0,89.0,74.0
2003,DICKENS,351,LB / ACRE,20.0,20.0,87.0,87.0,57.0
2002,DICKENS,337,LB / ACRE,18.0,18.0,87.0,8.0,66.0
2001,DICKENS,254,LB / ACRE,17.0,17.0,89.0,89.0,64.0
2000,DICKENS,206,LB / ACRE,18.0,18.0,86.0,86.0,65.0
2024,DONLEY,859,LB / ACRE,18.0,100.0,96.0,5.0,50.0
2023,DONLEY,622,LB / ACRE,20.0,100.0,93.0,93.0,50.0
2022,DONLEY,659,LB / ACRE,19.0,19.0,96.0,96.0,60.0
2021,DONLEY,806,LB / ACRE,17.0,17.0,96.0,6.0,54.0
2020,DONLEY,859,LB / ACRE,18.0,18.0,95.0,5.0,63.0
2019,DONLEY,625,LB / ACRE,13.0,13.0,95.0,7.0,48.0
2018,DONLEY,848,LB / ACRE,15.0,15.0,95.0,8.0,51.0
2017,DONLEY,925,LB / ACRE,13.0,13.0,97.0,3.0,52.0
2016,DONLEY,1044,LB / ACRE,11.0,11.0,98.0,2.0,44.0
2015,DONLEY,1006,LB / ACRE,9.0,100.0,97.0,0.0,46.0
2014,DONLEY,812,LB / ACRE,15.0,100.0,99.0,99.0,49.0
2013,DONLEY,1194,LB / ACRE,14.0,14.0,95.0,95.0,49.0
2012,DONLEY,750,LB / ACRE,25.0,25.0,95.0,95.0,64.0
2011,DONLEY,739,LB / ACRE,14.0,14.0,94.0,94.0,65.0
2010,DONLEY,813,LB / ACRE,15.0,15.0,93.0,93.0,73.0
2009,DONLEY,933,LB / ACRE,19.0,19.0,93.0,93.0,74.0
2008,DONLEY,792,LB / ACRE,21.0,21.0,94.0,94.0,56.0
2007,DONLEY,950,LB / ACRE,20.0,20.0,95.0,95.0,55.0
2006,DONLEY,1045,LB / ACRE,24.0,24.0,95.0,95.0,73.0
2005,DONLEY,766,LB / ACRE,21.0,21.0,94.0,94.0,70.0
2004,DONLEY,704,LB / ACRE,21.0,21.0,89.0,89.0,74.0
2003,DONLEY,397,LB / ACRE,20.0,20.0,87.0,87.0,57.0
2002,DONLEY,443,LB / ACRE,18.0,18.0,87.0,8.0,66.0
2001,DONLEY,421,LB / ACRE,17.0,17.0,89.0,89.0,64.0
2000,DONLEY,387,LB / ACRE,18.0,18.0,86.0,86.0,65.0
2006,FOARD,411,LB / ACRE,24.0,24.0,95.0,95.0,73.0
2005,FOARD,536,LB / ACRE,21.0,21.0,94.0,94.0,70.0
2004,FOARD,489,LB / ACRE,21.0,21.0,89.0,89.0,74.0
2003,FOARD,313,LB / ACRE,20.0,20.0,87.0,87.0,57.0
2002,FOARD,253,LB / ACRE,18.0,18.0,87.0,8.0,66.0
2001,FOARD,228,LB / ACRE,17.0,17.0,89.0,89.0,64.0
2000,FOARD,138,LB / ACRE,18.0,18.0,86.0,86.0,65.0
2024,GARZA,182,LB / ACRE,18.0,100.0,96.0,5.0,50.0
2023,GARZA,522,LB / ACRE,20.0,100.0,93.0,93.0,50.0
2022,GARZA,760,LB / ACRE,19.0,19.0,96.0,96.0,60.0
2021,GARZA,709,LB / ACRE,17.0,17.0,96.0,6.0,54.0
2020,GARZA,530,LB / ACRE,18.0,18.0,95.0,5.0,63.0
2019,GARZA,588,LB / ACRE,13.0,13.0,95.0,7.0,48.0
2018,GARZA,515,LB / ACRE,15.0,15.0,95.0,8.0,51.0
2017,GARZA,695,LB / ACRE,13.0,13.0,97.0,3.0,52.0
2016,GARZA,693,LB / ACRE,11.0,11.0,98.0,2.0,44.0
2015,GARZA,622,LB / ACRE,9.0,100.0,97.0,0.0,46.0
2014,GARZA,544,LB / ACRE,15.0,100.0,99.0,99.0,49.0
2013,GARZA,568,LB / ACRE,14.0,14.0,95.0,95.0,49.0
2012,GARZA,437,LB / ACRE,25.0,25.0,95.0,95.0,64.0
2011,GARZA,430,LB / ACRE,14.0,14.0,94.0,94.0,65.0
2010,GARZA,576,LB / ACRE,15.0,15.0,93.0,93.0,73.0
2009,GARZA,591,LB / ACRE,19.0,19.0,93.0,93.0,74.0
2008,GARZA,495,LB / ACRE,21.0,21.0,94.0,94.0,56.0
2007,GARZA,684,LB / ACRE,20.0,20.0,95.0,95.0,55.0
2006,GARZA,380,LB / ACRE,24.0,24.0,95.0,95.0,73.0
2005,GARZA,602,LB / ACRE,21.0,21.0,94.0,94.0,70.0
2004,GARZA,825,LB / ACRE,21.0,21.0,89.0,89.0,74.0
2003,GARZA,288,LB / ACRE,20.0,20.0,87.0,87.0,57.0
2002,GARZA,397,LB / ACRE,18.0,18.0,87.0,8.0,66.0
2001,GARZA,319,LB / ACRE,17.0,17.0,89.0,89.0,64.0
2000,GARZA,236,LB / ACRE,18.0,18.0,86.0,86.0,65.0
2023,HALL,614,LB / ACRE,20.0,100.0,93.0,93.0,50.0
2022,HALL,495,LB / ACRE,19.0,19.0,96.0,96.0,60.0
2021,HALL,612,LB / ACRE,17.0,17.0,96.0,6.0,54.0
2020,HALL,650,LB / ACRE,18.0,18.0,95.0,5.0,63.0
2019,HALL,485,LB / ACRE,13.0,13.0,95.0,7.0,48.0
2018,HALL,733,LB / ACRE,15.0,15.0,95.0,8.0,51.0
2017,HALL,724,LB / ACRE,13.0,13.0,97.0,3.0,52.0
2016,HALL,766,LB / ACRE,11.0,11.0,98.0,2.0,44.0
2015,HALL,597,LB / ACRE,9.0,100.0,97.0,0.0,46.0
2014,HALL,609,LB / ACRE,15.0,100.0,99.0,99.0,49.0
2013,HALL,506,LB / ACRE,14.0,14.0,95.0,95.0,49.0
2012,HALL,572,LB / ACRE,25.0,25.0,95.0,95.0,64.0
2011,HALL,592,LB / ACRE,14.0,14.0,94.0,94.0,65.0
2010,HALL,689,LB / ACRE,15.0,15.0,93.0,93.0,73.0
2009,HALL,710,LB / ACRE,19.0,19.0,93.0,93.0,74.0
2008,HALL,550,LB / ACRE,21.0,21.0,94.0,94.0,56.0
2007,HALL,744,LB / ACRE,20.0,20.0,95.0,95.0,55.0
2006,HALL,509,LB / ACRE,24.0,24.0,95.0,95.0,73.0
2005,HALL,636,LB / ACRE,21.0,21.0,94.0,94.0,70.0
2004,HALL,537,LB / ACRE,21.0,21.0,89.0,89.0,74.0
2003,HALL,353,LB / ACRE,20.0,20.0,87.0,87.0,57.0
2002,HALL,297,LB / ACRE,18.0,18.0,87.0,8.0,66.0
2001,HALL,304,LB / ACRE,17.0,17.0,89.0,89.0,64.0
2000,HALL,170,LB / ACRE,18.0,18.0,86.0,86.0,65.0
2024,HARDEMAN,428,LB / ACRE,18.0,100.0,96.0,5.0,50.0
2023,HARDEMAN,777,LB / ACRE,20.0,100.0,93.0,93.0,50.0
2022,HARDEMAN,761,LB / ACRE,19.0,19.0,96.0,96.0,60.0
2021,HARDEMAN,853,LB / ACRE,17.0,17.0,96.0,6.0,54.0
2020,HARDEMAN,875,LB / ACRE,18.0,18.0,95.0,5.0,63.0
2019,HARDEMAN,839,LB / ACRE,13.0,13.0,95.0,7.0,48.0
2018,HARDEMAN,960,LB / ACRE,15.0,15.0,95.0,8.0,51.0
2017,HARDEMAN,994,LB / ACRE,13.0,13.0,97.0,3.0,52.0
2015,HARDEMAN,806,LB / ACRE,9.0,100.0,97.0,0.0,46.0
2014,HARDEMAN,956,LB / ACRE,15.0,100.0,99.0,99.0,49.0
2013,HARDEMAN,846,LB / ACRE,14.0,14.0,95.0,95.0,49.0
2010,HARDEMAN,667,LB / ACRE,15.0,15.0,93.0,93.0,73.0
2008,HARDEMAN,905,LB / ACRE,21.0,21.0,94.0,94.0,56.0
2006,HARDEMAN,720,LB / ACRE,24.0,24.0,95.0,95.0,73.0
2005,HARDEMAN,621,LB / ACRE,21.0,21.0,94.0,94.0,70.0
2004,HARDEMAN,857,LB / ACRE,21.0,21.0,89.0,89.0,74.0
2003,HARDEMAN,426,LB / ACRE,20.0,20.0,87.0,87.0,57.0
2002,HARDEMAN,636,LB / ACRE,18.0,18.0,87.0,8.0,66.0
2001,HARDEMAN,408,LB / ACRE,17.0,17.0,89.0,89.0,64.0
2000,HARDEMAN,240,LB / ACRE,18.0,18.0,86.0,86.0,65.0
2014,KENT,225,LB / ACRE,15.0,100.0,99.0,99.0,49.0
2013,KENT,322,LB / ACRE,14.0,14.0,95.0,95.0,49.0
2009,KENT,552,LB / ACRE,19.0,19.0,93.0,93.0,74.0
2007,KENT,427,LB / ACRE,20.0,20.0,95.0,95.0,55.0
2006,KENT,240,LB / ACRE,24.0,24.0,95.0,95.0,73.0
2005,KENT,480,LB / ACRE,21.0,21.0,94.0,94.0,70.0
2004,KENT,634,LB / ACRE,21.0,21.0,89.0,89.0,74.0
2003,KENT,240,LB / ACRE,20.0,20.0,87.0,87.0,57.0
2002,KENT,332,LB / ACRE,18.0,18.0,87.0,8.0,66.0
2001,KENT,248,LB / ACRE,17.0,17.0,89.0,89.0,64.0
2000,KENT,107,LB / ACRE,18.0,18.0,86.0,86.0,65.0
2006,KING,231,LB / ACRE,24.0,24.0,95.0,95.0,73.0
2005,KING,595,LB / ACRE,21.0,21.0,94.0,94.0,70.0
2004,KING,456,LB / ACRE,21.0,21.0,89.0,89.0,74.0
2003,KING,258,LB / ACRE,20.0,20.0,87.0,87.0,57.0
2002,KING,254,LB / ACRE,18.0,18.0,87.0,8.0,66.0
2001,KING,222,LB / ACRE,17.0,17.0,89.0,89.0,64.0
2000,KING,218,LB / ACRE,18.0,18.0,86.0,86.0,65.0
2021,MOTLEY,498,LB / ACRE,17.0,17.0,96.0,6.0,54.0
2019,MOTLEY,246,LB / ACRE,13.0,13.0,95.0,7.0,48.0
2018,MOTLEY,463,LB / ACRE,15.0,15.0,95.0,8.0,51.0
2017,MOTLEY,774,LB / ACRE,13.0,13.0,97.0,3.0,52.0
2016,MOTLEY,656,LB / ACRE,11.0,11.0,98.0,2.0,44.0
2015,MOTLEY,429,LB / ACRE,9.0,100.0,97.0,0.0,46.0
2014,MOTLEY,560,LB / ACRE,15.0,100.0,99.0,99.0,49.0
2013,MOTLEY,382,LB / ACRE,14.0,14.0,95.0,95.0,49.0
2010,MOTLEY,565,LB / ACRE,15.0,15.0,93.0,93.0,73.0
2009,MOTLEY,473,LB / ACRE,19.0,19.0,93.0,93.0,74.0
2008,MOTLEY,551,LB / ACRE,21.0,21.0,94.0,94.0,56.0
2007,MOTLEY,692,LB / ACRE,20.0,20.0,95.0,95.0,55.0
2006,MOTLEY,448,LB / ACRE,24.0,24.0,95.0,95.0,73.0
2005,MOTLEY,464,LB / ACRE,21.0,21.0,94.0,94.0,70.0
2004,MOTLEY,532,LB / ACRE,21.0,21.0,89.0,89.0,74.0
2003,MOTLEY,182,LB / ACRE,20.0,20.0,87.0,87.0,57.0
2002,MOTLEY,249,LB / ACRE,18.0,18.0,87.0,8.0,66.0
2001,MOTLEY,169,LB / ACRE,17.0,17.0,89.0,89.0,64.0
2000,MOTLEY,124,LB / ACRE,18.0,18.0,86.0,86.0,65.0
2024,WHEELER,511,LB / ACRE,18.0,100.0,96.0,5.0,50.0
2021,WHEELER,628,LB / ACRE,17.0,17.0,96.0,6.0,54.0
2020,WHEELER,630,LB / ACRE,18.0,18.0,95.0,5.0,63.0
2018,WHEELER,623,LB / ACRE,15.0,15.0,95.0,8.0,51.0
2017,WHEELER,692,LB / ACRE,13.0,13.0,97.0,3.0,52.0
2016,WHEELER,1021,LB / ACRE,11.0,11.0,98.0,2.0,44.0
2015,WHEELER,736,LB / ACRE,9.0,100.0,97.0,0.0,46.0
2012,WHEELER,574,LB / ACRE,25.0,25.0,95.0,95.0,64.0
2011,WHEELER,660,LB / ACRE,14.0,14.0,94.0,94.0,65.0
2010,WHEELER,636,LB / ACRE,15.0,15.0,93.0,93.0,73.0
2009,WHEELER,820,LB / ACRE,19.0,19.0,93.0,93.0,74.0
2008,WHEELER,653,LB / ACRE,21.0,21.0,94.0,94.0,56.0
2007,WHEELER,873,LB / ACRE,20.0,20.0,95.0,95.0,55.0
2006,WHEELER,470,LB / ACRE,24.0,24.0,95.0,95.0,73.0
2005,WHEELER,789,LB / ACRE,21.0,21.0,94.0,94.0,70.0
2004,WHEELER,520,LB / ACRE,21.0,21.0,89.0,89.0,74.0
2003,WHEELER,402,LB / ACRE,20.0,20.0,87.0,87.0,57.0
2002,WHEELER,516,LB / ACRE,18.0,18.0,87.0,8.0,66.0
2001,WHEELER,409,LB / ACRE,17.0,17.0,89.0,89.0,64.0
2000,WHEELER,240,LB / ACRE,18.0,18.0,86.0,86.0,65.0
2024,WICHITA,238,LB / ACRE,18.0,100.0,96.0,5.0,50.0
2021,WICHITA,553,LB / ACRE,17.0,17.0,96.0,6.0,54.0
2020,WICHITA,575,LB / ACRE,18.0,18.0,95.0,5.0,63.0
2018,WICHITA,373,LB / ACRE,15.0,15.0,95.0,8.0,51.0
2014,WICHITA,519,LB / ACRE,15.0,100.0,99.0,99.0,49.0
2013,WICHITA,153,LB / ACRE,14.0,14.0,95.0,95.0,49.0
2010,WICHITA,524,LB / ACRE,15.0,15.0,93.0,93.0,73.0
2009,WICHITA,347,LB / ACRE,19.0,19.0,93.0,93.0,74.0
2007,WICHITA,408,LB / ACRE,20.0,20.0,95.0,95.0,55.0
2006,WICHITA,376,LB / ACRE,24.0,24.0,95.0,95.0,73.0
2005,WICHITA,347,LB / ACRE,21.0,21.0,94.0,94.0,70.0
2004,WICHITA,290,LB / ACRE,21.0,21.0,89.0,89.0,74.0
2003,WICHITA,292,LB / ACRE,20.0,20.0,87.0,87.0,57.0
2002,WICHITA,244,LB / ACRE,18.0,18.0,87.0,8.0,66.0
2001,WICHITA,191,LB / ACRE,17.0,17.0,89.0,89.0,64.0
2000,WICHITA,85,LB / ACRE,18.0,18.0,86.0,86.0,65.0
2024,WILBARGER,761,LB / ACRE,18.0,100.0,96.0,5.0,50.0
2023,WILBARGER,779,LB / ACRE,20.0,100.0,93.0,93.0,50.0
2022,WILBARGER,859,LB / ACRE,19.0,19.0,96.0,96.0,60.0
2021,WILBARGER,572,LB / ACRE,17.0,17.0,96.0,6.0,54.0
2020,WILBARGER,483,LB / ACRE,18.0,18.0,95.0,5.0,63.0
2019,WILBARGER,538,LB / ACRE,13.0,13.0,95.0,7.0,48.0
2018,WILBARGER,550,LB / ACRE,15.0,15.0,95.0,8.0,51.0
2017,WILBARGER,816,LB / ACRE,13.0,13.0,97.0,3.0,52.0
2016,WILBARGER,611,LB / ACRE,11.0,11.0,98.0,2.0,44.0
2015,WILBARGER,524,LB / ACRE,9.0,100.0,97.0,0.0,46.0
2014,WILBARGER,491,LB / ACRE,15.0,100.0,99.0,99.0,49.0
2013,WILBARGER,387,LB / ACRE,14.0,14.0,95.0,95.0,49.0
2010,WILBARGER,444,LB / ACRE,15.0,15.0,93.0,93.0,73.0
2009,WILBARGER,369,LB / ACRE,19.0,19.0,93.0,93.0,74.0
2008,WILBARGER,420,LB / ACRE,21.0,21.0,94.0,94.0,56.0
2007,WILBARGER,536,LB / ACRE,20.0,20.0,95.0,95.0,55.0
2006,WILBARGER,263,LB / ACRE,24.0,24.0,95.0,95.0,73.0
2005,WILBARGER,457,LB / ACRE,21.0,21.0,94.0,94.0,70.0
2004,WILBARGER,442,LB / ACRE,21.0,21.0,89.0,89.0,74.0
2003,WILBARGER,188,LB / ACRE,20.0,20.0,87.0,87.0,57.0
2002,WILBARGER,335,LB / ACRE,18.0,18.0,87.0,8.0,66.0
2001,WILBARGER,180,LB / ACRE,17.0,17.0,89.0,89.0,64.0
2000,WILBARGER,198,LB / ACRE,18.0,18.0,86.0,86.0,65.0
2019,OTHER (COMBINED) COUNTIES,265,LB / ACRE,13.0,13.0,95.0,7.0,48.0
2018,OTHER (COMBINED) COUNTIES,353,LB / ACRE,15.0,15.0,95.0,8.0,51.0
2017,OTHER (COMBINED) COUNTIES,431,LB / ACRE,13.0,13.0,97.0,3.0,52.0
2015,OTHER (COMBINED) COUNTIES,351,LB / ACRE,9.0,100.0,97.0,0.0,46.0
2014,OTHER (COMBINED) COUNTIES,354,LB / ACRE,15.0,100.0,99.0,99.0,49.0
2013,OTHER (COMBINED) COUNTIES,343,LB / ACRE,14.0,14.0,95.0,95.0,49.0
2012,OTHER (COMBINED) COUNTIES,315,LB / ACRE,25.0,25.0,95.0,95.0,64.0
2011,OTHER (COMBINED) COUNTIES,229,LB / ACRE,14.0,14.0,94.0,94.0,65.0
2009,OTHER (COMBINED) COUNTIES,280,LB / ACRE,19.0,19.0,93.0,93.0,74.0
2007,OTHER (COMBINED) COUNTIES,830,LB / ACRE,20.0,20.0,95.0,95.0,55.0
2020,BAYLOR,713,LB / ACRE,18.0,18.0,95.0,5.0,63.0
2018,BAYLOR,590,LB / ACRE,15.0,15.0,95.0,8.0,51.0
2017,BAYLOR,722,LB / ACRE,13.0,13.0,97.0,3.0,52.0
2016,BAYLOR,667,LB / ACRE,11.0,11.0,98.0,2.0,44.0
2010,BAYLOR,497,LB / ACRE,15.0,15.0,93.0,93.0,73.0
2009,BAYLOR,600,LB / ACRE,19.0,19.0,93.0,93.0,74.0
2008,BAYLOR,508,LB / ACRE,21.0,21.0,94.0,94.0,56.0
2006,BAYLOR,337,LB / ACRE,24.0,24.0,95.0,95.0,73.0
2005,BAYLOR,703,LB / ACRE,21.0,21.0,94.0,94.0,70.0
2004,BAYLOR,610,LB / ACRE,21.0,21.0,89.0,89.0,74.0
2003,BAYLOR,368,LB / ACRE,20.0,20.0,87.0,87.0,57.0
2002,BAYLOR,489,LB / ACRE,18.0,18.0,87.0,8.0,66.0
2001,BAYLOR,332,LB / ACRE,17.0,17.0,89.0,89.0,64.0
2000,BAYLOR,309,LB / ACRE,18.0,18.0,86.0,86.0,65.0
2021,COLEMAN,458,LB / ACRE,17.0,17.0,96.0,6.0,54.0
2019,COLEMAN,200,LB / ACRE,13.0,13.0,95.0,7.0,48.0
2016,COLEMAN,597,LB / ACRE,11.0,11.0,98.0,2.0,44.0
2010,COLEMAN,267,LB / ACRE,15.0,15.0,93.0,93.0,73.0
2008,COLEMAN,229,LB / ACRE,21.0,21.0,94.0,94.0,56.0
2007,COLEMAN,457,LB / ACRE,20.0,20.0,95.0,95.0,55.0
2006,COLEMAN,112,LB / ACRE,24.0,24.0,95.0,95.0,73.0
2005,COLEMAN,425,LB / ACRE,21.0,21.0,94.0,94.0,70.0
2004,COLEMAN,460,LB / ACRE,21.0,21.0,89.0,89.0,74.0
2003,COLEMAN,240,LB / ACRE,20.0,20.0,87.0,87.0,57.0
2002,COLEMAN,288,LB / ACRE,18.0,18.0,87.0,8.0,66.0
2001,COLEMAN,192,LB / ACRE,17.0,17.0,89.0,89.0,64.0
2000,COLEMAN,253,LB / ACRE,18.0,18.0,86.0,86.0,65.0
2023,FISHER,230,LB / ACRE,20.0,100.0,93.0,93.0,50.0
2021,FISHER,310,LB / ACRE,17.0,17.0,96.0,6.0,54.0
2020,FISHER,235,LB / ACRE,18.0,18.0,95.0,5.0,63.0
2019,FISHER,229,LB / ACRE,13.0,13.0,95.0,7.0,48.0
2017,FISHER,436,LB / ACRE,13.0,13.0,97.0,3.0,52.0
2016,FISHER,486,LB / ACRE,11.0,11.0,98.0,2.0,44.0
2015,FISHER,365,LB / ACRE,9.0,100.0,97.0,0.0,46.0
2014,FISHER,378,LB / ACRE,15.0,100.0,99.0,99.0,49.0
2013,FISHER,355,LB / ACRE,14.0,14.0,95.0,95.0,49.0
2012,FISHER,336,LB / ACRE,25.0,25.0,95.0,95.0,64.0
2010,FISHER,550,LB / ACRE,15.0,15.0,93.0,93.0,73.0
2009,FISHER,290,LB / ACRE,19.0,19.0,93.0,93.0,74.0
2008,FISHER,490,LB / ACRE,21.0,21.0,94.0,94.0,56.0
2007,FISHER,953,LB / ACRE,20.0,20.0,95.0,95.0,55.0
2006,FISHER,223,LB / ACRE,24.0,24.0,95.0,95.0,73.0
2005,FISHER,602,LB / ACRE,21.0,21.0,94.0,94.0,70.0
2004,FISHER,443,LB / ACRE,21.0,21.0,89.0,89.0,74.0
2003,FISHER,331,LB / ACRE,20.0,20.0,87.0,87.0,57.0
2002,FISHER,340,LB / ACRE,18.0,18.0,87.0,8.0,66.0
2001,FISHER,245,LB / ACRE,17.0,17.0,89.0,89.0,64.0
2000,FISHER,180,LB / ACRE,18.0,18.0,86.0,86.0,65.0
2024,HASKELL,562,LB / ACRE,18.0,100.0,96.0,5.0,50.0
2022,HASKELL,414,LB / ACRE,19.0,19.0,96.0,96.0,60.0
2021,HASKELL,399,LB / ACRE,17.0,17.0,96.0,6.0,54.0
2020,HASKELL,415,LB / ACRE,18.0,18.0,95.0,5.0,63.0
2019,HASKELL,316,LB / ACRE,13.0,13.0,95.0,7.0,48.0
2018,HASKELL,518,LB / ACRE,15.0,15.0,95.0,8.0,51.0
2017,HASKELL,610,LB / ACRE,13.0,13.0,97.0,3.0,52.0
2016,HASKELL,786,LB / ACRE,11.0,11.0,98.0,2.0,44.0
2015,HASKELL,403,LB / ACRE,9.0,100.0,97.0,0.0,46.0
2014,HASKELL,388,LB / ACRE,15.0,100.0,99.0,99.0,49.0
2013,HASKELL,437,LB / ACRE,14.0,14.0,95.0,95.0,49.0
2012,HASKELL,477,LB / ACRE,25.0,25.0,95.0,95.0,64.0
2011,HASKELL,405,LB / ACRE,14.0,14.0,94.0,94.0,65.0
2010,HASKELL,599,LB / ACRE,15.0,15.0,93.0,93.0,73.0
2009,HASKELL,428,LB / ACRE,19.0,19.0,93.0,93.0,74.0
2008,HASKELL,485,LB / ACRE,21.0,21.0,94.0,94.0,56.0
2007,HASKELL,685,LB / ACRE,20.0,20.0,95.0,95.0,55.0
2006,HASKELL,373,LB / ACRE,24.0,24.0,95.0,95.0,73.0
2005,HASKELL,532,LB / ACRE,21.0,21.0,94.0,94.0,70.0
2004,HASKELL,546,LB / ACRE,21.0,21.0,89.0,89.0,74.0
2003,HASKELL,350,LB / ACRE,20.0,20.0,87.0,87.0,57.0
2002,HASKELL,412,LB / ACRE,18.0,18.0,87.0,8.0,66.0
2001,HASKELL,282,LB / ACRE,17.0,17.0,89.0,89.0,64.0
2000,HASKELL,332,LB / ACRE,18.0,18.0,86.0,86.0,65.0
2024,JONES,186,LB / ACRE,18.0,100.0,96.0,5.0,50.0
2023,JONES,263,LB / ACRE,20.0,100.0,93.0,93.0,50.0
2022,JONES,339,LB / ACRE,19.0,19.0,96.0,96.0,60.0
2021,JONES,414,LB / ACRE,17.0,17.0,96.0,6.0,54.0
2020,JONES,323,LB / ACRE,18.0,18.0,95.0,5.0,63.0
2019,JONES,317,LB / ACRE,13.0,13.0,95.0,7.0,48.0
2018,JONES,592,LB / ACRE,15.0,15.0,95.0,8.0,51.0
2017,JONES,474,LB / ACRE,13.0,13.0,97.0,3.0,52.0
2016,JONES,633,LB / ACRE,11.0,11.0,98.0,2.0,44.0
2015,JONES,358,LB / ACRE,9.0,100.0,97.0,0.0,46.0
2014,JONES,315,LB / ACRE,15.0,100.0,99.0,99.0,49.0
2013,JONES,377,LB / ACRE,14.0,14.0,95.0,95.0,49.0
2012,JONES,257,LB / ACRE,25.0,25.0,95.0,95.0,64.0
2010,JONES,467,LB / ACRE,15.0,15.0,93.0,93.0,73.0
2009,JONES,312,LB / ACRE,19.0,19.0,93.0,93.0,74.0
2008,JONES,408,LB / ACRE,21.0,21.0,94.0,94.0,56.0
2007,JONES,813,LB / ACRE,20.0,20.0,95.0,95.0,55.0
2006,JONES,197,LB / ACRE,24.0,24.0,95.0,95.0,73.0
2005,JONES,445,LB / ACRE,21.0,21.0,94.0,94.0,70.0
2004,JONES,497,LB / ACRE,21.0,21.0,89.0,89.0,74.0
2003,JONES,309,LB / ACRE,20.0,20.0,87.0,87.0,57.0
2002,JONES,275,LB / ACRE,18.0,18.0,87.0,8.0,66.0
2001,JONES,214,LB / ACRE,17.0,17.0,89.0,89.0,64.0
2000,JONES,79,LB / ACRE,18.0,18.0,86.0,86.0,65.0
2024,KNOX,1396,LB / ACRE,18.0,100.0,96.0,5.0,50.0
2022,KNOX,791,LB / ACRE,19.0,19.0,96.0,96.0,60.0
2021,KNOX,841,LB / ACRE,17.0,17.0,96.0,6.0,54.0
2020,KNOX,847,LB / ACRE,18.0,18.0,95.0,5.0,63.0
2019,KNOX,655,LB / ACRE,13.0,13.0,95.0,7.0,48.0
2018,KNOX,674,LB / ACRE,15.0,15.0,95.0,8.0,51.0
2017,KNOX,879,LB / ACRE,13.0,13.0,97.0,3.0,52.0
2016,KNOX,1224,LB / ACRE,11.0,11.0,98.0,2.0,44.0
2015,KNOX,773,LB / ACRE,9.0,100.0,97.0,0.0,46.0
2014,KNOX,781,LB / ACRE,15.0,100.0,99.0,99.0,49.0
2013,KNOX,818,LB / ACRE,14.0,14.0,95.0,95.0,49.0
2012,KNOX,821,LB / ACRE,25.0,25.0,95.0,95.0,64.0
2011,KNOX,550,LB / ACRE,14.0,14.0,94.0,94.0,65.0
2010,KNOX,829,LB / ACRE,15.0,15.0,93.0,93.0,73.0
2009,KNOX,665,LB / ACRE,19.0,19.0,93.0,93.0,74.0
2008,KNOX,767,LB / ACRE,21.0,21.0,94.0,94.0,56.0
2006,KNOX,638,LB / ACRE,24.0,24.0,95.0,95.0,73.0
2005,KNOX,778,LB / ACRE,21.0,21.0,94.0,94.0,70.0
2004,KNOX,715,LB / ACRE,21.0,21.0,89.0,89.0,74.0
2003,KNOX,704,LB / ACRE,20.0,20.0,87.0,87.0,57.0
2002,KNOX,768,LB / ACRE,18.0,18.0,87.0,8.0,66.0
2001,KNOX,601,LB / ACRE,17.0,17.0,89.0,89.0,64.0
2000,KNOX,538,LB / ACRE,18.0,18.0,86.0,86.0,65.0
2021,MITCHELL,386,LB / ACRE,17.0,17.0,96.0,6.0,54.0
2020,MITCHELL,409,LB / ACRE,18.0,18.0,95.0,5.0,63.0
2019,MITCHELL,449,LB / ACRE,13.0,13.0,95.0,7.0,48.0
2018,MITCHELL,501,LB / ACRE,15.0,15.0,95.0,8.0,51.0
2017,MITCHELL,526,LB / ACRE,13.0,13.0,97.0,3.0,52.0
2016,MITCHELL,497,LB / ACRE,11.0,11.0,98.0,2.0,44.0
2015,MITCHELL,357,LB / ACRE,9.0,100.0,97.0,0.0,46.0
2014,MITCHELL,360,LB / ACRE,15.0,100.0,99.0,99.0,49.0
2013,MITCHELL,442,LB / ACRE,14.0,14.0,95.0,95.0,49.0
2012,MITCHELL,366,LB / ACRE,25.0,25.0,95.0,95.0,64.0
2011,MITCHELL,445,LB / ACRE,14.0,14.0,94.0,94.0,65.0
2010,MITCHELL,476,LB / ACRE,15.0,15.0,93.0,93.0,73.0
2009,MITCHELL,412,LB / ACRE,19.0,19.0,93.0,93.0,74.0
2008,MITCHELL,448,LB / ACRE,21.0,21.0,94.0,94.0,56.0
2007,MITCHELL,775,LB / ACRE,20.0,20.0,95.0,95.0,55.0
2006,MITCHELL,322,LB / ACRE,24.0,24.0,95.0,95.0,73.0
2005,MITCHELL,492,LB / ACRE,21.0,21.0,94.0,94.0,70.0
2004,MITCHELL,457,LB / ACRE,21.0,21.0,89.0,89.0,74.0
2003,MITCHELL,397,LB / ACRE,20.0,20.0,87.0,87.0,57.0
2002,MITCHELL,346,LB / ACRE,18.0,18.0,87.0,8.0,66.0
2001,MITCHELL,219,LB / ACRE,17.0,17.0,89.0,89.0,64.0
2000,MITCHELL,179,LB / ACRE,18.0,18.0,86.0,86.0,65.0
2022,NOLAN,471,LB / ACRE,19.0,19.0,96.0,96.0,60.0
2021,NOLAN,609,LB / ACRE,17.0,17.0,96.0,6.0,54.0
2020,NOLAN,625,LB / ACRE,18.0,18.0,95.0,5.0,63.0
2019,NOLAN,425,LB / ACRE,13.0,13.0,95.0,7.0,48.0
2018,NOLAN,738,LB / ACRE,15.0,15.0,95.0,8.0,51.0
2017,NOLAN,589,LB / ACRE,13.0,13.0,97.0,3.0,52.0
2016,NOLAN,581,LB / ACRE,11.0,11.0,98.0,2.0,44.0
2015,NOLAN,471,LB / ACRE,9.0,100.0,97.0,0.0,46.0
2014,NOLAN,472,LB / ACRE,15.0,100.0,99.0,99.0,49.0
2013,NOLAN,376,LB / ACRE,14.0,14.0,95.0,95.0,49.0
2012,NOLAN,396,LB / ACRE,25.0,25.0,95.0,95.0,64.0
2011,NOLAN,602,LB / ACRE,14.0,14.0,94.0,94.0,65.0
2010,NOLAN,514,LB / ACRE,15.0,15.0,93.0,93.0,73.0
2009,NOLAN,380,LB / ACRE,19.0,19.0,93.0,93.0,74.0
2008,NOLAN,457,LB / ACRE,21.0,21.0,94.0,94.0,56.0
2007,NOLAN,924,LB / ACRE,20.0,20.0,95.0,95.0,55.0
2006,NOLAN,285,LB / ACRE,24.0,24.0,95.0,95.0,73.0
2005,NOLAN,571,LB / ACRE,21.0,21.0,94.0,94.0,70.0
2004,NOLAN,428,LB / ACRE,21.0,21.0,89.0,89.0,74.0
2003,NOLAN,285,LB / ACRE,20.0,20.0,87.0,87.0,57.0
2002,NOLAN,354,LB / ACRE,18.0,18.0,87.0,8.0,66.0
2001,NOLAN,201,LB / ACRE,17.0,17.0,89.0,89.0,64.0
2000,NOLAN,180,LB / ACRE,18.0,18.0,86.0,86.0,65.0
2024,RUNNELS,341,LB / ACRE,18.0,100.0,96.0,5.0,50.0
2021,RUNNELS,610,LB / ACRE,17.0,17.0,96.0,6.0,54.0
2020,RUNNELS,330,LB / ACRE,18.0,18.0,95.0,5.0,63.0
2019,RUNNELS,325,LB / ACRE,13.0,13.0,95.0,7.0,48.0
2018,RUNNELS,465,LB / ACRE,15.0,15.0,95.0,8.0,51.0
2017,RUNNELS,488,LB / ACRE,13.0,13.0,97.0,3.0,52.0
2016,RUNNELS,618,LB / ACRE,11.0,11.0,98.0,2.0,44.0
2015,RUNNELS,390,LB / ACRE,9.0,100.0,97.0,0.0,46.0
2014,RUNNELS,518,LB / ACRE,15.0,100.0,99.0,99.0,49.0
2013,RUNNELS,471,LB / ACRE,14.0,14.0,95.0,95.0,49.0
2012,RUNNELS,335,LB / ACRE,25.0,25.0,95.0,95.0,64.0
2010,RUNNELS,371,LB / ACRE,15.0,15.0,93.0,93.0,73.0
2009,RUNNELS,401,LB / ACRE,19.0,19.0,93.0,93.0,74.0
2008,RUNNELS,460,LB / ACRE,21.0,21.0,94.0,94.0,56.0
2007,RUNNELS,722,LB / ACRE,20.0,20.0,95.0,95.0,55.0
2006,RUNNELS,226,LB / ACRE,24.0,24.0,95.0,95.0,73.0
2005,RUNNELS,442,LB / ACRE,21.0,21.0,94.0,94.0,70.0
2004,RUNNELS,570,LB / ACRE,21.0,21.0,89.0,89.0,74.0
2003,RUNNELS,301,LB / ACRE,20.0,20.0,87.0,87.0,57.0
2002,RUNNELS,319,LB / ACRE,18.0,18.0,87.0,8.0,66.0
2001,RUNNELS,215,LB / ACRE,17.0,17.0,89.0,89.0,64.0
2000,RUNNELS,67,LB / ACRE,18.0,18.0,86.0,86.0,65.0
2024,SCURRY,563,LB / ACRE,18.0,100.0,96.0,5.0,50.0
2023,SCURRY,586,LB / ACRE,20.0,100.0,93.0,93.0,50.0
2022,SCURRY,510,LB / ACRE,19.0,19.0,96.0,96.0,60.0
2021,SCURRY,404,LB / ACRE,17.0,17.0,96.0,6.0,54.0
2019,SCURRY,304,LB / ACRE,13.0,13.0,95.0,7.0,48.0
2018,SCURRY,473,LB / ACRE,15.0,15.0,95.0,8.0,51.0
2017,SCURRY,467,LB / ACRE,13.0,13.0,97.0,3.0,52.0
2016,SCURRY,383,LB / ACRE,11.0,11.0,98.0,2.0,44.0
2015,SCURRY,305,LB / ACRE,9.0,100.0,97.0,0.0,46.0
2014,SCURRY,286,LB / ACRE,15.0,100.0,99.0,99.0,49.0
2013,SCURRY,331,LB / ACRE,14.0,14.0,95.0,95.0,49.0
2012,SCURRY,287,LB / ACRE,25.0,25.0,95.0,95.0,64.0
2011,SCURRY,346,LB / ACRE,14.0,14.0,94.0,94.0,65.0
2010,SCURRY,458,LB / ACRE,15.0,15.0,93.0,93.0,73.0
2009,SCURRY,257,LB / ACRE,19.0,19.0,93.0,93.0,74.0
2008,SCURRY,370,LB / ACRE,21.0,21.0,94.0,94.0,56.0
2007,SCURRY,976,LB / ACRE,20.0,20.0,95.0,95.0,55.0
2006,SCURRY,237,LB / ACRE,24.0,24.0,95.0,95.0,73.0
2005,SCURRY,606,LB / ACRE,21.0,21.0,94.0,94.0,70.0
2004,SCURRY,454,LB / ACRE,21.0,21.0,89.0,89.0,74.0
2003,SCURRY,263,LB / ACRE,20.0,20.0,87.0,87.0,57.0
2002,SCURRY,339,LB / ACRE,18.0,18.0,87.0,8.0,66.0
2001,SCURRY,188,LB / ACRE,17.0,17.0,89.0,89.0,64.0
2000,SCURRY,104,LB / ACRE,18.0,18.0,86.0,86.0,65.0
2021,STONEWALL,373,LB / ACRE,17.0,17.0,96.0,6.0,54.0
2020,STONEWALL,153,LB / ACRE,18.0,18.0,95.0,5.0,63.0
2016,STONEWALL,391,LB / ACRE,11.0,11.0,98.0,2.0,44.0
2015,STONEWALL,282,LB / ACRE,9.0,100.0,97.0,0.0,46.0
2012,STONEWALL,334,LB / ACRE,25.0,25.0,95.0,95.0,64.0
2010,STONEWALL,496,LB / ACRE,15.0,15.0,93.0,93.0,73.0
2008,STONEWALL,353,LB / ACRE,21.0,21.0,94.0,94.0,56.0
2006,STONEWALL,131,LB / ACRE,24.0,24.0,95.0,95.0,73.0
2005,STONEWALL,480,LB / ACRE,21.0,21.0,94.0,94.0,70.0
2004,STONEWALL,360,LB / ACRE,21.0,21.0,89.0,89.0,74.0
2003,STONEWALL,163,LB / ACRE,20.0,20.0,87.0,87.0,57.0
2002,STONEWALL,404,LB / ACRE,18.0,18.0,87.0,8.0,66.0
2001,STONEWALL,215,LB / ACRE,17.0,17.0,89.0,89.0,64.0
2000,STONEWALL,167,LB / ACRE,18.0,18.0,86.0,86.0,65.0
2021,TAYLOR,666,LB / ACRE,17.0,17.0,96.0,6.0,54.0
2020,TAYLOR,435,LB / ACRE,18.0,18.0,95.0,5.0,63.0
2019,TAYLOR,430,LB / ACRE,13.0,13.0,95.0,7.0,48.0
2017,TAYLOR,522,LB / ACRE,13.0,13.0,97.0,3.0,52.0
2016,TAYLOR,560,LB / ACRE,11.0,11.0,98.0,2.0,44.0
2015,TAYLOR,323,LB / ACRE,9.0,100.0,97.0,0.0,46.0
2014,TAYLOR,372,LB / ACRE,15.0,100.0,99.0,99.0,49.0
2013,TAYLOR,272,LB / ACRE,14.0,14.0,95.0,95.0,49.0
2012,TAYLOR,276,LB / ACRE,25.0,25.0,95.0,95.0,64.0
2010,TAYLOR,367,LB / ACRE,15.0,15.0,93.0,93.0,73.0
2009,TAYLOR,315,LB / ACRE,19.0,19.0,93.0,93.0,74.0
2008,TAYLOR,429,LB / ACRE,21.0,21.0,94.0,94.0,56.0
2007,TAYLOR,579,LB / ACRE,20.0,20.0,95.0,95.0,55.0
2006,TAYLOR,228,LB / ACRE,24.0,24.0,95.0,95.0,73.0
2005,TAYLOR,594,LB / ACRE,21.0,21.0,94.0,94.0,70.0
2004,TAYLOR,421,LB / ACRE,21.0,21.0,89.0,89.0,74.0
2003,TAYLOR,365,LB / ACRE,20.0,20.0,87.0,87.0,57.0
2002,TAYLOR,259,LB / ACRE,18.0,18.0,87.0,8.0,66.0
2001,TAYLOR,237,LB / ACRE,17.0,17.0,89.0,89.0,64.0
2000,TAYLOR,139,LB / ACRE,18.0,18.0,86.0,86.0,65.0
2019,OTHER (COMBINED) COUNTIES,361,LB / ACRE,13.0,13.0,95.0,7.0,48.0
2015,OTHER (COMBINED) COUNTIES,414,LB / ACRE,9.0,100.0,97.0,0.0,46.0
2014,OTHER (COMBINED) COUNTIES,380,LB / ACRE,15.0,100.0,99.0,99.0,49.0
2010,OTHER (COMBINED) COUNTIES,502,LB / ACRE,15.0,15.0,93.0,93.0,73.0
2007,OTHER (COMBINED) COUNTIES,480,LB / ACRE,20.0,20.0,95.0,95.0,55.0
2006,OTHER (COMBINED) COUNTIES,400,LB / ACRE,24.0,24.0,95.0,95.0,73.0
2005,OTHER (COMBINED) COUNTIES,512,LB / ACRE,21.0,21.0,94.0,94.0,70.0
2004,OTHER (COMBINED) COUNTIES,411,LB / ACRE,21.0,21.0,89.0,89.0,74.0
2003,OTHER (COMBINED) COUNTIES,274,LB / ACRE,20.0,20.0,87.0,87.0,57.0
2002,OTHER (COMBINED) COUNTIES,330,LB / ACRE,18.0,18.0,87.0,8.0,66.0
2001,OTHER (COMBINED) COUNTIES,120,LB / ACRE,17.0,17.0,89.0,89.0,64.0
2000,OTHER (COMBINED) COUNTIES,288,LB / ACRE,18.0,18.0,86.0,86.0,65.0
2002,BROWN,240,LB / ACRE,18.0,18.0,87.0,8.0,66.0
2001,BROWN,192,LB / ACRE,17.0,17.0,89.0,89.0,64.0
2000,BROWN,288,LB / ACRE,18.0,18.0,86.0,86.0,65.0
2001,CLAY,144,LB / ACRE,17.0,17.0,89.0,89.0,64.0
2000,CLAY,288,LB / ACRE,18.0,18.0,86.0,86.0,65.0
2019,COMANCHE,471,LB / ACRE,13.0,13.0,95.0,7.0,48.0
2015,COMANCHE,723,LB / ACRE,9.0,100.0,97.0,0.0,46.0
2014,COMANCHE,781,LB / ACRE,15.0,100.0,99.0,99.0,49.0
2021,EASTLAND,689,LB / ACRE,17.0,17.0,96.0,6.0,54.0
2010,SHACKELFORD,480,LB / ACRE,15.0,15.0,93.0,93.0,73.0
2007,SHACKELFORD,789,LB / ACRE,20.0,20.0,95.0,95.0,55.0
2006,SHACKELFORD,360,LB / ACRE,24.0,24.0,95.0,95.0,73.0
2005,SHACKELFORD,400,LB / ACRE,21.0,21.0,94.0,94.0,70.0
2004,SHACKELFORD,800,LB / ACRE,21.0,21.0,89.0,89.0,74.0
2003,SHACKELFORD,240,LB / ACRE,20.0,20.0,87.0,87.0,57.0
2002,SHACKELFORD,360,LB / ACRE,18.0,18.0,87.0,8.0,66.0
2001,SHACKELFORD,260,LB / ACRE,17.0,17.0,89.0,89.0,64.0
2000,SHACKELFORD,267,LB / ACRE,18.0,18.0,86.0,86.0,65.0
2007,THROCKMORTON,343,LB / ACRE,20.0,20.0,95.0,95.0,55.0
2006,THROCKMORTON,240,LB / ACRE,24.0,24.0,95.0,95.0,73.0
2005,THROCKMORTON,663,LB / ACRE,21.0,21.0,94.0,94.0,70.0
2004,THROCKMORTON,452,LB / ACRE,21.0,21.0,89.0,89.0,74.0
2003,THROCKMORTON,230,LB / ACRE,20.0,20.0,87.0,87.0,57.0
2002,THROCKMORTON,320,LB / ACRE,18.0,18.0,87.0,8.0,66.0
2001,THROCKMORTON,154,LB / ACRE,17.0,17.0,89.0,89.0,64.0
2000,THROCKMORTON,416,LB / ACRE,18.0,18.0,86.0,86.0,65.0
2021,YOUNG,297,LB / ACRE,17.0,17.0,96.0,6.0,54.0
2010,YOUNG,336,LB / ACRE,15.0,15.0,93.0,93.0,73.0
2006,YOUNG,185,LB / ACRE,24.0,24.0,95.0,95.0,73.0
2005,YOUNG,240,LB / ACRE,21.0,21.0,94.0,94.0,70.0
2004,YOUNG,400,LB / ACRE,21.0,21.0,89.0,89.0,74.0
2003,YOUNG,240,LB / ACRE,20.0,20.0,87.0,87.0,57.0
2000,YOUNG,320,LB / ACRE,18.0,18.0,86.0,86.0,65.0
2019,OTHER (COMBINED) COUNTIES,659,LB / ACRE,13.0,13.0,95.0,7.0,48.0
2018,OTHER (COMBINED) COUNTIES,707,LB / ACRE,15.0,15.0,95.0,8.0,51.0
2017,OTHER (COMBINED) COUNTIES,925,LB / ACRE,13.0,13.0,97.0,3.0,52.0
2016,OTHER (COMBINED) COUNTIES,556,LB / ACRE,11.0,11.0,98.0,2.0,44.0
2015,OTHER (COMBINED) COUNTIES,500,LB / ACRE,9.0,100.0,97.0,0.0,46.0
2014,OTHER (COMBINED) COUNTIES,905,LB / ACRE,15.0,100.0,99.0,99.0,49.0
2013,OTHER (COMBINED) COUNTIES,825,LB / ACRE,14.0,14.0,95.0,95.0,49.0
2012,OTHER (COMBINED) COUNTIES,668,LB / ACRE,25.0,25.0,95.0,95.0,64.0
2011,OTHER (COMBINED) COUNTIES,188,LB / ACRE,14.0,14.0,94.0,94.0,65.0
2010,OTHER (COMBINED) COUNTIES,762,LB / ACRE,15.0,15.0,93.0,93.0,73.0
2009,OTHER (COMBINED) COUNTIES,480,LB / ACRE,19.0,19.0,93.0,93.0,74.0
2008,OTHER (COMBINED) COUNTIES,544,LB / ACRE,21.0,21.0,94.0,94.0,56.0
2007,OTHER (COMBINED) COUNTIES,658,LB / ACRE,20.0,20.0,95.0,95.0,55.0
2006,OTHER (COMBINED) COUNTIES,442,LB / ACRE,24.0,24.0,95.0,95.0,73.0
2005,OTHER (COMBINED) COUNTIES,480,LB / ACRE,21.0,21.0,94.0,94.0,70.0
2004,OTHER (COMBINED) COUNTIES,612,LB / ACRE,21.0,21.0,89.0,89.0,74.0
2003,OTHER (COMBINED) COUNTIES,480,LB / ACRE,20.0,20.0,87.0,87.0,57.0
2002,OTHER (COMBINED) COUNTIES,576,LB / ACRE,18.0,18.0,87.0,8.0,66.0
2001,OTHER (COMBINED) COUNTIES,466,LB / ACRE,17.0,17.0,89.0,89.0,64.0
2000,OTHER (COMBINED) COUNTIES,192,LB / ACRE,18.0,18.0,86.0,86.0,65.0
2024,BELL,703,LB / ACRE,18.0,100.0,96.0,5.0,50.0
2023,BELL,395,LB / ACRE,20.0,100.0,93.0,93.0,50.0
2022,BELL,548,LB / ACRE,19.0,19.0,96.0,96.0,60.0
2021,BELL,1018,LB / ACRE,17.0,17.0,96.0,6.0,54.0
2020,BELL,746,LB / ACRE,18.0,18.0,95.0,5.0,63.0
2019,BELL,530,LB / ACRE,13.0,13.0,95.0,7.0,48.0
2018,BELL,550,LB / ACRE,15.0,15.0,95.0,8.0,51.0
2017,BELL,806,LB / ACRE,13.0,13.0,97.0,3.0,52.0
2016,BELL,493,LB / ACRE,11.0,11.0,98.0,2.0,44.0
2015,BELL,591,LB / ACRE,9.0,100.0,97.0,0.0,46.0
2014,BELL,881,LB / ACRE,15.0,100.0,99.0,99.0,49.0
2013,BELL,848,LB / ACRE,14.0,14.0,95.0,95.0,49.0
2011,BELL,269,LB / ACRE,14.0,14.0,94.0,94.0,65.0
2010,BELL,789,LB / ACRE,15.0,15.0,93.0,93.0,73.0
2008,BELL,455,LB / ACRE,21.0,21.0,94.0,94.0,56.0
2007,BELL,744,LB / ACRE,20.0,20.0,95.0,95.0,55.0
2006,BELL,499,LB / ACRE,24.0,24.0,95.0,95.0,73.0
2005,BELL,674,LB / ACRE,21.0,21.0,94.0,94.0,70.0
2004,BELL,684,LB / ACRE,21.0,21.0,89.0,89.0,74.0
2003,BELL,409,LB / ACRE,20.0,20.0,87.0,87.0,57.0
2001,BELL,416,LB / ACRE,17.0,17.0,89.0,89.0,64.0
2000,BELL,578,LB / ACRE,18.0,18.0,86.0,86.0,65.0
2019,BOSQUE,570,LB / ACRE,13.0,13.0,95.0,7.0,48.0
2017,BOSQUE,490,LB / ACRE,13.0,13.0,97.0,3.0,52.0
2018,COLLIN,1204,LB / ACRE,15.0,15.0,95.0,8.0,51.0
2006,COLLIN,300,LB / ACRE,24.0,24.0,95.0,95.0,73.0
2004,COLLIN,608,LB / ACRE,21.0,21.0,89.0,89.0,74.0
2003,COLLIN,432,LB / ACRE,20.0,20.0,87.0,87.0,57.0
2002,COLLIN,587,LB / ACRE,18.0,18.0,87.0,8.0,66.0
2001,COLLIN,360,LB / ACRE,17.0,17.0,89.0,89.0,64.0
2000,COLLIN,394,LB / ACRE,18.0,18.0,86.0,86.0,65.0
2014,CORYELL,608,LB / ACRE,15.0,100.0,99.0,99.0,49.0
2006,DALLAS,311,LB / ACRE,24.0,24.0,95.0,95.0,73.0
2010,DELTA,330,LB / ACRE,15.0,15.0,93.0,93.0,73.0
2006,DELTA,103,LB / ACRE,24.0,24.0,95.0,95.0,73.0
2005,DELTA,288,LB / ACRE,21.0,21.0,94.0,94.0,70.0
2004,DELTA,554,LB / ACRE,21.0,21.0,89.0,89.0,74.0
2003,DELTA,480,LB / ACRE,20.0,20.0,87.0,87.0,57.0
2002,DELTA,640,LB / ACRE,18.0,18.0,87.0,8.0,66.0
2001,DELTA,440,LB / ACRE,17.0,17.0,89.0,89.0,64.0
2000,DELTA,206,LB / ACRE,18.0,18.0,86.0,86.0,65.0
2024,ELLIS,448,LB / ACRE,18.0,100.0,96.0,5.0,50.0
2023,ELLIS,336,LB / ACRE,20.0,100.0,93.0,93.0,50.0
2022,ELLIS,410,LB / ACRE,19.0,19.0,96.0,96.0,60.0
2021,ELLIS,976,LB / ACRE,17.0,17.0,96.0,6.0,54.0
2020,ELLIS,925,LB / ACRE,18.0,18.0,95.0,5.0,63.0
2019,ELLIS,513,LB / ACRE,13.0,13.0,95.0,7.0,48.0
2018,ELLIS,652,LB / ACRE,15.0,15.0,95.0,8.0,51.0
2017,ELLIS,716,LB / ACRE,13.0,13.0,97.0,3.0,52.0
2016,ELLIS,514,LB / ACRE,11.0,11.0,98.0,2.0,44.0
2015,ELLIS,414,LB / ACRE,9.0,100.0,97.0,0.0,46.0
2014,ELLIS,716,LB / ACRE,15.0,100.0,99.0,99.0,49.0
2013,ELLIS,716,LB / ACRE,14.0,14.0,95.0,95.0,49.0
2012,ELLIS,638,LB / ACRE,25.0,25.0,95.0,95.0,64.0
2011,ELLIS,237,LB / ACRE,14.0,14.0,94.0,94.0,65.0
2010,ELLIS,582,LB / ACRE,15.0,15.0,93.0,93.0,73.0
2009,ELLIS,574,LB / ACRE,19.0,19.0,93.0,93.0,74.0
2008,ELLIS,480,LB / ACRE,21.0,21.0,94.0,94.0,56.0
2007,ELLIS,579,LB / ACRE,20.0,20.0,95.0,95.0,55.0
2006,ELLIS,380,LB / ACRE,24.0,24.0,95.0,95.0,73.0
2005,ELLIS,566,LB / ACRE,21.0,21.0,94.0,94.0,70.0
2004,ELLIS,637,LB / ACRE,21.0,21.0,89.0,89.0,74.0
2003,ELLIS,471,LB / ACRE,20.0,20.0,87.0,87.0,57.0
2002,ELLIS,624,LB / ACRE,18.0,18.0,87.0,8.0,66.0
2001,ELLIS,441,LB / ACRE,17.0,17.0,89.0,89.0,64.0
2000,ELLIS,288,LB / ACRE,18.0,18.0,86.0,86.0,65.0
2023,FALLS,650,LB / ACRE,20.0,100.0,93.0,93.0,50.0
2022,FALLS,437,LB / ACRE,19.0,19.0,96.0,96.0,60.0
2018,FALLS,846,LB / ACRE,15.0,15.0,95.0,8.0,51.0
2016,FALLS,673,LB / ACRE,11.0,11.0,98.0,2.0,44.0
2015,FALLS,1036,LB / ACRE,9.0,100.0,97.0,0.0,46.0
2014,FALLS,949,LB / ACRE,15.0,100.0,99.0,99.0,49.0
2013,FALLS,919,LB / ACRE,14.0,14.0,95.0,95.0,49.0
2011,FALLS,375,LB / ACRE,14.0,14.0,94.0,94.0,65.0
2010,FALLS,936,LB / ACRE,15.0,15.0,93.0,93.0,73.0
2007,FALLS,522,LB / ACRE,20.0,20.0,95.0,95.0,55.0
2006,FALLS,608,LB / ACRE,24.0,24.0,95.0,95.0,73.0
2005,FALLS,810,LB / ACRE,21.0,21.0,94.0,94.0,70.0
2004,FALLS,677,LB / ACRE,21.0,21.0,89.0,89.0,74.0
2003,FALLS,600,LB / ACRE,20.0,20.0,87.0,87.0,57.0
2001,FALLS,519,LB / ACRE,17.0,17.0,89.0,89.0,64.0
2000,FALLS,335,LB / ACRE,18.0,18.0,86.0,86.0,65.0
2018,FANNIN,537,LB / ACRE,15.0,15.0,95.0,8.0,51.0
2017,FANNIN,1009,LB / ACRE,13.0,13.0,97.0,3.0,52.0
2016,FANNIN,403,LB / ACRE,11.0,11.0,98.0,2.0,44.0
2001,FANNIN,480,LB / ACRE,17.0,17.0,89.0,89.0,64.0
2005,GRAYSON,880,LB / ACRE,21.0,21.0,94.0,94.0,70.0
2024,HILL,535,LB / ACRE,18.0,100.0,96.0,5.0,50.0
2023,HILL,407,LB / ACRE,20.0,100.0,93.0,93.0,50.0
2022,HILL,363,LB / ACRE,19.0,19.0,96.0,96.0,60.0
2021,HILL,1073,LB / ACRE,17.0,17.0,96.0,6.0,54.0
2020,HILL,1048,LB / ACRE,18.0,18.0,95.0,5.0,63.0
2019,HILL,616,LB / ACRE,13.0,13.0,95.0,7.0,48.0
2018,HILL,491,LB / ACRE,15.0,15.0,95.0,8.0,51.0
2017,HILL,991,LB / ACRE,13.0,13.0,97.0,3.0,52.0
2016,HILL,470,LB / ACRE,11.0,11.0,98.0,2.0,44.0
2015,HILL,476,LB / ACRE,9.0,100.0,97.0,0.0,46.0
2014,HILL,744,LB / ACRE,15.0,100.0,99.0,99.0,49.0
2013,HILL,776,LB / ACRE,14.0,14.0,95.0,95.0,49.0
2012,HILL,700,LB / ACRE,25.0,25.0,95.0,95.0,64.0
2011,HILL,282,LB / ACRE,14.0,14.0,94.0,94.0,65.0
2010,HILL,661,LB / ACRE,15.0,15.0,93.0,93.0,73.0
2009,HILL,421,LB / ACRE,19.0,19.0,93.0,93.0,74.0
2008,HILL,573,LB / ACRE,21.0,21.0,94.0,94.0,56.0
2007,HILL,743,LB / ACRE,20.0,20.0,95.0,95.0,55.0
2006,HILL,439,LB / ACRE,24.0,24.0,95.0,95.0,73.0
2005,HILL,618,LB / ACRE,21.0,21.0,94.0,94.0,70.0
2004,HILL,743,LB / ACRE,21.0,21.0,89.0,89.0,74.0
2003,HILL,539,LB / ACRE,20.0,20.0,87.0,87.0,57.0
2002,HILL,744,LB / ACRE,18.0,18.0,87.0,8.0,66.0
2001,HILL,361,LB / ACRE,17.0,17.0,89.0,89.0,64.0
2000,HILL,283,LB / ACRE,18.0,18.0,86.0,86.0,65.0
2020,HUNT,738,LB / ACRE,18.0,18.0,95.0,5.0,63.0
2018,HUNT,744,LB / ACRE,15.0,15.0,95.0,8.0,51.0
2010,HUNT,274,LB / ACRE,15.0,15.0,93.0,93.0,73.0
2008,HUNT,347,LB / ACRE,21.0,21.0,94.0,94.0,56.0
2006,HUNT,105,LB / ACRE,24.0,24.0,95.0,95.0,73.0
2005,HUNT,314,LB / ACRE,21.0,21.0,94.0,94.0,70.0
2004,HUNT,516,LB / ACRE,21.0,21.0,89.0,89.0,74.0
2003,HUNT,360,LB / ACRE,20.0,20.0,87.0,87.0,57.0
2002,HUNT,518,LB / ACRE,18.0,18.0,87.0,8.0,66.0
2001,HUNT,452,LB / ACRE,17.0,17.0,89.0,89.0,64.0
2000,HUNT,173,LB / ACRE,18.0,18.0,86.0,86.0,65.0
2011,JOHNSON,240,LB / ACRE,14.0,14.0,94.0,94.0,65.0
2023,LAMAR,669,LB / ACRE,20.0,100.0,93.0,93.0,50.0
2019,LAMAR,637,LB / ACRE,13.0,13.0,95.0,7.0,48.0
2018,LAMAR,1076,LB / ACRE,15.0,15.0,95.0,8.0,51.0
2017,LAMAR,1024,LB / ACRE,13.0,13.0,97.0,3.0,52.0
2007,LAMAR,900,LB / ACRE,20.0,20.0,95.0,95.0,55.0
2006,LAMAR,258,LB / ACRE,24.0,24.0,95.0,95.0,73.0
2005,LAMAR,406,LB / ACRE,21.0,21.0,94.0,94.0,70.0
2004,LAMAR,655,LB / ACRE,21.0,21.0,89.0,89.0,74.0
2003,LAMAR,480,LB / ACRE,20.0,20.0,87.0,87.0,57.0
2002,LAMAR,514,LB / ACRE,18.0,18.0,87.0,8.0,66.0
2001,LAMAR,364,LB / ACRE,17.0,17.0,89.0,89.0,64.0
2000,LAMAR,480,LB / ACRE,18.0,18.0,86.0,86.0,65.0
2012,LIMESTONE,819,LB / ACRE,25.0,25.0,95.0,95.0,64.0
2011,LIMESTONE,243,LB / ACRE,14.0,14.0,94.0,94.0,65.0
2010,LIMESTONE,682,LB / ACRE,15.0,15.0,93.0,93.0,73.0
2007,LIMESTONE,640,LB / ACRE,20.0,20.0,95.0,95.0,55.0
2006,LIMESTONE,517,LB / ACRE,24.0,24.0,95.0,95.0,73.0
2005,LIMESTONE,610,LB / ACRE,21.0,21.0,94.0,94.0,70.0
2004,LIMESTONE,511,LB / ACRE,21.0,21.0,89.0,89.0,74.0
2003,LIMESTONE,377,LB / ACRE,20.0,20.0,87.0,87.0,57.0
2002,LIMESTONE,446,LB / ACRE,18.0,18.0,87.0,8.0,66.0
2001,LIMESTONE,400,LB / ACRE,17.0,17.0,89.0,89.0,64.0
2000,LIMESTONE,199,LB / ACRE,18.0,18.0,86.0,86.0,65.0
2022,MCLENNAN,392,LB / ACRE,19.0,19.0,96.0,96.0,60.0
2021,MCLENNAN,1383,LB / ACRE,17.0,17.0,96.0,6.0,54.0
2020,MCLENNAN,936,LB / ACRE,18.0,18.0,95.0,5.0,63.0
2019,MCLENNAN,595,LB / ACRE,13.0,13.0,95.0,7.0,48.0
2018,MCLENNAN,652,LB / ACRE,15.0,15.0,95.0,8.0,51.0
2017,MCLENNAN,946,LB / ACRE,13.0,13.0,97.0,3.0,52.0
2016,MCLENNAN,743,LB / ACRE,11.0,11.0,98.0,2.0,44.0
2014,MCLENNAN,855,LB / ACRE,15.0,100.0,99.0,99.0,49.0
2012,MCLENNAN,965,LB / ACRE,25.0,25.0,95.0,95.0,64.0
2011,MCLENNAN,424,LB / ACRE,14.0,14.0,94.0,94.0,65.0
2006,MCLENNAN,553,LB / ACRE,24.0,24.0,95.0,95.0,73.0
2005,MCLENNAN,747,LB / ACRE,21.0,21.0,94.0,94.0,70.0
2004,MCLENNAN,683,LB / ACRE,21.0,21.0,89.0,89.0,74.0
2003,MCLENNAN,553,LB / ACRE,20.0,20.0,87.0,87.0,57.0
2002,MCLENNAN,698,LB / ACRE,18.0,18.0,87.0,8.0,66.0
2001,MCLENNAN,487,LB / ACRE,17.0,17.0,89.0,89.0,64.0
2000,MCLENNAN,473,LB / ACRE,18.0,18.0,86.0,86.0,65.0
2024,MILAM,870,LB / ACRE,18.0,100.0,96.0,5.0,50.0
2022,MILAM,462,LB / ACRE,19.0,19.0,96.0,96.0,60.0
2021,MILAM,1040,LB / ACRE,17.0,17.0,96.0,6.0,54.0
2020,MILAM,732,LB / ACRE,18.0,18.0,95.0,5.0,63.0
2019,MILAM,622,LB / ACRE,13.0,13.0,95.0,7.0,48.0
2018,MILAM,677,LB / ACRE,15.0,15.0,95.0,8.0,51.0
2017,MILAM,789,LB / ACRE,13.0,13.0,97.0,3.0,52.0
2016,MILAM,521,LB / ACRE,11.0,11.0,98.0,2.0,44.0
2015,MILAM,623,LB / ACRE,9.0,100.0,97.0,0.0,46.0
2014,MILAM,1092,LB / ACRE,15.0,100.0,99.0,99.0,49.0
2013,MILAM,952,LB / ACRE,14.0,14.0,95.0,95.0,49.0
2012,MILAM,1048,LB / ACRE,25.0,25.0,95.0,95.0,64.0
2011,MILAM,440,LB / ACRE,14.0,14.0,94.0,94.0,65.0
2010,MILAM,844,LB / ACRE,15.0,15.0,93.0,93.0,73.0
2009,MILAM,337,LB / ACRE,19.0,19.0,93.0,93.0,74.0
2008,MILAM,513,LB / ACRE,21.0,21.0,94.0,94.0,56.0
2007,MILAM,611,LB / ACRE,20.0,20.0,95.0,95.0,55.0
2006,MILAM,626,LB / ACRE,24.0,24.0,95.0,95.0,73.0
2005,MILAM,724,LB / ACRE,21.0,21.0,94.0,94.0,70.0
2004,MILAM,700,LB / ACRE,21.0,21.0,89.0,89.0,74.0
2003,MILAM,530,LB / ACRE,20.0,20.0,87.0,87.0,57.0
2002,MILAM,756,LB / ACRE,18.0,18.0,87.0,8.0,66.0
2001,MILAM,594,LB / ACRE,17.0,17.0,89.0,89.0,64.0
2000,MILAM,510,LB / ACRE,18.0,18.0,86.0,86.0,65.0
2024,NAVARRO,552,LB / ACRE,18.0,100.0,96.0,5.0,50.0
2023,NAVARRO,190,LB / ACRE,20.0,100.0,93.0,93.0,50.0
2022,NAVARRO,314,LB / ACRE,19.0,19.0,96.0,96.0,60.0
2021,NAVARRO,825,LB / ACRE,17.0,17.0,96.0,6.0,54.0
2020,NAVARRO,727,LB / ACRE,18.0,18.0,95.0,5.0,63.0
2019,NAVARRO,425,LB / ACRE,13.0,13.0,95.0,7.0,48.0
2018,NAVARRO,619,LB / ACRE,15.0,15.0,95.0,8.0,51.0
2017,NAVARRO,736,LB / ACRE,13.0,13.0,97.0,3.0,52.0
2016,NAVARRO,541,LB / ACRE,11.0,11.0,98.0,2.0,44.0
2015,NAVARRO,521,LB / ACRE,9.0,100.0,97.0,0.0,46.0
2014,NAVARRO,705,LB / ACRE,15.0,100.0,99.0,99.0,49.0
2013,NAVARRO,619,LB / ACRE,14.0,14.0,95.0,95.0,49.0
2012,NAVARRO,518,LB / ACRE,25.0,25.0,95.0,95.0,64.0
2011,NAVARRO,267,LB / ACRE,14.0,14.0,94.0,94.0,65.0
2010,NAVARRO,657,LB / ACRE,15.0,15.0,93.0,93.0,73.0
2009,NAVARRO,485,LB / ACRE,19.0,19.0,93.0,93.0,74.0
2008,NAVARRO,546,LB / ACRE,21.0,21.0,94.0,94.0,56.0
2007,NAVARRO,672,LB / ACRE,20.0,20.0,95.0,95.0,55.0
2006,NAVARRO,377,LB / ACRE,24.0,24.0,95.0,95.0,73.0
2005,NAVARRO,629,LB / ACRE,21.0,21.0,94.0,94.0,70.0
2004,NAVARRO,514,LB / ACRE,21.0,21.0,89.0,89.0,74.0
2003,NAVARRO,454,LB / ACRE,20.0,20.0,87.0,87.0,57.0
2002,NAVARRO,745,LB / ACRE,18.0,18.0,87.0,8.0,66.0
2001,NAVARRO,339,LB / ACRE,17.0,17.0,89.0,89.0,64.0
2000,NAVARRO,329,LB / ACRE,18.0,18.0,86.0,86.0,65.0
2024,WILLIAMSON,891,LB / ACRE,18.0,100.0,96.0,5.0,50.0
2022,WILLIAMSON,434,LB / ACRE,19.0,19.0,96.0,96.0,60.0
2021,WILLIAMSON,1142,LB / ACRE,17.0,17.0,96.0,6.0,54.0
2020,WILLIAMSON,588,LB / ACRE,18.0,18.0,95.0,5.0,63.0
2019,WILLIAMSON,590,LB / ACRE,13.0,13.0,95.0,7.0,48.0
2018,WILLIAMSON,626,LB / ACRE,15.0,15.0,95.0,8.0,51.0
2017,WILLIAMSON,909,LB / ACRE,13.0,13.0,97.0,3.0,52.0
2016,WILLIAMSON,489,LB / ACRE,11.0,11.0,98.0,2.0,44.0
2015,WILLIAMSON,569,LB / ACRE,9.0,100.0,97.0,0.0,46.0
2014,WILLIAMSON,793,LB / ACRE,15.0,100.0,99.0,99.0,49.0
2013,WILLIAMSON,824,LB / ACRE,14.0,14.0,95.0,95.0,49.0
2012,WILLIAMSON,658,LB / ACRE,25.0,25.0,95.0,95.0,64.0
2011,WILLIAMSON,245,LB / ACRE,14.0,14.0,94.0,94.0,65.0
2010,WILLIAMSON,818,LB / ACRE,15.0,15.0,93.0,93.0,73.0
2009,WILLIAMSON,357,LB / ACRE,19.0,19.0,93.0,93.0,74.0
2008,WILLIAMSON,405,LB / ACRE,21.0,21.0,94.0,94.0,56.0
2007,WILLIAMSON,731,LB / ACRE,20.0,20.0,95.0,95.0,55.0
2006,WILLIAMSON,636,LB / ACRE,24.0,24.0,95.0,95.0,73.0
2005,WILLIAMSON,541,LB / ACRE,21.0,21.0,94.0,94.0,70.0
2004,WILLIAMSON,761,LB / ACRE,21.0,21.0,89.0,89.0,74.0
2003,WILLIAMSON,543,LB / ACRE,20.0,20.0,87.0,87.0,57.0
2002,WILLIAMSON,608,LB / ACRE,18.0,18.0,87.0,8.0,66.0
2001,WILLIAMSON,508,LB / ACRE,17.0,17.0,89.0,89.0,64.0
2000,WILLIAMSON,367,LB / ACRE,18.0,18.0,86.0,86.0,65.0
2019,OTHER (COMBINED) COUNTIES,780,LB / ACRE,13.0,13.0,95.0,7.0,48.0
2018,OTHER (COMBINED) COUNTIES,741,LB / ACRE,15.0,15.0,95.0,8.0,51.0
2010,OTHER (COMBINED) COUNTIES,617,LB / ACRE,15.0,15.0,93.0,93.0,73.0
2007,OTHER (COMBINED) COUNTIES,540,LB / ACRE,20.0,20.0,95.0,95.0,55.0
2006,OTHER (COMBINED) COUNTIES,480,LB / ACRE,24.0,24.0,95.0,95.0,73.0
2005,OTHER (COMBINED) COUNTIES,591,LB / ACRE,21.0,21.0,94.0,94.0,70.0
2004,OTHER (COMBINED) COUNTIES,528,LB / ACRE,21.0,21.0,89.0,89.0,74.0
2003,OTHER (COMBINED) COUNTIES,240,LB / ACRE,20.0,20.0,87.0,87.0,57.0
2002,OTHER (COMBINED) COUNTIES,480,LB / ACRE,18.0,18.0,87.0,8.0,66.0
2001,OTHER (COMBINED) COUNTIES,420,LB / ACRE,17.0,17.0,89.0,89.0,64.0
2000,OTHER (COMBINED) COUNTIES,320,LB / ACRE,18.0,18.0,86.0,86.0,65.0
2003,ANDERSON,517,LB / ACRE,20.0,20.0,87.0,87.0,57.0
2000,ANDERSON,256,LB / ACRE,18.0,18.0,86.0,86.0,65.0
2006,HOUSTON,549,LB / ACRE,24.0,24.0,95.0,95.0,73.0
2005,HOUSTON,629,LB / ACRE,21.0,21.0,94.0,94.0,70.0
2004,HOUSTON,573,LB / ACRE,21.0,21.0,89.0,89.0,74.0
2003,HOUSTON,583,LB / ACRE,20.0,20.0,87.0,87.0,57.0
2002,HOUSTON,672,LB / ACRE,18.0,18.0,87.0,8.0,66.0
2001,HOUSTON,480,LB / ACRE,17.0,17.0,89.0,89.0,64.0
2000,HOUSTON,298,LB / ACRE,18.0,18.0,86.0,86.0,65.0
2006,RED RIVER,380,LB / ACRE,24.0,24.0,95.0,95.0,73.0
2005,RED RIVER,692,LB / ACRE,21.0,21.0,94.0,94.0,70.0
2004,RED RIVER,545,LB / ACRE,21.0,21.0,89.0,89.0,74.0
2003,RED RIVER,662,LB / ACRE,20.0,20.0,87.0,87.0,57.0
2002,RED RIVER,710,LB / ACRE,18.0,18.0,87.0,8.0,66.0
2001,RED RIVER,490,LB / ACRE,17.0,17.0,89.0,89.0,64.0
2000,RED RIVER,320,LB / ACRE,18.0,18.0,86.0,86.0,65.0
2019,OTHER (COMBINED) COUNTIES,686,LB / ACRE,13.0,13.0,95.0,7.0,48.0
2018,OTHER (COMBINED) COUNTIES,986,LB / ACRE,15.0,15.0,95.0,8.0,51.0
2017,OTHER (COMBINED) COUNTIES,913,LB / ACRE,13.0,13.0,97.0,3.0,52.0
2016,OTHER (COMBINED) COUNTIES,908,LB / ACRE,11.0,11.0,98.0,2.0,44.0
2013,OTHER (COMBINED) COUNTIES,830,LB / ACRE,14.0,14.0,95.0,95.0,49.0
2012,OTHER (COMBINED) COUNTIES,1161,LB / ACRE,25.0,25.0,95.0,95.0,64.0
2011,OTHER (COMBINED) COUNTIES,516,LB / ACRE,14.0,14.0,94.0,94.0,65.0
2010,OTHER (COMBINED) COUNTIES,814,LB / ACRE,15.0,15.0,93.0,93.0,73.0
2009,OTHER (COMBINED) COUNTIES,282,LB / ACRE,19.0,19.0,93.0,93.0,74.0
2008,OTHER (COMBINED) COUNTIES,722,LB / ACRE,21.0,21.0,94.0,94.0,56.0
2007,OTHER (COMBINED) COUNTIES,896,LB / ACRE,20.0,20.0,95.0,95.0,55.0
2006,OTHER (COMBINED) COUNTIES,780,LB / ACRE,24.0,24.0,95.0,95.0,73.0
2005,OTHER (COMBINED) COUNTIES,630,LB / ACRE,21.0,21.0,94.0,94.0,70.0
2004,OTHER (COMBINED) COUNTIES,720,LB / ACRE,21.0,21.0,89.0,89.0,74.0
2003,OTHER (COMBINED) COUNTIES,591,LB / ACRE,20.0,20.0,87.0,87.0,57.0
2002,OTHER (COMBINED) COUNTIES,640,LB / ACRE,18.0,18.0,87.0,8.0,66.0
2001,OTHER (COMBINED) COUNTIES,427,LB / ACRE,17.0,17.0,89.0,89.0,64.0
2000,OTHER (COMBINED) COUNTIES,540,LB / ACRE,18.0,18.0,86.0,86.0,65.0
2023,BRAZOS,776,LB / ACRE,20.0,100.0,93.0,93.0,50.0
2021,BRAZOS,1002,LB / ACRE,17.0,17.0,96.0,6.0,54.0
2016,BRAZOS,920,LB / ACRE,11.0,11.0,98.0,2.0,44.0
2011,BRAZOS,426,LB / ACRE,14.0,14.0,94.0,94.0,65.0
2010,BRAZOS,865,LB / ACRE,15.0,15.0,93.0,93.0,73.0
2009,BRAZOS,729,LB / ACRE,19.0,19.0,93.0,93.0,74.0
2007,BRAZOS,1200,LB / ACRE,20.0,20.0,95.0,95.0,55.0
2006,BRAZOS,995,LB / ACRE,24.0,24.0,95.0,95.0,73.0
2005,BRAZOS,1025,LB / ACRE,21.0,21.0,94.0,94.0,70.0
2004,BRAZOS,1070,LB / ACRE,21.0,21.0,89.0,89.0,74.0
2003,BRAZOS,919,LB / ACRE,20.0,20.0,87.0,87.0,57.0
2002,BRAZOS,800,LB / ACRE,18.0,18.0,87.0,8.0,66.0
2001,BRAZOS,710,LB / ACRE,17.0,17.0,89.0,89.0,64.0
2000,BRAZOS,577,LB / ACRE,18.0,18.0,86.0,86.0,65.0
2024,ROBERTSON,1166,LB / ACRE,18.0,100.0,96.0,5.0,50.0
2022,ROBERTSON,884,LB / ACRE,19.0,19.0,96.0,96.0,60.0
2021,ROBERTSON,1011,LB / ACRE,17.0,17.0,96.0,6.0,54.0
2020,ROBERTSON,1324,LB / ACRE,18.0,18.0,95.0,5.0,63.0
2019,ROBERTSON,1242,LB / ACRE,13.0,13.0,95.0,7.0,48.0
2018,ROBERTSON,1111,LB / ACRE,15.0,15.0,95.0,8.0,51.0
2017,ROBERTSON,937,LB / ACRE,13.0,13.0,97.0,3.0,52.0
2013,ROBERTSON,1134,LB / ACRE,14.0,14.0,95.0,95.0,49.0
2012,ROBERTSON,1371,LB / ACRE,25.0,25.0,95.0,95.0,64.0
2009,ROBERTSON,619,LB / ACRE,19.0,19.0,93.0,93.0,74.0
2008,ROBERTSON,589,LB / ACRE,21.0,21.0,94.0,94.0,56.0
2007,ROBERTSON,1144,LB / ACRE,20.0,20.0,95.0,95.0,55.0
2006,ROBERTSON,804,LB / ACRE,24.0,24.0,95.0,95.0,73.0
2005,ROBERTSON,971,LB / ACRE,21.0,21.0,94.0,94.0,70.0
2004,ROBERTSON,832,LB / ACRE,21.0,21.0,89.0,89.0,74.0
2003,ROBERTSON,1091,LB / ACRE,20.0,20.0,87.0,87.0,57.0
2002,ROBERTSON,818,LB / ACRE,18.0,18.0,87.0,8.0,66.0
2001,ROBERTSON,534,LB / ACRE,17.0,17.0,89.0,89.0,64.0
2000,ROBERTSON,559,LB / ACRE,18.0,18.0,86.0,86.0,65.0
2006,WALKER,742,LB / ACRE,24.0,24.0,95.0,95.0,73.0
2005,WALKER,651,LB / ACRE,21.0,21.0,94.0,94.0,70.0
2004,WALKER,576,LB / ACRE,21.0,21.0,89.0,89.0,74.0
2002,WALKER,576,LB / ACRE,18.0,18.0,87.0,8.0,66.0
2001,WALKER,524,LB / ACRE,17.0,17.0,89.0,89.0,64.0
2000,WALKER,288,LB / ACRE,18.0,18.0,86.0,86.0,65.0
2019,OTHER (COMBINED) COUNTIES,1081,LB / ACRE,13.0,13.0,95.0,7.0,48.0
2017,OTHER (COMBINED) COUNTIES,1137,LB / ACRE,13.0,13.0,97.0,3.0,52.0
2016,OTHER (COMBINED) COUNTIES,1278,LB / ACRE,11.0,11.0,98.0,2.0,44.0
2015,OTHER (COMBINED) COUNTIES,1170,LB / ACRE,9.0,100.0,97.0,0.0,46.0
2014,OTHER (COMBINED) COUNTIES,1125,LB / ACRE,15.0,100.0,99.0,99.0,49.0
2013,OTHER (COMBINED) COUNTIES,1171,LB / ACRE,14.0,14.0,95.0,95.0,49.0
2012,OTHER (COMBINED) COUNTIES,1057,LB / ACRE,25.0,25.0,95.0,95.0,64.0
2011,OTHER (COMBINED) COUNTIES,1003,LB / ACRE,14.0,14.0,94.0,94.0,65.0
2010,OTHER (COMBINED) COUNTIES,715,LB / ACRE,15.0,15.0,93.0,93.0,73.0
2009,OTHER (COMBINED) COUNTIES,800,LB / ACRE,19.0,19.0,93.0,93.0,74.0
2008,OTHER (COMBINED) COUNTIES,929,LB / ACRE,21.0,21.0,94.0,94.0,56.0
2007,OTHER (COMBINED) COUNTIES,1159,LB / ACRE,20.0,20.0,95.0,95.0,55.0
2006,OTHER (COMBINED) COUNTIES,832,LB / ACRE,24.0,24.0,95.0,95.0,73.0
2005,OTHER (COMBINED) COUNTIES,912,LB / ACRE,21.0,21.0,94.0,94.0,70.0
2004,OTHER (COMBINED) COUNTIES,926,LB / ACRE,21.0,21.0,89.0,89.0,74.0
2003,OTHER (COMBINED) COUNTIES,900,LB / ACRE,20.0,20.0,87.0,87.0,57.0
2002,OTHER (COMBINED) COUNTIES,960,LB / ACRE,18.0,18.0,87.0,8.0,66.0
2001,OTHER (COMBINED) COUNTIES,880,LB / ACRE,17.0,17.0,89.0,89.0,64.0
2000,OTHER (COMBINED) COUNTIES,960,LB / ACRE,18.0,18.0,86.0,86.0,65.0
2005,CULBERSON,1120,LB / ACRE,21.0,21.0,94.0,94.0,70.0
2000,CULBERSON,785,LB / ACRE,18.0,18.0,86.0,86.0,65.0
2024,EL PASO,847,LB / ACRE,18.0,100.0,96.0,5.0,50.0
2017,EL PASO,1473,LB / ACRE,13.0,13.0,97.0,3.0,52.0
2015,EL PASO,1398,LB / ACRE,9.0,100.0,97.0,0.0,46.0
2014,EL PASO,1114,LB / ACRE,15.0,100.0,99.0,99.0,49.0
2013,EL PASO,1011,LB / ACRE,14.0,14.0,95.0,95.0,49.0
2011,EL PASO,1232,LB / ACRE,14.0,14.0,94.0,94.0,65.0
2010,EL PASO,1143,LB / ACRE,15.0,15.0,93.0,93.0,73.0
2009,EL PASO,1265,LB / ACRE,19.0,19.0,93.0,93.0,74.0
2008,EL PASO,1226,LB / ACRE,21.0,21.0,94.0,94.0,56.0
2007,EL PASO,1418,LB / ACRE,20.0,20.0,95.0,95.0,55.0
2006,EL PASO,856,LB / ACRE,24.0,24.0,95.0,95.0,73.0
2005,EL PASO,1206,LB / ACRE,21.0,21.0,94.0,94.0,70.0
2004,EL PASO,1071,LB / ACRE,21.0,21.0,89.0,89.0,74.0
2003,EL PASO,1152,LB / ACRE,20.0,20.0,87.0,87.0,57.0
2002,EL PASO,1338,LB / ACRE,18.0,18.0,87.0,8.0,66.0
2001,EL PASO,1324,LB / ACRE,17.0,17.0,89.0,89.0,64.0
2000,EL PASO,1310,LB / ACRE,18.0,18.0,86.0,86.0,65.0
2019,HUDSPETH,1104,LB / ACRE,13.0,13.0,95.0,7.0,48.0
2016,HUDSPETH,894,LB / ACRE,11.0,11.0,98.0,2.0,44.0
2011,HUDSPETH,1031,LB / ACRE,14.0,14.0,94.0,94.0,65.0
2010,HUDSPETH,1049,LB / ACRE,15.0,15.0,93.0,93.0,73.0
2009,HUDSPETH,1186,LB / ACRE,19.0,19.0,93.0,93.0,74.0
2007,HUDSPETH,1050,LB / ACRE,20.0,20.0,95.0,95.0,55.0
2006,HUDSPETH,792,LB / ACRE,24.0,24.0,95.0,95.0,73.0
2005,HUDSPETH,1013,LB / ACRE,21.0,21.0,94.0,94.0,70.0
2004,HUDSPETH,1114,LB / ACRE,21.0,21.0,89.0,89.0,74.0
2003,HUDSPETH,950,LB / ACRE,20.0,20.0,87.0,87.0,57.0
2002,HUDSPETH,1360,LB / ACRE,18.0,18.0,87.0,8.0,66.0
2001,HUDSPETH,1200,LB / ACRE,17.0,17.0,89.0,89.0,64.0
2000,HUDSPETH,1036,LB / ACRE,18.0,18.0,86.0,86.0,65.0
2017,PECOS,1316,LB / ACRE,13.0,13.0,97.0,3.0,52.0
2016,PECOS,1320,LB / ACRE,11.0,11.0,98.0,2.0,44.0
2015,PECOS,1022,LB / ACRE,9.0,100.0,97.0,0.0,46.0
2014,PECOS,1353,LB / ACRE,15.0,100.0,99.0,99.0,49.0
2013,PECOS,1584,LB / ACRE,14.0,14.0,95.0,95.0,49.0
2012,PECOS,1274,LB / ACRE,25.0,25.0,95.0,95.0,64.0
2011,PECOS,824,LB / ACRE,14.0,14.0,94.0,94.0,65.0
2010,PECOS,1186,LB / ACRE,15.0,15.0,93.0,93.0,73.0
2009,PECOS,1051,LB / ACRE,19.0,19.0,93.0,93.0,74.0
2008,PECOS,1060,LB / ACRE,21.0,21.0,94.0,94.0,56.0
2007,PECOS,1495,LB / ACRE,20.0,20.0,95.0,95.0,55.0
2006,PECOS,931,LB / ACRE,24.0,24.0,95.0,95.0,73.0
2005,PECOS,982,LB / ACRE,21.0,21.0,94.0,94.0,70.0
2004,PECOS,1078,LB / ACRE,21.0,21.0,89.0,89.0,74.0
2003,PECOS,904,LB / ACRE,20.0,20.0,87.0,87.0,57.0
2002,PECOS,943,LB / ACRE,18.0,18.0,87.0,8.0,66.0
2001,PECOS,849,LB / ACRE,17.0,17.0,89.0,89.0,64.0
2000,PECOS,996,LB / ACRE,18.0,18.0,86.0,86.0,65.0
2024,REEVES,1219,LB / ACRE,18.0,100.0,96.0,5.0,50.0
2022,REEVES,1023,LB / ACRE,19.0,19.0,96.0,96.0,60.0
2017,REEVES,1170,LB / ACRE,13.0,13.0,97.0,3.0,52.0
2015,REEVES,1208,LB / ACRE,9.0,100.0,97.0,0.0,46.0
2014,REEVES,1325,LB / ACRE,15.0,100.0,99.0,99.0,49.0
2006,REEVES,768,LB / ACRE,24.0,24.0,95.0,95.0,73.0
2005,REEVES,1481,LB / ACRE,21.0,21.0,94.0,94.0,70.0
2004,REEVES,667,LB / ACRE,21.0,21.0,89.0,89.0,74.0
2003,REEVES,768,LB / ACRE,20.0,20.0,87.0,87.0,57.0
2002,REEVES,1296,LB / ACRE,18.0,18.0,87.0,8.0,66.0
2001,REEVES,591,LB / ACRE,17.0,17.0,89.0,89.0,64.0
2000,REEVES,568,LB / ACRE,18.0,18.0,86.0,86.0,65.0
2019,OTHER (COMBINED) COUNTIES,973,LB / ACRE,13.0,13.0,95.0,7.0,48.0
2018,OTHER (COMBINED) COUNTIES,896,LB / ACRE,15.0,15.0,95.0,8.0,51.0
2017,OTHER (COMBINED) COUNTIES,1009,LB / ACRE,13.0,13.0,97.0,3.0,52.0
2016,OTHER (COMBINED) COUNTIES,1123,LB / ACRE,11.0,11.0,98.0,2.0,44.0
2015,OTHER (COMBINED) COUNTIES,608,LB / ACRE,9.0,100.0,97.0,0.0,46.0
2014,OTHER (COMBINED) COUNTIES,875,LB / ACRE,15.0,100.0,99.0,99.0,49.0
2013,OTHER (COMBINED) COUNTIES,393,LB / ACRE,14.0,14.0,95.0,95.0,49.0
2012,OTHER (COMBINED) COUNTIES,230,LB / ACRE,25.0,25.0,95.0,95.0,64.0
2011,OTHER (COMBINED) COUNTIES,398,LB / ACRE,14.0,14.0,94.0,94.0,65.0
2010,OTHER (COMBINED) COUNTIES,429,LB / ACRE,15.0,15.0,93.0,93.0,73.0
2009,OTHER (COMBINED) COUNTIES,371,LB / ACRE,19.0,19.0,93.0,93.0,74.0
2008,OTHER (COMBINED) COUNTIES,343,LB / ACRE,21.0,21.0,94.0,94.0,56.0
2007,OTHER (COMBINED) COUNTIES,792,LB / ACRE,20.0,20.0,95.0,95.0,55.0
2006,OTHER (COMBINED) COUNTIES,960,LB / ACRE,24.0,24.0,95.0,95.0,73.0
2005,OTHER (COMBINED) COUNTIES,834,LB / ACRE,21.0,21.0,94.0,94.0,70.0
2004,OTHER (COMBINED) COUNTIES,480,LB / ACRE,21.0,21.0,89.0,89.0,74.0
2003,OTHER (COMBINED) COUNTIES,693,LB / ACRE,20.0,20.0,87.0,87.0,57.0
2002,OTHER (COMBINED) COUNTIES,900,LB / ACRE,18.0,18.0,87.0,8.0,66.0
2001,OTHER (COMBINED) COUNTIES,517,LB / ACRE,17.0,17.0,89.0,89.0,64.0
2000,OTHER (COMBINED) COUNTIES,480,LB / ACRE,18.0,18.0,86.0,86.0,65.0
2006,COKE,960,LB / ACRE,24.0,24.0,95.0,95.0,73.0
2005,COKE,680,LB / ACRE,21.0,21.0,94.0,94.0,70.0
2004,COKE,540,LB / ACRE,21.0,21.0,89.0,89.0,74.0
2002,COKE,420,LB / ACRE,18.0,18.0,87.0,8.0,66.0
2001,COKE,360,LB / ACRE,17.0,17.0,89.0,89.0,64.0
2000,COKE,96,LB / ACRE,18.0,18.0,86.0,86.0,65.0
2024,CONCHO,346,LB / ACRE,18.0,100.0,96.0,5.0,50.0
2023,CONCHO,716,LB / ACRE,20.0,100.0,93.0,93.0,50.0
2021,CONCHO,558,LB / ACRE,17.0,17.0,96.0,6.0,54.0
2020,CONCHO,408,LB / ACRE,18.0,18.0,95.0,5.0,63.0
2019,CONCHO,417,LB / ACRE,13.0,13.0,95.0,7.0,48.0
2018,CONCHO,527,LB / ACRE,15.0,15.0,95.0,8.0,51.0
2017,CONCHO,639,LB / ACRE,13.0,13.0,97.0,3.0,52.0
2016,CONCHO,621,LB / ACRE,11.0,11.0,98.0,2.0,44.0
2015,CONCHO,397,LB / ACRE,9.0,100.0,97.0,0.0,46.0
2014,CONCHO,534,LB / ACRE,15.0,100.0,99.0,99.0,49.0
2013,CONCHO,416,LB / ACRE,14.0,14.0,95.0,95.0,49.0
2012,CONCHO,320,LB / ACRE,25.0,25.0,95.0,95.0,64.0
2010,CONCHO,426,LB / ACRE,15.0,15.0,93.0,93.0,73.0
2009,CONCHO,374,LB / ACRE,19.0,19.0,93.0,93.0,74.0
2008,CONCHO,431,LB / ACRE,21.0,21.0,94.0,94.0,56.0
2007,CONCHO,622,LB / ACRE,20.0,20.0,95.0,95.0,55.0
2006,CONCHO,415,LB / ACRE,24.0,24.0,95.0,95.0,73.0
2005,CONCHO,564,LB / ACRE,21.0,21.0,94.0,94.0,70.0
2004,CONCHO,492,LB / ACRE,21.0,21.0,89.0,89.0,74.0
2003,CONCHO,245,LB / ACRE,20.0,20.0,87.0,87.0,57.0
2002,CONCHO,329,LB / ACRE,18.0,18.0,87.0,8.0,66.0
2001,CONCHO,211,LB / ACRE,17.0,17.0,89.0,89.0,64.0
2000,CONCHO,163,LB / ACRE,18.0,18.0,86.0,86.0,65.0
2006,IRION,240,LB / ACRE,24.0,24.0,95.0,95.0,73.0
2000,IRION,180,LB / ACRE,18.0,18.0,86.0,86.0,65.0
2004,KINNEY,800,LB / ACRE,21.0,21.0,89.0,89.0,74.0
2024,MCCULLOCH,351,LB / ACRE,18.0,100.0,96.0,5.0,50.0
2021,MCCULLOCH,463,LB / ACRE,17.0,17.0,96.0,6.0,54.0
2020,MCCULLOCH,319,LB / ACRE,18.0,18.0,95.0,5.0,63.0
2019,MCCULLOCH,400,LB / ACRE,13.0,13.0,95.0,7.0,48.0
2018,MCCULLOCH,266,LB / ACRE,15.0,15.0,95.0,8.0,51.0
2017,MCCULLOCH,575,LB / ACRE,13.0,13.0,97.0,3.0,52.0
2016,MCCULLOCH,609,LB / ACRE,11.0,11.0,98.0,2.0,44.0
2015,MCCULLOCH,379,LB / ACRE,9.0,100.0,97.0,0.0,46.0
2014,MCCULLOCH,453,LB / ACRE,15.0,100.0,99.0,99.0,49.0
2008,MCCULLOCH,275,LB / ACRE,21.0,21.0,94.0,94.0,56.0
2007,MCCULLOCH,716,LB / ACRE,20.0,20.0,95.0,95.0,55.0
2006,MCCULLOCH,135,LB / ACRE,24.0,24.0,95.0,95.0,73.0
2005,MCCULLOCH,390,LB / ACRE,21.0,21.0,94.0,94.0,70.0
2004,MCCULLOCH,458,LB / ACRE,21.0,21.0,89.0,89.0,74.0
2003,MCCULLOCH,288,LB / ACRE,20.0,20.0,87.0,87.0,57.0
2002,MCCULLOCH,295,LB / ACRE,18.0,18.0,87.0,8.0,66.0
2001,MCCULLOCH,165,LB / ACRE,17.0,17.0,89.0,89.0,64.0
2000,MCCULLOCH,112,LB / ACRE,18.0,18.0,86.0,86.0,65.0
2024,REAGAN,657,LB / ACRE,18.0,100.0,96.0,5.0,50.0
2023,REAGAN,543,LB / ACRE,20.0,100.0,93.0,93.0,50.0
2022,REAGAN,851,LB / ACRE,19.0,19.0,96.0,96.0,60.0
2021,REAGAN,778,LB / ACRE,17.0,17.0,96.0,6.0,54.0
2020,REAGAN,598,LB / ACRE,18.0,18.0,95.0,5.0,63.0
2019,REAGAN,388,LB / ACRE,13.0,13.0,95.0,7.0,48.0
2018,REAGAN,836,LB / ACRE,15.0,15.0,95.0,8.0,51.0
2017,REAGAN,698,LB / ACRE,13.0,13.0,97.0,3.0,52.0
2016,REAGAN,547,LB / ACRE,11.0,11.0,98.0,2.0,44.0
2015,REAGAN,438,LB / ACRE,9.0,100.0,97.0,0.0,46.0
2014,REAGAN,690,LB / ACRE,15.0,100.0,99.0,99.0,49.0
2013,REAGAN,586,LB / ACRE,14.0,14.0,95.0,95.0,49.0
2012,REAGAN,600,LB / ACRE,25.0,25.0,95.0,95.0,64.0
2011,REAGAN,601,LB / ACRE,14.0,14.0,94.0,94.0,65.0
2010,REAGAN,592,LB / ACRE,15.0,15.0,93.0,93.0,73.0
2009,REAGAN,672,LB / ACRE,19.0,19.0,93.0,93.0,74.0
2008,REAGAN,694,LB / ACRE,21.0,21.0,94.0,94.0,56.0
2007,REAGAN,949,LB / ACRE,20.0,20.0,95.0,95.0,55.0
2006,REAGAN,867,LB / ACRE,24.0,24.0,95.0,95.0,73.0
2005,REAGAN,802,LB / ACRE,21.0,21.0,94.0,94.0,70.0
2004,REAGAN,651,LB / ACRE,21.0,21.0,89.0,89.0,74.0
2003,REAGAN,471,LB / ACRE,20.0,20.0,87.0,87.0,57.0
2002,REAGAN,692,LB / ACRE,18.0,18.0,87.0,8.0,66.0
2001,REAGAN,547,LB / ACRE,17.0,17.0,89.0,89.0,64.0
2000,REAGAN,442,LB / ACRE,18.0,18.0,86.0,86.0,65.0
2021,SCHLEICHER,526,LB / ACRE,17.0,17.0,96.0,6.0,54.0
2019,SCHLEICHER,439,LB / ACRE,13.0,13.0,95.0,7.0,48.0
2017,SCHLEICHER,631,LB / ACRE,13.0,13.0,97.0,3.0,52.0
2016,SCHLEICHER,540,LB / ACRE,11.0,11.0,98.0,2.0,44.0
2015,SCHLEICHER,343,LB / ACRE,9.0,100.0,97.0,0.0,46.0
2014,SCHLEICHER,476,LB / ACRE,15.0,100.0,99.0,99.0,49.0
2012,SCHLEICHER,307,LB / ACRE,25.0,25.0,95.0,95.0,64.0
2010,SCHLEICHER,452,LB / ACRE,15.0,15.0,93.0,93.0,73.0
2009,SCHLEICHER,496,LB / ACRE,19.0,19.0,93.0,93.0,74.0
2007,SCHLEICHER,823,LB / ACRE,20.0,20.0,95.0,95.0,55.0
2006,SCHLEICHER,480,LB / ACRE,24.0,24.0,95.0,95.0,73.0
2005,SCHLEICHER,604,LB / ACRE,21.0,21.0,94.0,94.0,70.0
2004,SCHLEICHER,465,LB / ACRE,21.0,21.0,89.0,89.0,74.0
2003,SCHLEICHER,317,LB / ACRE,20.0,20.0,87.0,87.0,57.0
2002,SCHLEICHER,258,LB / ACRE,18.0,18.0,87.0,8.0,66.0
2001,SCHLEICHER,392,LB / ACRE,17.0,17.0,89.0,89.0,64.0
2000,SCHLEICHER,55,LB / ACRE,18.0,18.0,86.0,86.0,65.0
2024,TOM GREEN,494,LB / ACRE,18.0,100.0,96.0,5.0,50.0
2023,TOM GREEN,429,LB / ACRE,20.0,100.0,93.0,93.0,50.0
2022,TOM GREEN,820,LB / ACRE,19.0,19.0,96.0,96.0,60.0
2021,TOM GREEN,735,LB / ACRE,17.0,17.0,96.0,6.0,54.0
2020,TOM GREEN,719,LB / ACRE,18.0,18.0,95.0,5.0,63.0
2019,TOM GREEN,569,LB / ACRE,13.0,13.0,95.0,7.0,48.0
2018,TOM GREEN,598,LB / ACRE,15.0,15.0,95.0,8.0,51.0
2017,TOM GREEN,802,LB / ACRE,13.0,13.0,97.0,3.0,52.0
2016,TOM GREEN,788,LB / ACRE,11.0,11.0,98.0,2.0,44.0
2015,TOM GREEN,488,LB / ACRE,9.0,100.0,97.0,0.0,46.0
2014,TOM GREEN,674,LB / ACRE,15.0,100.0,99.0,99.0,49.0
2013,TOM GREEN,503,LB / ACRE,14.0,14.0,95.0,95.0,49.0
2012,TOM GREEN,369,LB / ACRE,25.0,25.0,95.0,95.0,64.0
2011,TOM GREEN,542,LB / ACRE,14.0,14.0,94.0,94.0,65.0
2010,TOM GREEN,564,LB / ACRE,15.0,15.0,93.0,93.0,73.0
2009,TOM GREEN,555,LB / ACRE,19.0,19.0,93.0,93.0,74.0
2008,TOM GREEN,607,LB / ACRE,21.0,21.0,94.0,94.0,56.0
2007,TOM GREEN,991,LB / ACRE,20.0,20.0,95.0,95.0,55.0
2006,TOM GREEN,570,LB / ACRE,24.0,24.0,95.0,95.0,73.0
2005,TOM GREEN,663,LB / ACRE,21.0,21.0,94.0,94.0,70.0
2004,TOM GREEN,622,LB / ACRE,21.0,21.0,89.0,89.0,74.0
2003,TOM GREEN,415,LB / ACRE,20.0,20.0,87.0,87.0,57.0
2002,TOM GREEN,339,LB / ACRE,18.0,18.0,87.0,8.0,66.0
2001,TOM GREEN,325,LB / ACRE,17.0,17.0,89.0,89.0,64.0
2000,TOM GREEN,162,LB / ACRE,18.0,18.0,86.0,86.0,65.0
2024,UPTON,701,LB / ACRE,18.0,100.0,96.0,5.0,50.0
2021,UPTON,577,LB / ACRE,17.0,17.0,96.0,6.0,54.0
2019,UPTON,432,LB / ACRE,13.0,13.0,95.0,7.0,48.0
2018,UPTON,831,LB / ACRE,15.0,15.0,95.0,8.0,51.0
2017,UPTON,628,LB / ACRE,13.0,13.0,97.0,3.0,52.0
2016,UPTON,630,LB / ACRE,11.0,11.0,98.0,2.0,44.0
2015,UPTON,487,LB / ACRE,9.0,100.0,97.0,0.0,46.0
2014,UPTON,875,LB / ACRE,15.0,100.0,99.0,99.0,49.0
2013,UPTON,731,LB / ACRE,14.0,14.0,95.0,95.0,49.0
2012,UPTON,402,LB / ACRE,25.0,25.0,95.0,95.0,64.0
2010,UPTON,668,LB / ACRE,15.0,15.0,93.0,93.0,73.0
2009,UPTON,787,LB / ACRE,19.0,19.0,93.0,93.0,74.0
2008,UPTON,1092,LB / ACRE,21.0,21.0,94.0,94.0,56.0
2007,UPTON,1240,LB / ACRE,20.0,20.0,95.0,95.0,55.0
2006,UPTON,716,LB / ACRE,24.0,24.0,95.0,95.0,73.0
2005,UPTON,752,LB / ACRE,21.0,21.0,94.0,94.0,70.0
2004,UPTON,1024,LB / ACRE,21.0,21.0,89.0,89.0,74.0
2003,UPTON,790,LB / ACRE,20.0,20.0,87.0,87.0,57.0
2002,UPTON,526,LB / ACRE,18.0,18.0,87.0,8.0,66.0
2001,UPTON,581,LB / ACRE,17.0,17.0,89.0,89.0,64.0
2000,UPTON,155,LB / ACRE,18.0,18.0,86.0,86.0,65.0
2024,UVALDE,1428,LB / ACRE,18.0,100.0,96.0,5.0,50.0
2023,UVALDE,775,LB / ACRE,20.0,100.0,93.0,93.0,50.0
2022,UVALDE,820,LB / ACRE,19.0,19.0,96.0,96.0,60.0
2021,UVALDE,1273,LB / ACRE,17.0,17.0,96.0,6.0,54.0
2020,UVALDE,1737,LB / ACRE,18.0,18.0,95.0,5.0,63.0
2019,UVALDE,1518,LB / ACRE,13.0,13.0,95.0,7.0,48.0
2018,UVALDE,1227,LB / ACRE,15.0,15.0,95.0,8.0,51.0
2017,UVALDE,1632,LB / ACRE,13.0,13.0,97.0,3.0,52.0
2016,UVALDE,1618,LB / ACRE,11.0,11.0,98.0,2.0,44.0
2015,UVALDE,1309,LB / ACRE,9.0,100.0,97.0,0.0,46.0
2014,UVALDE,1505,LB / ACRE,15.0,100.0,99.0,99.0,49.0
2013,UVALDE,1423,LB / ACRE,14.0,14.0,95.0,95.0,49.0
2012,UVALDE,1424,LB / ACRE,25.0,25.0,95.0,95.0,64.0
2011,UVALDE,1388,LB / ACRE,14.0,14.0,94.0,94.0,65.0
2010,UVALDE,1169,LB / ACRE,15.0,15.0,93.0,93.0,73.0
2009,UVALDE,1292,LB / ACRE,19.0,19.0,93.0,93.0,74.0
2008,UVALDE,1399,LB / ACRE,21.0,21.0,94.0,94.0,56.0
2007,UVALDE,1219,LB / ACRE,20.0,20.0,95.0,95.0,55.0
2006,UVALDE,1346,LB / ACRE,24.0,24.0,95.0,95.0,73.0
2005,UVALDE,1068,LB / ACRE,21.0,21.0,94.0,94.0,70.0
2004,UVALDE,1318,LB / ACRE,21.0,21.0,89.0,89.0,74.0
2003,UVALDE,914,LB / ACRE,20.0,20.0,87.0,87.0,57.0
2002,UVALDE,1083,LB / ACRE,18.0,18.0,87.0,8.0,66.0
2001,UVALDE,926,LB / ACRE,17.0,17.0,89.0,89.0,64.0
2000,UVALDE,291,LB / ACRE,18.0,18.0,86.0,86.0,65.0
2019,OTHER (COMBINED) COUNTIES,877,LB / ACRE,13.0,13.0,95.0,7.0,48.0
2018,OTHER (COMBINED) COUNTIES,883,LB / ACRE,15.0,15.0,95.0,8.0,51.0
2017,OTHER (COMBINED) COUNTIES,864,LB / ACRE,13.0,13.0,97.0,3.0,52.0
2016,OTHER (COMBINED) COUNTIES,846,LB / ACRE,11.0,11.0,98.0,2.0,44.0
2015,OTHER (COMBINED) COUNTIES,817,LB / ACRE,9.0,100.0,97.0,0.0,46.0
2014,OTHER (COMBINED) COUNTIES,934,LB / ACRE,15.0,100.0,99.0,99.0,49.0
2013,OTHER (COMBINED) COUNTIES,653,LB / ACRE,14.0,14.0,95.0,95.0,49.0
2012,OTHER (COMBINED) COUNTIES,627,LB / ACRE,25.0,25.0,95.0,95.0,64.0
2011,OTHER (COMBINED) COUNTIES,480,LB / ACRE,14.0,14.0,94.0,94.0,65.0
2010,OTHER (COMBINED) COUNTIES,917,LB / ACRE,15.0,15.0,93.0,93.0,73.0
2009,OTHER (COMBINED) COUNTIES,396,LB / ACRE,19.0,19.0,93.0,93.0,74.0
2008,OTHER (COMBINED) COUNTIES,363,LB / ACRE,21.0,21.0,94.0,94.0,56.0
2007,OTHER (COMBINED) COUNTIES,877,LB / ACRE,20.0,20.0,95.0,95.0,55.0
2006,OTHER (COMBINED) COUNTIES,538,LB / ACRE,24.0,24.0,95.0,95.0,73.0
2005,OTHER (COMBINED) COUNTIES,526,LB / ACRE,21.0,21.0,94.0,94.0,70.0
2004,OTHER (COMBINED) COUNTIES,712,LB / ACRE,21.0,21.0,89.0,89.0,74.0
2003,OTHER (COMBINED) COUNTIES,704,LB / ACRE,20.0,20.0,87.0,87.0,57.0
2002,OTHER (COMBINED) COUNTIES,829,LB / ACRE,18.0,18.0,87.0,8.0,66.0
2001,OTHER (COMBINED) COUNTIES,672,LB / ACRE,17.0,17.0,89.0,89.0,64.0
2000,OTHER (COMBINED) COUNTIES,501,LB / ACRE,18.0,18.0,86.0,86.0,65.0
2024,AUSTIN,1038,LB / ACRE,18.0,100.0,96.0,5.0,50.0
2022,AUSTIN,679,LB / ACRE,19.0,19.0,96.0,96.0,60.0
2021,AUSTIN,1215,LB / ACRE,17.0,17.0,96.0,6.0,54.0
2019,AUSTIN,775,LB / ACRE,13.0,13.0,95.0,7.0,48.0
2018,AUSTIN,851,LB / ACRE,15.0,15.0,95.0,8.0,51.0
2017,AUSTIN,1121,LB / ACRE,13.0,13.0,97.0,3.0,52.0
2014,AUSTIN,1121,LB / ACRE,15.0,100.0,99.0,99.0,49.0
2013,AUSTIN,657,LB / ACRE,14.0,14.0,95.0,95.0,49.0
2012,AUSTIN,1300,LB / ACRE,25.0,25.0,95.0,95.0,64.0
2011,AUSTIN,510,LB / ACRE,14.0,14.0,94.0,94.0,65.0
2010,AUSTIN,1097,LB / ACRE,15.0,15.0,93.0,93.0,73.0
2008,AUSTIN,480,LB / ACRE,21.0,21.0,94.0,94.0,56.0
2007,AUSTIN,655,LB / ACRE,20.0,20.0,95.0,95.0,55.0
2006,AUSTIN,313,LB / ACRE,24.0,24.0,95.0,95.0,73.0
2005,AUSTIN,683,LB / ACRE,21.0,21.0,94.0,94.0,70.0
2004,AUSTIN,739,LB / ACRE,21.0,21.0,89.0,89.0,74.0
2003,AUSTIN,667,LB / ACRE,20.0,20.0,87.0,87.0,57.0
2002,AUSTIN,867,LB / ACRE,18.0,18.0,87.0,8.0,66.0
2001,AUSTIN,628,LB / ACRE,17.0,17.0,89.0,89.0,64.0
2000,AUSTIN,500,LB / ACRE,18.0,18.0,86.0,86.0,65.0
2024,BEE,607,LB / ACRE,18.0,100.0,96.0,5.0,50.0
2023,BEE,583,LB / ACRE,20.0,100.0,93.0,93.0,50.0
2021,BEE,1090,LB / ACRE,17.0,17.0,96.0,6.0,54.0
2020,BEE,1031,LB / ACRE,18.0,18.0,95.0,5.0,63.0
2019,BEE,1118,LB / ACRE,13.0,13.0,95.0,7.0,48.0
2018,BEE,787,LB / ACRE,15.0,15.0,95.0,8.0,51.0
2017,BEE,1158,LB / ACRE,13.0,13.0,97.0,3.0,52.0
2016,BEE,832,LB / ACRE,11.0,11.0,98.0,2.0,44.0
2015,BEE,770,LB / ACRE,9.0,100.0,97.0,0.0,46.0
2014,BEE,696,LB / ACRE,15.0,100.0,99.0,99.0,49.0
2012,BEE,560,LB / ACRE,25.0,25.0,95.0,95.0,64.0
2011,BEE,598,LB / ACRE,14.0,14.0,94.0,94.0,65.0
2010,BEE,946,LB / ACRE,15.0,15.0,93.0,93.0,73.0
2008,BEE,466,LB / ACRE,21.0,21.0,94.0,94.0,56.0
2007,BEE,806,LB / ACRE,20.0,20.0,95.0,95.0,55.0
2006,BEE,973,LB / ACRE,24.0,24.0,95.0,95.0,73.0
2005,BEE,658,LB / ACRE,21.0,21.0,94.0,94.0,70.0
2004,BEE,814,LB / ACRE,21.0,21.0,89.0,89.0,74.0
2003,BEE,736,LB / ACRE,20.0,20.0,87.0,87.0,57.0
2002,BEE,653,LB / ACRE,18.0,18.0,87.0,8.0,66.0
2001,BEE,495,LB / ACRE,17.0,17.0,89.0,89.0,64.0
2000,BEE,568,LB / ACRE,18.0,18.0,86.0,86.0,65.0
2014,BEXAR,1621,LB / ACRE,15.0,100.0,99.0,99.0,49.0
2010,BEXAR,1120,LB / ACRE,15.0,15.0,93.0,93.0,73.0
2009,BEXAR,1234,LB / ACRE,19.0,19.0,93.0,93.0,74.0
2008,BEXAR,909,LB / ACRE,21.0,21.0,94.0,94.0,56.0
2006,BEXAR,1200,LB / ACRE,24.0,24.0,95.0,95.0,73.0
2005,BEXAR,1190,LB / ACRE,21.0,21.0,94.0,94.0,70.0
2004,BEXAR,1218,LB / ACRE,21.0,21.0,89.0,89.0,74.0
2003,BEXAR,1008,LB / ACRE,20.0,20.0,87.0,87.0,57.0
2024,BURLESON,854,LB / ACRE,18.0,100.0,96.0,5.0,50.0
2023,BURLESON,762,LB / ACRE,20.0,100.0,93.0,93.0,50.0
2022,BURLESON,960,LB / ACRE,19.0,19.0,96.0,96.0,60.0
2021,BURLESON,844,LB / ACRE,17.0,17.0,96.0,6.0,54.0
2020,BURLESON,986,LB / ACRE,18.0,18.0,95.0,5.0,63.0
2019,BURLESON,851,LB / ACRE,13.0,13.0,95.0,7.0,48.0
2018,BURLESON,945,LB / ACRE,15.0,15.0,95.0,8.0,51.0
2017,BURLESON,1176,LB / ACRE,13.0,13.0,97.0,3.0,52.0
2016,BURLESON,1078,LB / ACRE,11.0,11.0,98.0,2.0,44.0
2015,BURLESON,1152,LB / ACRE,9.0,100.0,97.0,0.0,46.0
2014,BURLESON,1288,LB / ACRE,15.0,100.0,99.0,99.0,49.0
2013,BURLESON,1156,LB / ACRE,14.0,14.0,95.0,95.0,49.0
2012,BURLESON,1334,LB / ACRE,25.0,25.0,95.0,95.0,64.0
2011,BURLESON,722,LB / ACRE,14.0,14.0,94.0,94.0,65.0
2010,BURLESON,850,LB / ACRE,15.0,15.0,93.0,93.0,73.0
2009,BURLESON,851,LB / ACRE,19.0,19.0,93.0,93.0,74.0
2008,BURLESON,847,LB / ACRE,21.0,21.0,94.0,94.0,56.0
2007,BURLESON,1226,LB / ACRE,20.0,20.0,95.0,95.0,55.0
2006,BURLESON,1028,LB / ACRE,24.0,24.0,95.0,95.0,73.0
2005,BURLESON,1022,LB / ACRE,21.0,21.0,94.0,94.0,70.0
2004,BURLESON,1145,LB / ACRE,21.0,21.0,89.0,89.0,74.0
2003,BURLESON,861,LB / ACRE,20.0,20.0,87.0,87.0,57.0
2002,BURLESON,1014,LB / ACRE,18.0,18.0,87.0,8.0,66.0
2001,BURLESON,620,LB / ACRE,17.0,17.0,89.0,89.0,64.0
2000,BURLESON,617,LB / ACRE,18.0,18.0,86.0,86.0,65.0
2023,CALDWELL,780,LB / ACRE,20.0,100.0,93.0,93.0,50.0
2022,CALDWELL,502,LB / ACRE,19.0,19.0,96.0,96.0,60.0
2021,CALDWELL,763,LB / ACRE,17.0,17.0,96.0,6.0,54.0
2020,CALDWELL,715,LB / ACRE,18.0,18.0,95.0,5.0,63.0
2019,CALDWELL,395,LB / ACRE,13.0,13.0,95.0,7.0,48.0
2018,CALDWELL,505,LB / ACRE,15.0,15.0,95.0,8.0,51.0
2017,CALDWELL,547,LB / ACRE,13.0,13.0,97.0,3.0,52.0
2016,CALDWELL,500,LB / ACRE,11.0,11.0,98.0,2.0,44.0
2015,CALDWELL,454,LB / ACRE,9.0,100.0,97.0,0.0,46.0
2014,CALDWELL,518,LB / ACRE,15.0,100.0,99.0,99.0,49.0
2013,CALDWELL,480,LB / ACRE,14.0,14.0,95.0,95.0,49.0
2012,CALDWELL,545,LB / ACRE,25.0,25.0,95.0,95.0,64.0
2011,CALDWELL,403,LB / ACRE,14.0,14.0,94.0,94.0,65.0
2010,CALDWELL,819,LB / ACRE,15.0,15.0,93.0,93.0,73.0
2009,CALDWELL,240,LB / ACRE,19.0,19.0,93.0,93.0,74.0
2008,CALDWELL,420,LB / ACRE,21.0,21.0,94.0,94.0,56.0
2007,CALDWELL,672,LB / ACRE,20.0,20.0,95.0,95.0,55.0
2006,CALDWELL,465,LB / ACRE,24.0,24.0,95.0,95.0,73.0
2005,CALDWELL,684,LB / ACRE,21.0,21.0,94.0,94.0,70.0
2004,CALDWELL,589,LB / ACRE,21.0,21.0,89.0,89.0,74.0
2003,CALDWELL,591,LB / ACRE,20.0,20.0,87.0,87.0,57.0
2002,CALDWELL,503,LB / ACRE,18.0,18.0,87.0,8.0,66.0
2001,CALDWELL,449,LB / ACRE,17.0,17.0,89.0,89.0,64.0
2000,CALDWELL,375,LB / ACRE,18.0,18.0,86.0,86.0,65.0
2023,COLORADO,781,LB / ACRE,20.0,100.0,93.0,93.0,50.0
2020,COLORADO,1094,LB / ACRE,18.0,18.0,95.0,5.0,63.0
2019,COLORADO,1031,LB / ACRE,13.0,13.0,95.0,7.0,48.0
2018,COLORADO,1065,LB / ACRE,15.0,15.0,95.0,8.0,51.0
2016,COLORADO,843,LB / ACRE,11.0,11.0,98.0,2.0,44.0
2015,COLORADO,1092,LB / ACRE,9.0,100.0,97.0,0.0,46.0
2014,COLORADO,1273,LB / ACRE,15.0,100.0,99.0,99.0,49.0
2013,COLORADO,960,LB / ACRE,14.0,14.0,95.0,95.0,49.0
2012,COLORADO,1362,LB / ACRE,25.0,25.0,95.0,95.0,64.0
2011,COLORADO,748,LB / ACRE,14.0,14.0,94.0,94.0,65.0
2010,COLORADO,660,LB / ACRE,15.0,15.0,93.0,93.0,73.0
2007,COLORADO,889,LB / ACRE,20.0,20.0,95.0,95.0,55.0
2006,COLORADO,1027,LB / ACRE,24.0,24.0,95.0,95.0,73.0
2005,COLORADO,562,LB / ACRE,21.0,21.0,94.0,94.0,70.0
2004,COLORADO,733,LB / ACRE,21.0,21.0,89.0,89.0,74.0
2003,COLORADO,1080,LB / ACRE,20.0,20.0,87.0,87.0,57.0
2002,COLORADO,884,LB / ACRE,18.0,18.0,87.0,8.0,66.0
2001,COLORADO,644,LB / ACRE,17.0,17.0,89.0,89.0,64.0
2000,COLORADO,323,LB / ACRE,18.0,18.0,86.0,86.0,65.0
2010,DE WITT,672,LB / ACRE,15.0,15.0,93.0,93.0,73.0
2006,DE WITT,640,LB / ACRE,24.0,24.0,95.0,95.0,73.0
2006,GOLIAD,720,LB / ACRE,24.0,24.0,95.0,95.0,73.0
2005,GOLIAD,480,LB / ACRE,21.0,21.0,94.0,94.0,70.0
2004,GOLIAD,669,LB / ACRE,21.0,21.0,89.0,89.0,74.0
2003,GOLIAD,800,LB / ACRE,20.0,20.0,87.0,87.0,57.0
2002,GOLIAD,617,LB / ACRE,18.0,18.0,87.0,8.0,66.0
2001,GOLIAD,480,LB / ACRE,17.0,17.0,89.0,89.0,64.0
2000,GOLIAD,720,LB / ACRE,18.0,18.0,86.0,86.0,65.0
2024,GUADALUPE,998,LB / ACRE,18.0,100.0,96.0,5.0,50.0
2022,GUADALUPE,262,LB / ACRE,19.0,19.0,96.0,96.0,60.0
2019,GUADALUPE,640,LB / ACRE,13.0,13.0,95.0,7.0,48.0
2018,GUADALUPE,682,LB / ACRE,15.0,15.0,95.0,8.0,51.0
2015,GUADALUPE,576,LB / ACRE,9.0,100.0,97.0,0.0,46.0
2014,GUADALUPE,603,LB / ACRE,15.0,100.0,99.0,99.0,49.0
2013,GUADALUPE,686,LB / ACRE,14.0,14.0,95.0,95.0,49.0
2012,GUADALUPE,700,LB / ACRE,25.0,25.0,95.0,95.0,64.0
2011,GUADALUPE,356,LB / ACRE,14.0,14.0,94.0,94.0,65.0
2010,GUADALUPE,823,LB / ACRE,15.0,15.0,93.0,93.0,73.0
2006,GUADALUPE,340,LB / ACRE,24.0,24.0,95.0,95.0,73.0
2020,HAYS,639,LB / ACRE,18.0,18.0,95.0,5.0,63.0
2017,HAYS,553,LB / ACRE,13.0,13.0,97.0,3.0,52.0
2006,HAYS,581,LB / ACRE,24.0,24.0,95.0,95.0,73.0
2005,HAYS,480,LB / ACRE,21.0,21.0,94.0,94.0,70.0
2004,HAYS,812,LB / ACRE,21.0,21.0,89.0,89.0,74.0
2014,KARNES,412,LB / ACRE,15.0,100.0,99.0,99.0,49.0
2010,KARNES,804,LB / ACRE,15.0,15.0,93.0,93.0,73.0
2007,KARNES,847,LB / ACRE,20.0,20.0,95.0,95.0,55.0
2006,KARNES,698,LB / ACRE,24.0,24.0,95.0,95.0,73.0
2005,KARNES,421,LB / ACRE,21.0,21.0,94.0,94.0,70.0
2004,KARNES,760,LB / ACRE,21.0,21.0,89.0,89.0,74.0
2003,KARNES,754,LB / ACRE,20.0,20.0,87.0,87.0,57.0
2002,KARNES,576,LB / ACRE,18.0,18.0,87.0,8.0,66.0
2001,KARNES,480,LB / ACRE,17.0,17.0,89.0,89.0,64.0
2000,KARNES,576,LB / ACRE,18.0,18.0,86.0,86.0,65.0
2024,MEDINA,768,LB / ACRE,18.0,100.0,96.0,5.0,50.0
2023,MEDINA,777,LB / ACRE,20.0,100.0,93.0,93.0,50.0
2022,MEDINA,968,LB / ACRE,19.0,19.0,96.0,96.0,60.0
2021,MEDINA,1274,LB / ACRE,17.0,17.0,96.0,6.0,54.0
2020,MEDINA,1458,LB / ACRE,18.0,18.0,95.0,5.0,63.0
2019,MEDINA,1489,LB / ACRE,13.0,13.0,95.0,7.0,48.0
2018,MEDINA,1494,LB / ACRE,15.0,15.0,95.0,8.0,51.0
2017,MEDINA,1596,LB / ACRE,13.0,13.0,97.0,3.0,52.0
2016,MEDINA,1664,LB / ACRE,11.0,11.0,98.0,2.0,44.0
2015,MEDINA,1272,LB / ACRE,9.0,100.0,97.0,0.0,46.0
2014,MEDINA,1526,LB / ACRE,15.0,100.0,99.0,99.0,49.0
2013,MEDINA,1269,LB / ACRE,14.0,14.0,95.0,95.0,49.0
2012,MEDINA,1104,LB / ACRE,25.0,25.0,95.0,95.0,64.0
2011,MEDINA,1452,LB / ACRE,14.0,14.0,94.0,94.0,65.0
2010,MEDINA,1079,LB / ACRE,15.0,15.0,93.0,93.0,73.0
2009,MEDINA,1126,LB / ACRE,19.0,19.0,93.0,93.0,74.0
2008,MEDINA,1218,LB / ACRE,21.0,21.0,94.0,94.0,56.0
2007,MEDINA,1127,LB / ACRE,20.0,20.0,95.0,95.0,55.0
2006,MEDINA,1320,LB / ACRE,24.0,24.0,95.0,95.0,73.0
2005,MEDINA,1014,LB / ACRE,21.0,21.0,94.0,94.0,70.0
2004,MEDINA,1261,LB / ACRE,21.0,21.0,89.0,89.0,74.0
2003,MEDINA,1323,LB / ACRE,20.0,20.0,87.0,87.0,57.0
2002,MEDINA,1140,LB / ACRE,18.0,18.0,87.0,8.0,66.0
2001,MEDINA,1194,LB / ACRE,17.0,17.0,89.0,89.0,64.0
2000,MEDINA,733,LB / ACRE,18.0,18.0,86.0,86.0,65.0
2020,TRAVIS,566,LB / ACRE,18.0,18.0,95.0,5.0,63.0
2017,TRAVIS,582,LB / ACRE,13.0,13.0,97.0,3.0,52.0
2011,TRAVIS,177,LB / ACRE,14.0,14.0,94.0,94.0,65.0
2010,TRAVIS,630,LB / ACRE,15.0,15.0,93.0,93.0,73.0
2009,TRAVIS,274,LB / ACRE,19.0,19.0,93.0,93.0,74.0
2008,TRAVIS,436,LB / ACRE,21.0,21.0,94.0,94.0,56.0
2007,TRAVIS,640,LB / ACRE,20.0,20.0,95.0,95.0,55.0
2006,TRAVIS,625,LB / ACRE,24.0,24.0,95.0,95.0,73.0
2005,TRAVIS,522,LB / ACRE,21.0,21.0,94.0,94.0,70.0
2004,TRAVIS,565,LB / ACRE,21.0,21.0,89.0,89.0,74.0
2003,TRAVIS,418,LB / ACRE,20.0,20.0,87.0,87.0,57.0
2002,TRAVIS,570,LB / ACRE,18.0,18.0,87.0,8.0,66.0
2001,TRAVIS,294,LB / ACRE,17.0,17.0,89.0,89.0,64.0
2000,TRAVIS,324,LB / ACRE,18.0,18.0,86.0,86.0,65.0
2021,WASHINGTON,715,LB / ACRE,17.0,17.0,96.0,6.0,54.0
2014,WASHINGTON,864,LB / ACRE,15.0,100.0,99.0,99.0,49.0
2012,WASHINGTON,979,LB / ACRE,25.0,25.0,95.0,95.0,64.0
2017,WILSON,1111,LB / ACRE,13.0,13.0,97.0,3.0,52.0
2013,WILSON,875,LB / ACRE,14.0,14.0,95.0,95.0,49.0
2011,WILSON,856,LB / ACRE,14.0,14.0,94.0,94.0,65.0
2010,WILSON,1128,LB / ACRE,15.0,15.0,93.0,93.0,73.0
2006,WILSON,829,LB / ACRE,24.0,24.0,95.0,95.0,73.0
2005,WILSON,1192,LB / ACRE,21.0,21.0,94.0,94.0,70.0
2004,WILSON,985,LB / ACRE,21.0,21.0,89.0,89.0,74.0
2003,WILSON,926,LB / ACRE,20.0,20.0,87.0,87.0,57.0
2000,WILSON,576,LB / ACRE,18.0,18.0,86.0,86.0,65.0
2019,OTHER (COMBINED) COUNTIES,881,LB / ACRE,13.0,13.0,95.0,7.0,48.0
2018,OTHER (COMBINED) COUNTIES,681,LB / ACRE,15.0,15.0,95.0,8.0,51.0
2017,OTHER (COMBINED) COUNTIES,861,LB / ACRE,13.0,13.0,97.0,3.0,52.0
2016,OTHER (COMBINED) COUNTIES,888,LB / ACRE,11.0,11.0,98.0,2.0,44.0
2015,OTHER (COMBINED) COUNTIES,888,LB / ACRE,9.0,100.0,97.0,0.0,46.0
2014,OTHER (COMBINED) COUNTIES,591,LB / ACRE,15.0,100.0,99.0,99.0,49.0
2013,OTHER (COMBINED) COUNTIES,691,LB / ACRE,14.0,14.0,95.0,95.0,49.0
2012,OTHER (COMBINED) COUNTIES,683,LB / ACRE,25.0,25.0,95.0,95.0,64.0
2011,OTHER (COMBINED) COUNTIES,596,LB / ACRE,14.0,14.0,94.0,94.0,65.0
2010,OTHER (COMBINED) COUNTIES,739,LB / ACRE,15.0,15.0,93.0,93.0,73.0
2009,OTHER (COMBINED) COUNTIES,263,LB / ACRE,19.0,19.0,93.0,93.0,74.0
2008,OTHER (COMBINED) COUNTIES,422,LB / ACRE,21.0,21.0,94.0,94.0,56.0
2007,OTHER (COMBINED) COUNTIES,864,LB / ACRE,20.0,20.0,95.0,95.0,55.0
2006,OTHER (COMBINED) COUNTIES,480,LB / ACRE,24.0,24.0,95.0,95.0,73.0
2004,OTHER (COMBINED) COUNTIES,729,LB / ACRE,21.0,21.0,89.0,89.0,74.0
2003,OTHER (COMBINED) COUNTIES,573,LB / ACRE,20.0,20.0,87.0,87.0,57.0
2002,OTHER (COMBINED) COUNTIES,640,LB / ACRE,18.0,18.0,87.0,8.0,66.0
2001,OTHER (COMBINED) COUNTIES,533,LB / ACRE,17.0,17.0,89.0,89.0,64.0
2000,OTHER (COMBINED) COUNTIES,600,LB / ACRE,18.0,18.0,86.0,86.0,65.0
2005,ARANSAS,576,LB / ACRE,21.0,21.0,94.0,94.0,70.0
2022,KLEBERG,475,LB / ACRE,19.0,19.0,96.0,96.0,60.0
2021,KLEBERG,799,LB / ACRE,17.0,17.0,96.0,6.0,54.0
2020,KLEBERG,967,LB / ACRE,18.0,18.0,95.0,5.0,63.0
2012,KLEBERG,474,LB / ACRE,25.0,25.0,95.0,95.0,64.0
2007,KLEBERG,1132,LB / ACRE,20.0,20.0,95.0,95.0,55.0
2006,KLEBERG,920,LB / ACRE,24.0,24.0,95.0,95.0,73.0
2005,KLEBERG,453,LB / ACRE,21.0,21.0,94.0,94.0,70.0
2004,KLEBERG,634,LB / ACRE,21.0,21.0,89.0,89.0,74.0
2002,KLEBERG,475,LB / ACRE,18.0,18.0,87.0,8.0,66.0
2001,KLEBERG,427,LB / ACRE,17.0,17.0,89.0,89.0,64.0
2000,KLEBERG,787,LB / ACRE,18.0,18.0,86.0,86.0,65.0
2024,NUECES,884,LB / ACRE,18.0,100.0,96.0,5.0,50.0
2023,NUECES,567,LB / ACRE,20.0,100.0,93.0,93.0,50.0
2022,NUECES,686,LB / ACRE,19.0,19.0,96.0,96.0,60.0
2021,NUECES,1027,LB / ACRE,17.0,17.0,96.0,6.0,54.0
2020,NUECES,1047,LB / ACRE,18.0,18.0,95.0,5.0,63.0
2019,NUECES,930,LB / ACRE,13.0,13.0,95.0,7.0,48.0
2018,NUECES,853,LB / ACRE,15.0,15.0,95.0,8.0,51.0
2017,NUECES,1129,LB / ACRE,13.0,13.0,97.0,3.0,52.0
2016,NUECES,965,LB / ACRE,11.0,11.0,98.0,2.0,44.0
2015,NUECES,817,LB / ACRE,9.0,100.0,97.0,0.0,46.0
2014,NUECES,667,LB / ACRE,15.0,100.0,99.0,99.0,49.0
2012,NUECES,375,LB / ACRE,25.0,25.0,95.0,95.0,64.0
2011,NUECES,651,LB / ACRE,14.0,14.0,94.0,94.0,65.0
2010,NUECES,889,LB / ACRE,15.0,15.0,93.0,93.0,73.0
2008,NUECES,475,LB / ACRE,21.0,21.0,94.0,94.0,56.0
2007,NUECES,917,LB / ACRE,20.0,20.0,95.0,95.0,55.0
2006,NUECES,562,LB / ACRE,24.0,24.0,95.0,95.0,73.0
2005,NUECES,552,LB / ACRE,21.0,21.0,94.0,94.0,70.0
2003,NUECES,841,LB / ACRE,20.0,20.0,87.0,87.0,57.0
2002,NUECES,598,LB / ACRE,18.0,18.0,87.0,8.0,66.0
2001,NUECES,570,LB / ACRE,17.0,17.0,89.0,89.0,64.0
2000,NUECES,771,LB / ACRE,18.0,18.0,86.0,86.0,65.0
2024,REFUGIO,906,LB / ACRE,18.0,100.0,96.0,5.0,50.0
2023,REFUGIO,750,LB / ACRE,20.0,100.0,93.0,93.0,50.0
2021,REFUGIO,839,LB / ACRE,17.0,17.0,96.0,6.0,54.0
2020,REFUGIO,1048,LB / ACRE,18.0,18.0,95.0,5.0,63.0
2019,REFUGIO,1130,LB / ACRE,13.0,13.0,95.0,7.0,48.0
2018,REFUGIO,839,LB / ACRE,15.0,15.0,95.0,8.0,51.0
2017,REFUGIO,1325,LB / ACRE,13.0,13.0,97.0,3.0,52.0
2016,REFUGIO,964,LB / ACRE,11.0,11.0,98.0,2.0,44.0
2015,REFUGIO,803,LB / ACRE,9.0,100.0,97.0,0.0,46.0
2014,REFUGIO,849,LB / ACRE,15.0,100.0,99.0,99.0,49.0
2011,REFUGIO,688,LB / ACRE,14.0,14.0,94.0,94.0,65.0
2010,REFUGIO,864,LB / ACRE,15.0,15.0,93.0,93.0,73.0
2008,REFUGIO,629,LB / ACRE,21.0,21.0,94.0,94.0,56.0
2007,REFUGIO,632,LB / ACRE,20.0,20.0,95.0,95.0,55.0
2006,REFUGIO,649,LB / ACRE,24.0,24.0,95.0,95.0,73.0
2005,REFUGIO,627,LB / ACRE,21.0,21.0,94.0,94.0,70.0
2004,REFUGIO,734,LB / ACRE,21.0,21.0,89.0,89.0,74.0
2003,REFUGIO,566,LB / ACRE,20.0,20.0,87.0,87.0,57.0
2002,REFUGIO,592,LB / ACRE,18.0,18.0,87.0,8.0,66.0
2001,REFUGIO,875,LB / ACRE,17.0,17.0,89.0,89.0,64.0
2000,REFUGIO,750,LB / ACRE,18.0,18.0,86.0,86.0,65.0
2024,SAN PATRICIO,846,LB / ACRE,18.0,100.0,96.0,5.0,50.0
2023,SAN PATRICIO,771,LB / ACRE,20.0,100.0,93.0,93.0,50.0
2022,SAN PATRICIO,704,LB / ACRE,19.0,19.0,96.0,96.0,60.0
2021,SAN PATRICIO,1074,LB / ACRE,17.0,17.0,96.0,6.0,54.0
2020,SAN PATRICIO,1073,LB / ACRE,18.0,18.0,95.0,5.0,63.0
2019,SAN PATRICIO,1075,LB / ACRE,13.0,13.0,95.0,7.0,48.0
2018,SAN PATRICIO,824,LB / ACRE,15.0,15.0,95.0,8.0,51.0
2017,SAN PATRICIO,1162,LB / ACRE,13.0,13.0,97.0,3.0,52.0
2016,SAN PATRICIO,980,LB / ACRE,11.0,11.0,98.0,2.0,44.0
2015,SAN PATRICIO,899,LB / ACRE,9.0,100.0,97.0,0.0,46.0
2014,SAN PATRICIO,803,LB / ACRE,15.0,100.0,99.0,99.0,49.0
2013,SAN PATRICIO,669,LB / ACRE,14.0,14.0,95.0,95.0,49.0
2012,SAN PATRICIO,609,LB / ACRE,25.0,25.0,95.0,95.0,64.0
2011,SAN PATRICIO,788,LB / ACRE,14.0,14.0,94.0,94.0,65.0
2010,SAN PATRICIO,844,LB / ACRE,15.0,15.0,93.0,93.0,73.0
2009,SAN PATRICIO,415,LB / ACRE,19.0,19.0,93.0,93.0,74.0
2008,SAN PATRICIO,666,LB / ACRE,21.0,21.0,94.0,94.0,56.0
2007,SAN PATRICIO,881,LB / ACRE,20.0,20.0,95.0,95.0,55.0
2006,SAN PATRICIO,832,LB / ACRE,24.0,24.0,95.0,95.0,73.0
2005,SAN PATRICIO,648,LB / ACRE,21.0,21.0,94.0,94.0,70.0
2004,SAN PATRICIO,838,LB / ACRE,21.0,21.0,89.0,89.0,74.0
2003,SAN PATRICIO,862,LB / ACRE,20.0,20.0,87.0,87.0,57.0
2002,SAN PATRICIO,712,LB / ACRE,18.0,18.0,87.0,8.0,66.0
2001,SAN PATRICIO,625,LB / ACRE,17.0,17.0,89.0,89.0,64.0
2000,SAN PATRICIO,886,LB / ACRE,18.0,18.0,86.0,86.0,65.0
2018,OTHER (COMBINED) COUNTIES,816,LB / ACRE,15.0,15.0,95.0,8.0,51.0
2017,OTHER (COMBINED) COUNTIES,1058,LB / ACRE,13.0,13.0,97.0,3.0,52.0
2016,OTHER (COMBINED) COUNTIES,887,LB / ACRE,11.0,11.0,98.0,2.0,44.0
2015,OTHER (COMBINED) COUNTIES,796,LB / ACRE,9.0,100.0,97.0,0.0,46.0
2014,OTHER (COMBINED) COUNTIES,1124,LB / ACRE,15.0,100.0,99.0,99.0,49.0
2013,OTHER (COMBINED) COUNTIES,624,LB / ACRE,14.0,14.0,95.0,95.0,49.0
2012,OTHER (COMBINED) COUNTIES,1046,LB / ACRE,25.0,25.0,95.0,95.0,64.0
2011,OTHER (COMBINED) COUNTIES,598,LB / ACRE,14.0,14.0,94.0,94.0,65.0
2010,OTHER (COMBINED) COUNTIES,724,LB / ACRE,15.0,15.0,93.0,93.0,73.0
2009,OTHER (COMBINED) COUNTIES,708,LB / ACRE,19.0,19.0,93.0,93.0,74.0
2007,OTHER (COMBINED) COUNTIES,436,LB / ACRE,20.0,20.0,95.0,95.0,55.0
2024,BRAZORIA,834,LB / ACRE,18.0,100.0,96.0,5.0,50.0
2020,BRAZORIA,986,LB / ACRE,18.0,18.0,95.0,5.0,63.0
2019,BRAZORIA,960,LB / ACRE,13.0,13.0,95.0,7.0,48.0
2008,BRAZORIA,592,LB / ACRE,21.0,21.0,94.0,94.0,56.0
2006,BRAZORIA,907,LB / ACRE,24.0,24.0,95.0,95.0,73.0
2005,BRAZORIA,492,LB / ACRE,21.0,21.0,94.0,94.0,70.0
2004,BRAZORIA,733,LB / ACRE,21.0,21.0,89.0,89.0,74.0
2003,BRAZORIA,554,LB / ACRE,20.0,20.0,87.0,87.0,57.0
2002,BRAZORIA,674,LB / ACRE,18.0,18.0,87.0,8.0,66.0
2001,BRAZORIA,692,LB / ACRE,17.0,17.0,89.0,89.0,64.0
2000,BRAZORIA,711,LB / ACRE,18.0,18.0,86.0,86.0,65.0
2024,CALHOUN,1202,LB / ACRE,18.0,100.0,96.0,5.0,50.0
2023,CALHOUN,752,LB / ACRE,20.0,100.0,93.0,93.0,50.0
2022,CALHOUN,808,LB / ACRE,19.0,19.0,96.0,96.0,60.0
2021,CALHOUN,1048,LB / ACRE,17.0,17.0,96.0,6.0,54.0
2020,CALHOUN,1071,LB / ACRE,18.0,18.0,95.0,5.0,63.0
2019,CALHOUN,895,LB / ACRE,13.0,13.0,95.0,7.0,48.0
2018,CALHOUN,1084,LB / ACRE,15.0,15.0,95.0,8.0,51.0
2017,CALHOUN,1165,LB / ACRE,13.0,13.0,97.0,3.0,52.0
2016,CALHOUN,653,LB / ACRE,11.0,11.0,98.0,2.0,44.0
2013,CALHOUN,985,LB / ACRE,14.0,14.0,95.0,95.0,49.0
2011,CALHOUN,720,LB / ACRE,14.0,14.0,94.0,94.0,65.0
2010,CALHOUN,908,LB / ACRE,15.0,15.0,93.0,93.0,73.0
2009,CALHOUN,514,LB / ACRE,19.0,19.0,93.0,93.0,74.0
2008,CALHOUN,833,LB / ACRE,21.0,21.0,94.0,94.0,56.0
2007,CALHOUN,644,LB / ACRE,20.0,20.0,95.0,95.0,55.0
2006,CALHOUN,612,LB / ACRE,24.0,24.0,95.0,95.0,73.0
2005,CALHOUN,710,LB / ACRE,21.0,21.0,94.0,94.0,70.0
2004,CALHOUN,726,LB / ACRE,21.0,21.0,89.0,89.0,74.0
2003,CALHOUN,553,LB / ACRE,20.0,20.0,87.0,87.0,57.0
2002,CALHOUN,665,LB / ACRE,18.0,18.0,87.0,8.0,66.0
2001,CALHOUN,683,LB / ACRE,17.0,17.0,89.0,89.0,64.0
2000,CALHOUN,717,LB / ACRE,18.0,18.0,86.0,86.0,65.0
2024,FORT BEND,909,LB / ACRE,18.0,100.0,96.0,5.0,50.0
2023,FORT BEND,625,LB / ACRE,20.0,100.0,93.0,93.0,50.0
2022,FORT BEND,629,LB / ACRE,19.0,19.0,96.0,96.0,60.0
2021,FORT BEND,751,LB / ACRE,17.0,17.0,96.0,6.0,54.0
2020,FORT BEND,1191,LB / ACRE,18.0,18.0,95.0,5.0,63.0
2019,FORT BEND,744,LB / ACRE,13.0,13.0,95.0,7.0,48.0
2018,FORT BEND,935,LB / ACRE,15.0,15.0,95.0,8.0,51.0
2017,FORT BEND,934,LB / ACRE,13.0,13.0,97.0,3.0,52.0
2016,FORT BEND,603,LB / ACRE,11.0,11.0,98.0,2.0,44.0
2015,FORT BEND,735,LB / ACRE,9.0,100.0,97.0,0.0,46.0
2014,FORT BEND,1204,LB / ACRE,15.0,100.0,99.0,99.0,49.0
2013,FORT BEND,677,LB / ACRE,14.0,14.0,95.0,95.0,49.0
2012,FORT BEND,1262,LB / ACRE,25.0,25.0,95.0,95.0,64.0
2011,FORT BEND,512,LB / ACRE,14.0,14.0,94.0,94.0,65.0
2010,FORT BEND,764,LB / ACRE,15.0,15.0,93.0,93.0,73.0
2009,FORT BEND,422,LB / ACRE,19.0,19.0,93.0,93.0,74.0
2008,FORT BEND,664,LB / ACRE,21.0,21.0,94.0,94.0,56.0
2007,FORT BEND,628,LB / ACRE,20.0,20.0,95.0,95.0,55.0
2006,FORT BEND,1100,LB / ACRE,24.0,24.0,95.0,95.0,73.0
2005,FORT BEND,551,LB / ACRE,21.0,21.0,94.0,94.0,70.0
2004,FORT BEND,745,LB / ACRE,21.0,21.0,89.0,89.0,74.0
2003,FORT BEND,511,LB / ACRE,20.0,20.0,87.0,87.0,57.0
2002,FORT BEND,641,LB / ACRE,18.0,18.0,87.0,8.0,66.0
2001,FORT BEND,605,LB / ACRE,17.0,17.0,89.0,89.0,64.0
2000,FORT BEND,513,LB / ACRE,18.0,18.0,86.0,86.0,65.0
2024,JACKSON,1004,LB / ACRE,18.0,100.0,96.0,5.0,50.0
2023,JACKSON,575,LB / ACRE,20.0,100.0,93.0,93.0,50.0
2022,JACKSON,663,LB / ACRE,19.0,19.0,96.0,96.0,60.0
2021,JACKSON,764,LB / ACRE,17.0,17.0,96.0,6.0,54.0
2020,JACKSON,826,LB / ACRE,18.0,18.0,95.0,5.0,63.0
2019,JACKSON,902,LB / ACRE,13.0,13.0,95.0,7.0,48.0
2018,JACKSON,817,LB / ACRE,15.0,15.0,95.0,8.0,51.0
2017,JACKSON,979,LB / ACRE,13.0,13.0,97.0,3.0,52.0
2016,JACKSON,743,LB / ACRE,11.0,11.0,98.0,2.0,44.0
2015,JACKSON,693,LB / ACRE,9.0,100.0,97.0,0.0,46.0
2014,JACKSON,1104,LB / ACRE,15.0,100.0,99.0,99.0,49.0
2013,JACKSON,885,LB / ACRE,14.0,14.0,95.0,95.0,49.0
2012,JACKSON,1125,LB / ACRE,25.0,25.0,95.0,95.0,64.0
2011,JACKSON,586,LB / ACRE,14.0,14.0,94.0,94.0,65.0
2010,JACKSON,960,LB / ACRE,15.0,15.0,93.0,93.0,73.0
2009,JACKSON,363,LB / ACRE,19.0,19.0,93.0,93.0,74.0
2008,JACKSON,623,LB / ACRE,21.0,21.0,94.0,94.0,56.0
2007,JACKSON,600,LB / ACRE,20.0,20.0,95.0,95.0,55.0
2006,JACKSON,780,LB / ACRE,24.0,24.0,95.0,95.0,73.0
2005,JACKSON,555,LB / ACRE,21.0,21.0,94.0,94.0,70.0
2004,JACKSON,649,LB / ACRE,21.0,21.0,89.0,89.0,74.0
2003,JACKSON,607,LB / ACRE,20.0,20.0,87.0,87.0,57.0
2002,JACKSON,755,LB / ACRE,18.0,18.0,87.0,8.0,66.0
2001,JACKSON,738,LB / ACRE,17.0,17.0,89.0,89.0,64.0
2000,JACKSON,486,LB / ACRE,18.0,18.0,86.0,86.0,65.0
2024,MATAGORDA,869,LB / ACRE,18.0,100.0,96.0,5.0,50.0
2023,MATAGORDA,760,LB / ACRE,20.0,100.0,93.0,93.0,50.0
2022,MATAGORDA,712,LB / ACRE,19.0,19.0,96.0,96.0,60.0
2021,MATAGORDA,696,LB / ACRE,17.0,17.0,96.0,6.0,54.0
2020,MATAGORDA,1000,LB / ACRE,18.0,18.0,95.0,5.0,63.0
2019,MATAGORDA,729,LB / ACRE,13.0,13.0,95.0,7.0,48.0
2018,MATAGORDA,862,LB / ACRE,15.0,15.0,95.0,8.0,51.0
2017,MATAGORDA,1073,LB / ACRE,13.0,13.0,97.0,3.0,52.0
2016,MATAGORDA,745,LB / ACRE,11.0,11.0,98.0,2.0,44.0
2015,MATAGORDA,641,LB / ACRE,9.0,100.0,97.0,0.0,46.0
2014,MATAGORDA,1052,LB / ACRE,15.0,100.0,99.0,99.0,49.0
2013,MATAGORDA,904,LB / ACRE,14.0,14.0,95.0,95.0,49.0
2012,MATAGORDA,1042,LB / ACRE,25.0,25.0,95.0,95.0,64.0
2011,MATAGORDA,758,LB / ACRE,14.0,14.0,94.0,94.0,65.0
2010,MATAGORDA,536,LB / ACRE,15.0,15.0,93.0,93.0,73.0
2009,MATAGORDA,619,LB / ACRE,19.0,19.0,93.0,93.0,74.0
2008,MATAGORDA,720,LB / ACRE,21.0,21.0,94.0,94.0,56.0
2007,MATAGORDA,571,LB / ACRE,20.0,20.0,95.0,95.0,55.0
2006,MATAGORDA,821,LB / ACRE,24.0,24.0,95.0,95.0,73.0
2005,MATAGORDA,623,LB / ACRE,21.0,21.0,94.0,94.0,70.0
2004,MATAGORDA,702,LB / ACRE,21.0,21.0,89.0,89.0,74.0
2003,MATAGORDA,543,LB / ACRE,20.0,20.0,87.0,87.0,57.0
2002,MATAGORDA,839,LB / ACRE,18.0,18.0,87.0,8.0,66.0
2001,MATAGORDA,960,LB / ACRE,17.0,17.0,89.0,89.0,64.0
2000,MATAGORDA,721,LB / ACRE,18.0,18.0,86.0,86.0,65.0
2024,VICTORIA,1063,LB / ACRE,18.0,100.0,96.0,5.0,50.0
2023,VICTORIA,748,LB / ACRE,20.0,100.0,93.0,93.0,50.0
2022,VICTORIA,756,LB / ACRE,19.0,19.0,96.0,96.0,60.0
2021,VICTORIA,679,LB / ACRE,17.0,17.0,96.0,6.0,54.0
2020,VICTORIA,976,LB / ACRE,18.0,18.0,95.0,5.0,63.0
2019,VICTORIA,879,LB / ACRE,13.0,13.0,95.0,7.0,48.0
2018,VICTORIA,1104,LB / ACRE,15.0,15.0,95.0,8.0,51.0
2014,VICTORIA,969,LB / ACRE,15.0,100.0,99.0,99.0,49.0
2013,VICTORIA,684,LB / ACRE,14.0,14.0,95.0,95.0,49.0
2011,VICTORIA,699,LB / ACRE,14.0,14.0,94.0,94.0,65.0
2008,VICTORIA,407,LB / ACRE,21.0,21.0,94.0,94.0,56.0
2007,VICTORIA,514,LB / ACRE,20.0,20.0,95.0,95.0,55.0
2006,VICTORIA,681,LB / ACRE,24.0,24.0,95.0,95.0,73.0
2005,VICTORIA,589,LB / ACRE,21.0,21.0,94.0,94.0,70.0
2004,VICTORIA,646,LB / ACRE,21.0,21.0,89.0,89.0,74.0
2003,VICTORIA,538,LB / ACRE,20.0,20.0,87.0,87.0,57.0
2002,VICTORIA,501,LB / ACRE,18.0,18.0,87.0,8.0,66.0
2001,VICTORIA,612,LB / ACRE,17.0,17.0,89.0,89.0,64.0
2000,VICTORIA,722,LB / ACRE,18.0,18.0,86.0,86.0,65.0
2024,WHARTON,948,LB / ACRE,18.0,100.0,96.0,5.0,50.0
2023,WHARTON,702,LB / ACRE,20.0,100.0,93.0,93.0,50.0
2022,WHARTON,685,LB / ACRE,19.0,19.0,96.0,96.0,60.0
2021,WHARTON,773,LB / ACRE,17.0,17.0,96.0,6.0,54.0
2020,WHARTON,1007,LB / ACRE,18.0,18.0,95.0,5.0,63.0
2019,WHARTON,849,LB / ACRE,13.0,13.0,95.0,7.0,48.0
2018,WHARTON,1000,LB / ACRE,15.0,15.0,95.0,8.0,51.0
2017,WHARTON,965,LB / ACRE,13.0,13.0,97.0,3.0,52.0
2016,WHARTON,653,LB / ACRE,11.0,11.0,98.0,2.0,44.0
2015,WHARTON,695,LB / ACRE,9.0,100.0,97.0,0.0,46.0
2014,WHARTON,1092,LB / ACRE,15.0,100.0,99.0,99.0,49.0
2013,WHARTON,954,LB / ACRE,14.0,14.0,95.0,95.0,49.0
2012,WHARTON,1258,LB / ACRE,25.0,25.0,95.0,95.0,64.0
2011,WHARTON,608,LB / ACRE,14.0,14.0,94.0,94.0,65.0
2010,WHARTON,751,LB / ACRE,15.0,15.0,93.0,93.0,73.0
2009,WHARTON,563,LB / ACRE,19.0,19.0,93.0,93.0,74.0
2008,WHARTON,743,LB / ACRE,21.0,21.0,94.0,94.0,56.0
2007,WHARTON,620,LB / ACRE,20.0,20.0,95.0,95.0,55.0
2006,WHARTON,945,LB / ACRE,24.0,24.0,95.0,95.0,73.0
2005,WHARTON,625,LB / ACRE,21.0,21.0,94.0,94.0,70.0
2004,WHARTON,732,LB / ACRE,21.0,21.0,89.0,89.0,74.0
2003,WHARTON,541,LB / ACRE,20.0,20.0,87.0,87.0,57.0
2002,WHARTON,819,LB / ACRE,18.0,18.0,87.0,8.0,66.0
2001,WHARTON,792,LB / ACRE,17.0,17.0,89.0,89.0,64.0
2000,WHARTON,544,LB / ACRE,18.0,18.0,86.0,86.0,65.0
2019,OTHER (COMBINED) COUNTIES,1144,LB / ACRE,13.0,13.0,95.0,7.0,48.0
2018,OTHER (COMBINED) COUNTIES,1122,LB / ACRE,15.0,15.0,95.0,8.0,51.0
2017,OTHER (COMBINED) COUNTIES,1206,LB / ACRE,13.0,13.0,97.0,3.0,52.0
2016,OTHER (COMBINED) COUNTIES,1052,LB / ACRE,11.0,11.0,98.0,2.0,44.0
2015,OTHER (COMBINED) COUNTIES,1219,LB / ACRE,9.0,100.0,97.0,0.0,46.0
2013,OTHER (COMBINED) COUNTIES,1117,LB / ACRE,14.0,14.0,95.0,95.0,49.0
2012,OTHER (COMBINED) COUNTIES,1280,LB / ACRE,25.0,25.0,95.0,95.0,64.0
2011,OTHER (COMBINED) COUNTIES,600,LB / ACRE,14.0,14.0,94.0,94.0,65.0
2010,OTHER (COMBINED) COUNTIES,925,LB / ACRE,15.0,15.0,93.0,93.0,73.0
2009,OTHER (COMBINED) COUNTIES,817,LB / ACRE,19.0,19.0,93.0,93.0,74.0
2008,OTHER (COMBINED) COUNTIES,751,LB / ACRE,21.0,21.0,94.0,94.0,56.0
2007,OTHER (COMBINED) COUNTIES,1246,LB / ACRE,20.0,20.0,95.0,95.0,55.0
2006,OTHER (COMBINED) COUNTIES,840,LB / ACRE,24.0,24.0,95.0,95.0,73.0
2005,OTHER (COMBINED) COUNTIES,772,LB / ACRE,21.0,21.0,94.0,94.0,70.0
2004,OTHER (COMBINED) COUNTIES,900,LB / ACRE,21.0,21.0,89.0,89.0,74.0
2003,OTHER (COMBINED) COUNTIES,747,LB / ACRE,20.0,20.0,87.0,87.0,57.0
2002,OTHER (COMBINED) COUNTIES,505,LB / ACRE,18.0,18.0,87.0,8.0,66.0
2001,OTHER (COMBINED) COUNTIES,720,LB / ACRE,17.0,17.0,89.0,89.0,64.0
2000,OTHER (COMBINED) COUNTIES,480,LB / ACRE,18.0,18.0,86.0,86.0,65.0
2024,ATASCOSA,908,LB / ACRE,18.0,100.0,96.0,5.0,50.0
2021,ATASCOSA,1109,LB / ACRE,17.0,17.0,96.0,6.0,54.0
2016,ATASCOSA,1200,LB / ACRE,11.0,11.0,98.0,2.0,44.0
2011,ATASCOSA,1172,LB / ACRE,14.0,14.0,94.0,94.0,65.0
2008,ATASCOSA,813,LB / ACRE,21.0,21.0,94.0,94.0,56.0
2007,ATASCOSA,1043,LB / ACRE,20.0,20.0,95.0,95.0,55.0
2006,ATASCOSA,1091,LB / ACRE,24.0,24.0,95.0,95.0,73.0
2005,ATASCOSA,866,LB / ACRE,21.0,21.0,94.0,94.0,70.0
2004,ATASCOSA,1047,LB / ACRE,21.0,21.0,89.0,89.0,74.0
2001,BROOKS,436,LB / ACRE,17.0,17.0,89.0,89.0,64.0
2003,DIMMIT,875,LB / ACRE,20.0,20.0,87.0,87.0,57.0
2001,DUVAL,480,LB / ACRE,17.0,17.0,89.0,89.0,64.0
2000,DUVAL,343,LB / ACRE,18.0,18.0,86.0,86.0,65.0
2024,FRIO,1416,LB / ACRE,18.0,100.0,96.0,5.0,50.0
2021,FRIO,1286,LB / ACRE,17.0,17.0,96.0,6.0,54.0
2019,FRIO,1422,LB / ACRE,13.0,13.0,95.0,7.0,48.0
2018,FRIO,1135,LB / ACRE,15.0,15.0,95.0,8.0,51.0
2017,FRIO,1627,LB / ACRE,13.0,13.0,97.0,3.0,52.0
2016,FRIO,1370,LB / ACRE,11.0,11.0,98.0,2.0,44.0
2011,FRIO,1440,LB / ACRE,14.0,14.0,94.0,94.0,65.0
2008,FRIO,1280,LB / ACRE,21.0,21.0,94.0,94.0,56.0
2007,FRIO,1222,LB / ACRE,20.0,20.0,95.0,95.0,55.0
2006,FRIO,960,LB / ACRE,24.0,24.0,95.0,95.0,73.0
2005,FRIO,1107,LB / ACRE,21.0,21.0,94.0,94.0,70.0
2004,FRIO,997,LB / ACRE,21.0,21.0,89.0,89.0,74.0
2003,FRIO,1073,LB / ACRE,20.0,20.0,87.0,87.0,57.0
2002,FRIO,1008,LB / ACRE,18.0,18.0,87.0,8.0,66.0
2024,JIM WELLS,925,LB / ACRE,18.0,100.0,96.0,5.0,50.0
2023,JIM WELLS,353,LB / ACRE,20.0,100.0,93.0,93.0,50.0
2021,JIM WELLS,856,LB / ACRE,17.0,17.0,96.0,6.0,54.0
2020,JIM WELLS,595,LB / ACRE,18.0,18.0,95.0,5.0,63.0
2019,JIM WELLS,797,LB / ACRE,13.0,13.0,95.0,7.0,48.0
2018,JIM WELLS,647,LB / ACRE,15.0,15.0,95.0,8.0,51.0
2017,JIM WELLS,640,LB / ACRE,13.0,13.0,97.0,3.0,52.0
2015,JIM WELLS,655,LB / ACRE,9.0,100.0,97.0,0.0,46.0
2012,JIM WELLS,577,LB / ACRE,25.0,25.0,95.0,95.0,64.0
2011,JIM WELLS,613,LB / ACRE,14.0,14.0,94.0,94.0,65.0
2010,JIM WELLS,750,LB / ACRE,15.0,15.0,93.0,93.0,73.0
2008,JIM WELLS,315,LB / ACRE,21.0,21.0,94.0,94.0,56.0
2007,JIM WELLS,907,LB / ACRE,20.0,20.0,95.0,95.0,55.0
2006,JIM WELLS,643,LB / ACRE,24.0,24.0,95.0,95.0,73.0
2005,JIM WELLS,459,LB / ACRE,21.0,21.0,94.0,94.0,70.0
2004,JIM WELLS,746,LB / ACRE,21.0,21.0,89.0,89.0,74.0
2003,JIM WELLS,543,LB / ACRE,20.0,20.0,87.0,87.0,57.0
2002,JIM WELLS,619,LB / ACRE,18.0,18.0,87.0,8.0,66.0
2001,JIM WELLS,423,LB / ACRE,17.0,17.0,89.0,89.0,64.0
2000,JIM WELLS,622,LB / ACRE,18.0,18.0,86.0,86.0,65.0
2004,LA SALLE,816,LB / ACRE,21.0,21.0,89.0,89.0,74.0
2019,LIVE OAK,725,LB / ACRE,13.0,13.0,95.0,7.0,48.0
2011,LIVE OAK,501,LB / ACRE,14.0,14.0,94.0,94.0,65.0
2010,LIVE OAK,1091,LB / ACRE,15.0,15.0,93.0,93.0,73.0
2005,LIVE OAK,607,LB / ACRE,21.0,21.0,94.0,94.0,70.0
2004,LIVE OAK,763,LB / ACRE,21.0,21.0,89.0,89.0,74.0
2003,LIVE OAK,640,LB / ACRE,20.0,20.0,87.0,87.0,57.0
2002,LIVE OAK,560,LB / ACRE,18.0,18.0,87.0,8.0,66.0
2001,LIVE OAK,360,LB / ACRE,17.0,17.0,89.0,89.0,64.0
2000,LIVE OAK,502,LB / ACRE,18.0,18.0,86.0,86.0,65.0
2022,ZAVALA,1085,LB / ACRE,19.0,19.0,96.0,96.0,60.0
2020,ZAVALA,1364,LB / ACRE,18.0,18.0,95.0,5.0,63.0
2019,ZAVALA,1602,LB / ACRE,13.0,13.0,95.0,7.0,48.0
2018,ZAVALA,1541,LB / ACRE,15.0,15.0,95.0,8.0,51.0
2012,ZAVALA,1469,LB / ACRE,25.0,25.0,95.0,95.0,64.0
2011,ZAVALA,1018,LB / ACRE,14.0,14.0,94.0,94.0,65.0
2010,ZAVALA,1104,LB / ACRE,15.0,15.0,93.0,93.0,73.0
2008,ZAVALA,1056,LB / ACRE,21.0,21.0,94.0,94.0,56.0
2006,ZAVALA,1171,LB / ACRE,24.0,24.0,95.0,95.0,73.0
2005,ZAVALA,925,LB / ACRE,21.0,21.0,94.0,94.0,70.0
2004,ZAVALA,1047,LB / ACRE,21.0,21.0,89.0,89.0,74.0
2003,ZAVALA,982,LB / ACRE,20.0,20.0,87.0,87.0,57.0
2002,ZAVALA,915,LB / ACRE,18.0,18.0,87.0,8.0,66.0
2001,ZAVALA,857,LB / ACRE,17.0,17.0,89.0,89.0,64.0
2000,ZAVALA,672,LB / ACRE,18.0,18.0,86.0,86.0,65.0
2016,OTHER (COMBINED) COUNTIES,1100,LB / ACRE,11.0,11.0,98.0,2.0,44.0
2015,OTHER (COMBINED) COUNTIES,801,LB / ACRE,9.0,100.0,97.0,0.0,46.0
2014,OTHER (COMBINED) COUNTIES,1302,LB / ACRE,15.0,100.0,99.0,99.0,49.0
2013,OTHER (COMBINED) COUNTIES,1242,LB / ACRE,14.0,14.0,95.0,95.0,49.0
2012,OTHER (COMBINED) COUNTIES,655,LB / ACRE,25.0,25.0,95.0,95.0,64.0
2011,OTHER (COMBINED) COUNTIES,901,LB / ACRE,14.0,14.0,94.0,94.0,65.0
2009,OTHER (COMBINED) COUNTIES,925,LB / ACRE,19.0,19.0,93.0,93.0,74.0
2024,CAMERON,687,LB / ACRE,18.0,100.0,96.0,5.0,50.0
2023,CAMERON,675,LB / ACRE,20.0,100.0,93.0,93.0,50.0
2022,CAMERON,950,LB / ACRE,19.0,19.0,96.0,96.0,60.0
2021,CAMERON,764,LB / ACRE,17.0,17.0,96.0,6.0,54.0
2020,CAMERON,894,LB / ACRE,18.0,18.0,95.0,5.0,63.0
2019,CAMERON,586,LB / ACRE,13.0,13.0,95.0,7.0,48.0
2018,CAMERON,1035,LB / ACRE,15.0,15.0,95.0,8.0,51.0
2017,CAMERON,910,LB / ACRE,13.0,13.0,97.0,3.0,52.0
2016,CAMERON,1170,LB / ACRE,11.0,11.0,98.0,2.0,44.0
2015,CAMERON,1064,LB / ACRE,9.0,100.0,97.0,0.0,46.0
2014,CAMERON,1071,LB / ACRE,15.0,100.0,99.0,99.0,49.0
2013,CAMERON,1025,LB / ACRE,14.0,14.0,95.0,95.0,49.0
2012,CAMERON,878,LB / ACRE,25.0,25.0,95.0,95.0,64.0
2011,CAMERON,755,LB / ACRE,14.0,14.0,94.0,94.0,65.0
2010,CAMERON,735,LB / ACRE,15.0,15.0,93.0,93.0,73.0
2009,CAMERON,726,LB / ACRE,19.0,19.0,93.0,93.0,74.0
2008,CAMERON,424,LB / ACRE,21.0,21.0,94.0,94.0,56.0
2007,CAMERON,661,LB / ACRE,20.0,20.0,95.0,95.0,55.0
2006,CAMERON,636,LB / ACRE,24.0,24.0,95.0,95.0,73.0
2005,CAMERON,542,LB / ACRE,21.0,21.0,94.0,94.0,70.0
2004,CAMERON,725,LB / ACRE,21.0,21.0,89.0,89.0,74.0
2003,CAMERON,568,LB / ACRE,20.0,20.0,87.0,87.0,57.0
2002,CAMERON,486,LB / ACRE,18.0,18.0,87.0,8.0,66.0
2001,CAMERON,517,LB / ACRE,17.0,17.0,89.0,89.0,64.0
2000,CAMERON,628,LB / ACRE,18.0,18.0,86.0,86.0,65.0
2024,HIDALGO,518,LB / ACRE,18.0,100.0,96.0,5.0,50.0
2023,HIDALGO,715,LB / ACRE,20.0,100.0,93.0,93.0,50.0
2022,HIDALGO,1022,LB / ACRE,19.0,19.0,96.0,96.0,60.0
2021,HIDALGO,958,LB / ACRE,17.0,17.0,96.0,6.0,54.0
2019,HIDALGO,1151,LB / ACRE,13.0,13.0,95.0,7.0,48.0
2018,HIDALGO,990,LB / ACRE,15.0,15.0,95.0,8.0,51.0
2017,HIDALGO,1254,LB / ACRE,13.0,13.0,97.0,3.0,52.0
2016,HIDALGO,1310,LB / ACRE,11.0,11.0,98.0,2.0,44.0
2015,HIDALGO,1089,LB / ACRE,9.0,100.0,97.0,0.0,46.0
2012,HIDALGO,1097,LB / ACRE,25.0,25.0,95.0,95.0,64.0
2010,HIDALGO,979,LB / ACRE,15.0,15.0,93.0,93.0,73.0
2008,HIDALGO,443,LB / ACRE,21.0,21.0,94.0,94.0,56.0
2007,HIDALGO,800,LB / ACRE,20.0,20.0,95.0,95.0,55.0
2006,HIDALGO,812,LB / ACRE,24.0,24.0,95.0,95.0,73.0
2005,HIDALGO,734,LB / ACRE,21.0,21.0,94.0,94.0,70.0
2004,HIDALGO,874,LB / ACRE,21.0,21.0,89.0,89.0,74.0
2003,HIDALGO,655,LB / ACRE,20.0,20.0,87.0,87.0,57.0
2002,HIDALGO,688,LB / ACRE,18.0,18.0,87.0,8.0,66.0
2001,HIDALGO,693,LB / ACRE,17.0,17.0,89.0,89.0,64.0
2000,HIDALGO,646,LB / ACRE,18.0,18.0,86.0,86.0,65.0
2019,STARR,522,LB / ACRE,13.0,13.0,95.0,7.0,48.0
2018,STARR,684,LB / ACRE,15.0,15.0,95.0,8.0,51.0
2017,STARR,944,LB / ACRE,13.0,13.0,97.0,3.0,52.0
2006,STARR,0,LB / ACRE,24.0,24.0,95.0,95.0,73.0
2005,STARR,624,LB / ACRE,21.0,21.0,94.0,94.0,70.0
2004,STARR,677,LB / ACRE,21.0,21.0,89.0,89.0,74.0
2003,STARR,831,LB / ACRE,20.0,20.0,87.0,87.0,57.0
2002,STARR,576,LB / ACRE,18.0,18.0,87.0,8.0,66.0
2001,STARR,609,LB / ACRE,17.0,17.0,89.0,89.0,64.0
2000,STARR,267,LB / ACRE,18.0,18.0,86.0,86.0,65.0
2024,WILLACY,697,LB / ACRE,18.0,100.0,96.0,5.0,50.0
2023,WILLACY,679,LB / ACRE,20.0,100.0,93.0,93.0,50.0
2022,WILLACY,724,LB / ACRE,19.0,19.0,96.0,96.0,60.0
2021,WILLACY,833,LB / ACRE,17.0,17.0,96.0,6.0,54.0
2020,WILLACY,701,LB / ACRE,18.0,18.0,95.0,5.0,63.0
2019,WILLACY,787,LB / ACRE,13.0,13.0,95.0,7.0,48.0
2018,WILLACY,836,LB / ACRE,15.0,15.0,95.0,8.0,51.0
2017,WILLACY,853,LB / ACRE,13.0,13.0,97.0,3.0,52.0
2014,WILLACY,815,LB / ACRE,15.0,100.0,99.0,99.0,49.0
2013,WILLACY,405,LB / ACRE,14.0,14.0,95.0,95.0,49.0
2011,WILLACY,594,LB / ACRE,14.0,14.0,94.0,94.0,65.0
2010,WILLACY,812,LB / ACRE,15.0,15.0,93.0,93.0,73.0
2009,WILLACY,381,LB / ACRE,19.0,19.0,93.0,93.0,74.0
2008,WILLACY,320,LB / ACRE,21.0,21.0,94.0,94.0,56.0
2007,WILLACY,592,LB / ACRE,20.0,20.0,95.0,95.0,55.0
2006,WILLACY,532,LB / ACRE,24.0,24.0,95.0,95.0,73.0
2005,WILLACY,442,LB / ACRE,21.0,21.0,94.0,94.0,70.0
2004,WILLACY,850,LB / ACRE,21.0,21.0,89.0,89.0,74.0
2003,WILLACY,597,LB / ACRE,20.0,20.0,87.0,87.0,57.0
2002,WILLACY,382,LB / ACRE,18.0,18.0,87.0,8.0,66.0
2001,WILLACY,328,LB / ACRE,17.0,17.0,89.0,89.0,64.0
2000,WILLACY,610,LB / ACRE,18.0,18.0,86.0,86.0,65.0
2024,OTHER COUNTIES,664,LB / ACRE,18.0,100.0,96.0,5.0,50.0
2023,OTHER COUNTIES,601,LB / ACRE,20.0,100.0,93.0,93.0,50.0
2022,OTHER COUNTIES,667,LB / ACRE,19.0,19.0,96.0,96.0,60.0
2021,OTHER COUNTIES,737,LB / ACRE,17.0,17.0,96.0,6.0,54.0
2020,OTHER COUNTIES,787,LB / ACRE,18.0,18.0,95.0,5.0,63.0
